Investment, RootNode, BuildGen, 'C-Biomass_IGCC':2020, 0.0
Investment, RootNode, BuildGen, 'C-Biomass_IGCC':2030, 0.0
Investment, RootNode, BuildGen, 'C-Central_PV-1':2020, 0.0
Investment, RootNode, BuildGen, 'C-Central_PV-1':2030, 0.0
Investment, RootNode, BuildGen, 'C-Central_PV-2':2020, 0.0
Investment, RootNode, BuildGen, 'C-Central_PV-2':2030, 0.0
Investment, RootNode, BuildGen, 'C-Coal_IGCC':2020, 0.0
Investment, RootNode, BuildGen, 'C-Coal_IGCC':2030, 0.0
Investment, RootNode, BuildGen, 'C-Coal_ST':1985, 2.0
Investment, RootNode, BuildGen, 'C-Commercial_PV':2020, 0.0
Investment, RootNode, BuildGen, 'C-Commercial_PV':2030, 0.0
Investment, RootNode, BuildGen, 'C-NG_CC':2005, 2.0
Investment, RootNode, BuildGen, 'C-NG_CC':2020, 0.941092941116316
Investment, RootNode, BuildGen, 'C-NG_CC':2030, 5.95474237335989
Investment, RootNode, BuildGen, 'C-NG_GT':2005, 2.0
Investment, RootNode, BuildGen, 'C-NG_GT':2020, 0.0
Investment, RootNode, BuildGen, 'C-NG_GT':2030, 0.0
Investment, RootNode, BuildGen, 'C-Nuclear':2030, 0.0
Investment, RootNode, BuildGen, 'C-Residential_PV':2020, 0.0
Investment, RootNode, BuildGen, 'C-Residential_PV':2030, 0.0
Investment, RootNode, BuildGen, 'C-Wind-1':2020, -8.93539657646001e-15
Investment, RootNode, BuildGen, 'C-Wind-1':2030, 4.0000000000000036
Investment, RootNode, BuildGen, 'C-Wind-2':2020, 0.0
Investment, RootNode, BuildGen, 'C-Wind-2':2030, 3.0
Investment, RootNode, BuildGen, 'N-Biomass_IGCC':2020, 0.0
Investment, RootNode, BuildGen, 'N-Biomass_IGCC':2030, 0.0
Investment, RootNode, BuildGen, 'N-Biomass_IGCC_CCS':2030, 0.0
Investment, RootNode, BuildGen, 'N-Central_PV-1':2020, 0.0
Investment, RootNode, BuildGen, 'N-Central_PV-1':2030, 0.0
Investment, RootNode, BuildGen, 'N-Central_PV-2':2020, 0.0
Investment, RootNode, BuildGen, 'N-Central_PV-2':2030, 0.0
Investment, RootNode, BuildGen, 'N-Coal_IGCC':2020, 0.0
Investment, RootNode, BuildGen, 'N-Coal_IGCC':2030, 0.0
Investment, RootNode, BuildGen, 'N-Coal_IGCC_CCS':2030, 0.0
Investment, RootNode, BuildGen, 'N-Coal_ST':1995, 2.0
Investment, RootNode, BuildGen, 'N-Commercial_PV':2020, 0.0
Investment, RootNode, BuildGen, 'N-Commercial_PV':2030, 0.0
Investment, RootNode, BuildGen, 'N-Geothermal':2000, 1.0
Investment, RootNode, BuildGen, 'N-Geothermal':2020, 0.0
Investment, RootNode, BuildGen, 'N-Geothermal':2030, 0.0
Investment, RootNode, BuildGen, 'N-NG_CC':2008, 2.0
Investment, RootNode, BuildGen, 'N-NG_CC':2020, 0.0
Investment, RootNode, BuildGen, 'N-NG_CC':2030, 0.0
Investment, RootNode, BuildGen, 'N-NG_CC_CCS':2030, 0.0
Investment, RootNode, BuildGen, 'N-NG_GT':2009, 2.0
Investment, RootNode, BuildGen, 'N-NG_GT':2020, 0.0
Investment, RootNode, BuildGen, 'N-NG_GT':2030, 0.0
Investment, RootNode, BuildGen, 'N-Nuclear':2030, 0.0
Investment, RootNode, BuildGen, 'N-Residential_PV':2020, 0.0
Investment, RootNode, BuildGen, 'N-Residential_PV':2030, 0.0
Investment, RootNode, BuildGen, 'N-Wind-1':2020, 0.0
Investment, RootNode, BuildGen, 'N-Wind-1':2030, 4.0
Investment, RootNode, BuildGen, 'N-Wind-2':2020, 0.0
Investment, RootNode, BuildGen, 'N-Wind-2':2030, 1.0
Investment, RootNode, BuildGen, 'S-Biomass_IGCC':2020, 0.0
Investment, RootNode, BuildGen, 'S-Biomass_IGCC':2030, 0.0
Investment, RootNode, BuildGen, 'S-Biomass_IGCC_CCS':2030, 0.0
Investment, RootNode, BuildGen, 'S-Central_PV-1':2020, 0.0
Investment, RootNode, BuildGen, 'S-Central_PV-1':2030, 0.0
Investment, RootNode, BuildGen, 'S-Central_PV-2':2020, 0.0
Investment, RootNode, BuildGen, 'S-Central_PV-2':2030, 0.0
Investment, RootNode, BuildGen, 'S-Commercial_PV':2020, 0.0
Investment, RootNode, BuildGen, 'S-Commercial_PV':2030, 0.0
Investment, RootNode, BuildGen, 'S-Geothermal':1998, 3.0
Investment, RootNode, BuildGen, 'S-Geothermal':2020, 0.0
Investment, RootNode, BuildGen, 'S-Geothermal':2030, 0.0
Investment, RootNode, BuildGen, 'S-NG_CC':2000, 5.0
Investment, RootNode, BuildGen, 'S-NG_CC':2020, 0.0
Investment, RootNode, BuildGen, 'S-NG_CC':2030, -6.299137728369666e-16
Investment, RootNode, BuildGen, 'S-NG_CC_CCS':2030, 0.0
Investment, RootNode, BuildGen, 'S-NG_GT':1990, 3.0
Investment, RootNode, BuildGen, 'S-NG_GT':2002, 2.0
Investment, RootNode, BuildGen, 'S-NG_GT':2020, 0.0
Investment, RootNode, BuildGen, 'S-NG_GT':2030, 0.0
Investment, RootNode, BuildGen, 'S-Residential_PV':2020, 0.0
Investment, RootNode, BuildGen, 'S-Residential_PV':2030, 0.0
Investment, RootNode, BuildLocalTD, 'Central':2020, 0.723864836325238
Investment, RootNode, BuildLocalTD, 'Central':2030, 2.11193241816262
Investment, RootNode, BuildLocalTD, 'North':2020, 0.8357972544878569
Investment, RootNode, BuildLocalTD, 'North':2030, 2.11193241816262
Investment, RootNode, BuildLocalTD, 'South':2020, 1.05966209081309
Investment, RootNode, BuildLocalTD, 'South':2030, 2.11193241816262
Investment, RootNode, BuildTx, 'C-S':2020, 0.0
Investment, RootNode, BuildTx, 'C-S':2030, 2.70415206952527
Investment, RootNode, BuildTx, 'N-C':2020, 0.0
Investment, RootNode, BuildTx, 'N-C':2030, 0.0
Operation, HighFuelCosts, DispatchGen, 'C-Biomass_IGCC':1, 0.0
Operation, HighFuelCosts, DispatchGen, 'C-Biomass_IGCC':2, 0.0
Operation, HighFuelCosts, DispatchGen, 'C-Biomass_IGCC':3, 0.0
Operation, HighFuelCosts, DispatchGen, 'C-Biomass_IGCC':4, 0.0
Operation, HighFuelCosts, DispatchGen, 'C-Biomass_IGCC':5, 0.0
Operation, HighFuelCosts, DispatchGen, 'C-Biomass_IGCC':6, 0.0
Operation, HighFuelCosts, DispatchGen, 'C-Biomass_IGCC':7, 0.0
Operation, HighFuelCosts, DispatchGen, 'C-Central_PV-1':1, 0.0
Operation, HighFuelCosts, DispatchGen, 'C-Central_PV-1':2, 0.0
Operation, HighFuelCosts, DispatchGen, 'C-Central_PV-1':3, 0.0
Operation, HighFuelCosts, DispatchGen, 'C-Central_PV-1':4, 0.0
Operation, HighFuelCosts, DispatchGen, 'C-Central_PV-1':5, 0.0
Operation, HighFuelCosts, DispatchGen, 'C-Central_PV-1':6, 0.0
Operation, HighFuelCosts, DispatchGen, 'C-Central_PV-1':7, 0.0
Operation, HighFuelCosts, DispatchGen, 'C-Central_PV-2':1, 0.0
Operation, HighFuelCosts, DispatchGen, 'C-Central_PV-2':2, 0.0
Operation, HighFuelCosts, DispatchGen, 'C-Central_PV-2':3, 0.0
Operation, HighFuelCosts, DispatchGen, 'C-Central_PV-2':4, 0.0
Operation, HighFuelCosts, DispatchGen, 'C-Central_PV-2':5, 0.0
Operation, HighFuelCosts, DispatchGen, 'C-Central_PV-2':6, 0.0
Operation, HighFuelCosts, DispatchGen, 'C-Central_PV-2':7, 0.0
Operation, HighFuelCosts, DispatchGen, 'C-Coal_IGCC':1, 0.0
Operation, HighFuelCosts, DispatchGen, 'C-Coal_IGCC':2, 0.0
Operation, HighFuelCosts, DispatchGen, 'C-Coal_IGCC':3, 0.0
Operation, HighFuelCosts, DispatchGen, 'C-Coal_IGCC':4, 0.0
Operation, HighFuelCosts, DispatchGen, 'C-Coal_IGCC':5, 0.0
Operation, HighFuelCosts, DispatchGen, 'C-Coal_IGCC':6, 0.0
Operation, HighFuelCosts, DispatchGen, 'C-Coal_IGCC':7, 0.0
Operation, HighFuelCosts, DispatchGen, 'C-Coal_ST':1, 1.8
Operation, HighFuelCosts, DispatchGen, 'C-Coal_ST':2, 1.8
Operation, HighFuelCosts, DispatchGen, 'C-Coal_ST':3, 1.80000000000001
Operation, HighFuelCosts, DispatchGen, 'C-Coal_ST':4, 1.8
Operation, HighFuelCosts, DispatchGen, 'C-Coal_ST':5, 1.8
Operation, HighFuelCosts, DispatchGen, 'C-Coal_ST':6, 1.8
Operation, HighFuelCosts, DispatchGen, 'C-Commercial_PV':1, 0.0
Operation, HighFuelCosts, DispatchGen, 'C-Commercial_PV':2, 0.0
Operation, HighFuelCosts, DispatchGen, 'C-Commercial_PV':3, 0.0
Operation, HighFuelCosts, DispatchGen, 'C-Commercial_PV':4, 0.0
Operation, HighFuelCosts, DispatchGen, 'C-Commercial_PV':5, 0.0
Operation, HighFuelCosts, DispatchGen, 'C-Commercial_PV':6, 0.0
Operation, HighFuelCosts, DispatchGen, 'C-Commercial_PV':7, 0.0
Operation, HighFuelCosts, DispatchGen, 'C-NG_CC':1, 2.76462736464934
Operation, HighFuelCosts, DispatchGen, 'C-NG_CC':2, 1.36789862724393
Operation, HighFuelCosts, DispatchGen, 'C-NG_CC':3, 2.10904834317802
Operation, HighFuelCosts, DispatchGen, 'C-NG_CC':4, 1.68468848996833
Operation, HighFuelCosts, DispatchGen, 'C-NG_CC':5, 2.26362992793593
Operation, HighFuelCosts, DispatchGen, 'C-NG_CC':6, 2.76462736464934
Operation, HighFuelCosts, DispatchGen, 'C-NG_CC':7, 6.482085195607631
Operation, HighFuelCosts, DispatchGen, 'C-NG_GT':1, 0.0
Operation, HighFuelCosts, DispatchGen, 'C-NG_GT':2, 0.0
Operation, HighFuelCosts, DispatchGen, 'C-NG_GT':3, 0.0
Operation, HighFuelCosts, DispatchGen, 'C-NG_GT':4, 0.0
Operation, HighFuelCosts, DispatchGen, 'C-NG_GT':5, 0.0
Operation, HighFuelCosts, DispatchGen, 'C-NG_GT':6, 0.801705387434516
Operation, HighFuelCosts, DispatchGen, 'C-NG_GT':7, 0.0
Operation, HighFuelCosts, DispatchGen, 'C-Nuclear':7, 0.0
Operation, HighFuelCosts, DispatchGen, 'C-Residential_PV':1, 0.0
Operation, HighFuelCosts, DispatchGen, 'C-Residential_PV':2, 0.0
Operation, HighFuelCosts, DispatchGen, 'C-Residential_PV':3, 0.0
Operation, HighFuelCosts, DispatchGen, 'C-Residential_PV':4, 0.0
Operation, HighFuelCosts, DispatchGen, 'C-Residential_PV':5, 0.0
Operation, HighFuelCosts, DispatchGen, 'C-Residential_PV':6, 0.0
Operation, HighFuelCosts, DispatchGen, 'C-Residential_PV':7, 0.0
Operation, HighFuelCosts, DispatchGen, 'C-Wind-1':1, -5.86197757002083e-15
Operation, HighFuelCosts, DispatchGen, 'C-Wind-1':2, -3.5527136788005005e-15
Operation, HighFuelCosts, DispatchGen, 'C-Wind-1':3, -6.483702463810911e-15
Operation, HighFuelCosts, DispatchGen, 'C-Wind-1':4, -4.44089209850063e-15
Operation, HighFuelCosts, DispatchGen, 'C-Wind-1':5, -1.95399252334028e-15
Operation, HighFuelCosts, DispatchGen, 'C-Wind-1':6, -4.44089209850063e-16
Operation, HighFuelCosts, DispatchGen, 'C-Wind-1':7, 3.18079999999999
Operation, HighFuelCosts, DispatchGen, 'C-Wind-2':1, 0.0
Operation, HighFuelCosts, DispatchGen, 'C-Wind-2':2, 0.0
Operation, HighFuelCosts, DispatchGen, 'C-Wind-2':3, 0.0
Operation, HighFuelCosts, DispatchGen, 'C-Wind-2':4, 0.0
Operation, HighFuelCosts, DispatchGen, 'C-Wind-2':5, 0.0
Operation, HighFuelCosts, DispatchGen, 'C-Wind-2':6, 0.0
Operation, HighFuelCosts, DispatchGen, 'C-Wind-2':7, 2.56452
Operation, HighFuelCosts, DispatchGen, 'N-Biomass_IGCC':1, 0.0
Operation, HighFuelCosts, DispatchGen, 'N-Biomass_IGCC':2, 0.0
Operation, HighFuelCosts, DispatchGen, 'N-Biomass_IGCC':3, 0.0
Operation, HighFuelCosts, DispatchGen, 'N-Biomass_IGCC':4, 0.0
Operation, HighFuelCosts, DispatchGen, 'N-Biomass_IGCC':5, 0.0
Operation, HighFuelCosts, DispatchGen, 'N-Biomass_IGCC':6, 0.0
Operation, HighFuelCosts, DispatchGen, 'N-Biomass_IGCC':7, 0.0
Operation, HighFuelCosts, DispatchGen, 'N-Biomass_IGCC_CCS':7, 0.0
Operation, HighFuelCosts, DispatchGen, 'N-Central_PV-1':1, 0.0
Operation, HighFuelCosts, DispatchGen, 'N-Central_PV-1':2, 0.0
Operation, HighFuelCosts, DispatchGen, 'N-Central_PV-1':3, 0.0
Operation, HighFuelCosts, DispatchGen, 'N-Central_PV-1':4, 0.0
Operation, HighFuelCosts, DispatchGen, 'N-Central_PV-1':5, 0.0
Operation, HighFuelCosts, DispatchGen, 'N-Central_PV-1':6, 0.0
Operation, HighFuelCosts, DispatchGen, 'N-Central_PV-1':7, 0.0
Operation, HighFuelCosts, DispatchGen, 'N-Central_PV-2':1, 0.0
Operation, HighFuelCosts, DispatchGen, 'N-Central_PV-2':2, 0.0
Operation, HighFuelCosts, DispatchGen, 'N-Central_PV-2':3, 0.0
Operation, HighFuelCosts, DispatchGen, 'N-Central_PV-2':4, 0.0
Operation, HighFuelCosts, DispatchGen, 'N-Central_PV-2':5, 0.0
Operation, HighFuelCosts, DispatchGen, 'N-Central_PV-2':6, 0.0
Operation, HighFuelCosts, DispatchGen, 'N-Central_PV-2':7, 0.0
Operation, HighFuelCosts, DispatchGen, 'N-Coal_IGCC':1, 0.0
Operation, HighFuelCosts, DispatchGen, 'N-Coal_IGCC':2, 0.0
Operation, HighFuelCosts, DispatchGen, 'N-Coal_IGCC':3, 0.0
Operation, HighFuelCosts, DispatchGen, 'N-Coal_IGCC':4, 0.0
Operation, HighFuelCosts, DispatchGen, 'N-Coal_IGCC':5, 0.0
Operation, HighFuelCosts, DispatchGen, 'N-Coal_IGCC':6, 0.0
Operation, HighFuelCosts, DispatchGen, 'N-Coal_IGCC':7, 0.0
Operation, HighFuelCosts, DispatchGen, 'N-Coal_IGCC_CCS':7, 0.0
Operation, HighFuelCosts, DispatchGen, 'N-Coal_ST':1, 1.8
Operation, HighFuelCosts, DispatchGen, 'N-Coal_ST':2, 1.8
Operation, HighFuelCosts, DispatchGen, 'N-Coal_ST':3, 1.8
Operation, HighFuelCosts, DispatchGen, 'N-Coal_ST':4, 1.8
Operation, HighFuelCosts, DispatchGen, 'N-Coal_ST':5, 1.8
Operation, HighFuelCosts, DispatchGen, 'N-Coal_ST':6, 1.8
Operation, HighFuelCosts, DispatchGen, 'N-Coal_ST':7, 0.8314192500000082
Operation, HighFuelCosts, DispatchGen, 'N-Commercial_PV':1, 0.0
Operation, HighFuelCosts, DispatchGen, 'N-Commercial_PV':2, 0.0
Operation, HighFuelCosts, DispatchGen, 'N-Commercial_PV':3, 0.0
Operation, HighFuelCosts, DispatchGen, 'N-Commercial_PV':4, 0.0
Operation, HighFuelCosts, DispatchGen, 'N-Commercial_PV':5, 0.0
Operation, HighFuelCosts, DispatchGen, 'N-Commercial_PV':6, 0.0
Operation, HighFuelCosts, DispatchGen, 'N-Commercial_PV':7, 0.0
Operation, HighFuelCosts, DispatchGen, 'N-Geothermal':1, 0.96858075
Operation, HighFuelCosts, DispatchGen, 'N-Geothermal':2, 0.96858075
Operation, HighFuelCosts, DispatchGen, 'N-Geothermal':3, 0.96858075
Operation, HighFuelCosts, DispatchGen, 'N-Geothermal':4, 0.96858075
Operation, HighFuelCosts, DispatchGen, 'N-Geothermal':5, 0.96858075
Operation, HighFuelCosts, DispatchGen, 'N-Geothermal':6, 0.96858075
Operation, HighFuelCosts, DispatchGen, 'N-Geothermal':7, 0.968580749999997
Operation, HighFuelCosts, DispatchGen, 'N-NG_CC':1, 1.88
Operation, HighFuelCosts, DispatchGen, 'N-NG_CC':2, 1.45528408632524
Operation, HighFuelCosts, DispatchGen, 'N-NG_CC':3, 1.88
Operation, HighFuelCosts, DispatchGen, 'N-NG_CC':4, 1.6664773281415
Operation, HighFuelCosts, DispatchGen, 'N-NG_CC':5, 1.45528408632524
Operation, HighFuelCosts, DispatchGen, 'N-NG_CC':6, 1.88
Operation, HighFuelCosts, DispatchGen, 'N-NG_CC':7, 1.88
Operation, HighFuelCosts, DispatchGen, 'N-NG_CC_CCS':7, 0.0
Operation, HighFuelCosts, DispatchGen, 'N-NG_GT':1, 0.0
Operation, HighFuelCosts, DispatchGen, 'N-NG_GT':2, 0.0
Operation, HighFuelCosts, DispatchGen, 'N-NG_GT':3, 0.0
Operation, HighFuelCosts, DispatchGen, 'N-NG_GT':4, 0.0
Operation, HighFuelCosts, DispatchGen, 'N-NG_GT':5, 0.0
Operation, HighFuelCosts, DispatchGen, 'N-NG_GT':6, 1.68721650448786
Operation, HighFuelCosts, DispatchGen, 'N-NG_GT':7, 0.0
Operation, HighFuelCosts, DispatchGen, 'N-Nuclear':7, 0.0
Operation, HighFuelCosts, DispatchGen, 'N-Residential_PV':1, 0.0
Operation, HighFuelCosts, DispatchGen, 'N-Residential_PV':2, 0.0
Operation, HighFuelCosts, DispatchGen, 'N-Residential_PV':3, 0.0
Operation, HighFuelCosts, DispatchGen, 'N-Residential_PV':4, 0.0
Operation, HighFuelCosts, DispatchGen, 'N-Residential_PV':5, 0.0
Operation, HighFuelCosts, DispatchGen, 'N-Residential_PV':6, 0.0
Operation, HighFuelCosts, DispatchGen, 'N-Residential_PV':7, 0.0
Operation, HighFuelCosts, DispatchGen, 'N-Wind-1':1, 0.0
Operation, HighFuelCosts, DispatchGen, 'N-Wind-1':2, 0.0
Operation, HighFuelCosts, DispatchGen, 'N-Wind-1':3, 0.0
Operation, HighFuelCosts, DispatchGen, 'N-Wind-1':4, 0.0
Operation, HighFuelCosts, DispatchGen, 'N-Wind-1':5, 0.0
Operation, HighFuelCosts, DispatchGen, 'N-Wind-1':6, 0.0
Operation, HighFuelCosts, DispatchGen, 'N-Wind-1':7, 3.1808000000000005
Operation, HighFuelCosts, DispatchGen, 'N-Wind-2':1, 0.0
Operation, HighFuelCosts, DispatchGen, 'N-Wind-2':2, 0.0
Operation, HighFuelCosts, DispatchGen, 'N-Wind-2':3, 0.0
Operation, HighFuelCosts, DispatchGen, 'N-Wind-2':4, 0.0
Operation, HighFuelCosts, DispatchGen, 'N-Wind-2':5, 0.0
Operation, HighFuelCosts, DispatchGen, 'N-Wind-2':6, 0.0
Operation, HighFuelCosts, DispatchGen, 'N-Wind-2':7, 0.86478
Operation, HighFuelCosts, DispatchGen, 'S-Biomass_IGCC':1, 0.0
Operation, HighFuelCosts, DispatchGen, 'S-Biomass_IGCC':2, 0.0
Operation, HighFuelCosts, DispatchGen, 'S-Biomass_IGCC':3, 0.0
Operation, HighFuelCosts, DispatchGen, 'S-Biomass_IGCC':4, 0.0
Operation, HighFuelCosts, DispatchGen, 'S-Biomass_IGCC':5, 0.0
Operation, HighFuelCosts, DispatchGen, 'S-Biomass_IGCC':6, 0.0
Operation, HighFuelCosts, DispatchGen, 'S-Biomass_IGCC':7, 0.0
Operation, HighFuelCosts, DispatchGen, 'S-Biomass_IGCC_CCS':7, 0.0
Operation, HighFuelCosts, DispatchGen, 'S-Central_PV-1':1, 0.0
Operation, HighFuelCosts, DispatchGen, 'S-Central_PV-1':2, 0.0
Operation, HighFuelCosts, DispatchGen, 'S-Central_PV-1':3, 0.0
Operation, HighFuelCosts, DispatchGen, 'S-Central_PV-1':4, 0.0
Operation, HighFuelCosts, DispatchGen, 'S-Central_PV-1':5, 0.0
Operation, HighFuelCosts, DispatchGen, 'S-Central_PV-1':6, 0.0
Operation, HighFuelCosts, DispatchGen, 'S-Central_PV-1':7, 0.0
Operation, HighFuelCosts, DispatchGen, 'S-Central_PV-2':1, 0.0
Operation, HighFuelCosts, DispatchGen, 'S-Central_PV-2':2, 0.0
Operation, HighFuelCosts, DispatchGen, 'S-Central_PV-2':3, 0.0
Operation, HighFuelCosts, DispatchGen, 'S-Central_PV-2':4, 0.0
Operation, HighFuelCosts, DispatchGen, 'S-Central_PV-2':5, 0.0
Operation, HighFuelCosts, DispatchGen, 'S-Central_PV-2':6, 0.0
Operation, HighFuelCosts, DispatchGen, 'S-Central_PV-2':7, 0.0
Operation, HighFuelCosts, DispatchGen, 'S-Commercial_PV':1, 0.0
Operation, HighFuelCosts, DispatchGen, 'S-Commercial_PV':2, 0.0
Operation, HighFuelCosts, DispatchGen, 'S-Commercial_PV':3, 0.0
Operation, HighFuelCosts, DispatchGen, 'S-Commercial_PV':4, 0.0
Operation, HighFuelCosts, DispatchGen, 'S-Commercial_PV':5, 0.0
Operation, HighFuelCosts, DispatchGen, 'S-Commercial_PV':6, 0.0
Operation, HighFuelCosts, DispatchGen, 'S-Commercial_PV':7, 0.0
Operation, HighFuelCosts, DispatchGen, 'S-Geothermal':1, 2.90574225
Operation, HighFuelCosts, DispatchGen, 'S-Geothermal':2, 2.90574225
Operation, HighFuelCosts, DispatchGen, 'S-Geothermal':3, 2.90574225
Operation, HighFuelCosts, DispatchGen, 'S-Geothermal':4, 2.90574225
Operation, HighFuelCosts, DispatchGen, 'S-Geothermal':5, 2.90574225
Operation, HighFuelCosts, DispatchGen, 'S-Geothermal':6, 2.90574225
Operation, HighFuelCosts, DispatchGen, 'S-Geothermal':7, 2.90574225
Operation, HighFuelCosts, DispatchGen, 'S-NG_CC':1, 3.43005500448786
Operation, HighFuelCosts, DispatchGen, 'S-NG_CC':2, 4.48602121356917
Operation, HighFuelCosts, DispatchGen, 'S-NG_CC':3, 3.9580381090285104
Operation, HighFuelCosts, DispatchGen, 'S-NG_CC':4, 4.69721445538543
Operation, HighFuelCosts, DispatchGen, 'S-NG_CC':5, 4.7
Operation, HighFuelCosts, DispatchGen, 'S-NG_CC':6, 4.7
Operation, HighFuelCosts, DispatchGen, 'S-NG_CC':7, 0.0
Operation, HighFuelCosts, DispatchGen, 'S-NG_CC_CCS':7, 0.0
Operation, HighFuelCosts, DispatchGen, 'S-NG_GT':1, 0.0
Operation, HighFuelCosts, DispatchGen, 'S-NG_GT':2, 0.0
Operation, HighFuelCosts, DispatchGen, 'S-NG_GT':3, 0.0
Operation, HighFuelCosts, DispatchGen, 'S-NG_GT':4, 0.0
Operation, HighFuelCosts, DispatchGen, 'S-NG_GT':5, 0.0
Operation, HighFuelCosts, DispatchGen, 'S-NG_GT':6, 1.88
Operation, HighFuelCosts, DispatchGen, 'S-NG_GT':7, 0.0
Operation, HighFuelCosts, DispatchGen, 'S-Residential_PV':1, 0.0
Operation, HighFuelCosts, DispatchGen, 'S-Residential_PV':2, 0.0
Operation, HighFuelCosts, DispatchGen, 'S-Residential_PV':3, 0.0
Operation, HighFuelCosts, DispatchGen, 'S-Residential_PV':4, 0.0
Operation, HighFuelCosts, DispatchGen, 'S-Residential_PV':5, 0.0
Operation, HighFuelCosts, DispatchGen, 'S-Residential_PV':6, 0.0
Operation, HighFuelCosts, DispatchGen, 'S-Residential_PV':7, 0.0
Operation, HighFuelCosts, GenFuelUseRate, 'C-Biomass_IGCC':1:'BioSolid', 0.0
Operation, HighFuelCosts, GenFuelUseRate, 'C-Biomass_IGCC':2:'BioSolid', 0.0
Operation, HighFuelCosts, GenFuelUseRate, 'C-Biomass_IGCC':3:'BioSolid', 0.0
Operation, HighFuelCosts, GenFuelUseRate, 'C-Biomass_IGCC':4:'BioSolid', 0.0
Operation, HighFuelCosts, GenFuelUseRate, 'C-Biomass_IGCC':5:'BioSolid', 0.0
Operation, HighFuelCosts, GenFuelUseRate, 'C-Biomass_IGCC':6:'BioSolid', 0.0
Operation, HighFuelCosts, GenFuelUseRate, 'C-Biomass_IGCC':7:'BioSolid', 0.0
Operation, HighFuelCosts, GenFuelUseRate, 'C-Coal_IGCC':1:'Coal', 0.0
Operation, HighFuelCosts, GenFuelUseRate, 'C-Coal_IGCC':2:'Coal', 0.0
Operation, HighFuelCosts, GenFuelUseRate, 'C-Coal_IGCC':3:'Coal', 0.0
Operation, HighFuelCosts, GenFuelUseRate, 'C-Coal_IGCC':4:'Coal', 0.0
Operation, HighFuelCosts, GenFuelUseRate, 'C-Coal_IGCC':5:'Coal', 0.0
Operation, HighFuelCosts, GenFuelUseRate, 'C-Coal_IGCC':6:'Coal', 0.0
Operation, HighFuelCosts, GenFuelUseRate, 'C-Coal_IGCC':7:'Coal', 0.0
Operation, HighFuelCosts, GenFuelUseRate, 'C-Coal_ST':1:'Coal', 17.1
Operation, HighFuelCosts, GenFuelUseRate, 'C-Coal_ST':2:'Coal', 17.1
Operation, HighFuelCosts, GenFuelUseRate, 'C-Coal_ST':3:'Coal', 17.1000000000001
Operation, HighFuelCosts, GenFuelUseRate, 'C-Coal_ST':4:'Coal', 17.1
Operation, HighFuelCosts, GenFuelUseRate, 'C-Coal_ST':5:'Coal', 17.1
Operation, HighFuelCosts, GenFuelUseRate, 'C-Coal_ST':6:'Coal', 17.1
Operation, HighFuelCosts, GenFuelUseRate, 'C-NG_CC':1:'NaturalGas', 18.5368264799738
Operation, HighFuelCosts, GenFuelUseRate, 'C-NG_CC':2:'NaturalGas', 9.17176029567056
Operation, HighFuelCosts, GenFuelUseRate, 'C-NG_CC':3:'NaturalGas', 14.1411691410086
Operation, HighFuelCosts, GenFuelUseRate, 'C-NG_CC':4:'NaturalGas', 11.2958363252376
Operation, HighFuelCosts, GenFuelUseRate, 'C-NG_CC':5:'NaturalGas', 15.177638666810402
Operation, HighFuelCosts, GenFuelUseRate, 'C-NG_CC':6:'NaturalGas', 18.5368264799738
Operation, HighFuelCosts, GenFuelUseRate, 'C-NG_CC':7:'NaturalGas', 43.4623812365492
Operation, HighFuelCosts, GenFuelUseRate, 'C-NG_GT':1:'NaturalGas', 0.0
Operation, HighFuelCosts, GenFuelUseRate, 'C-NG_GT':2:'NaturalGas', 0.0
Operation, HighFuelCosts, GenFuelUseRate, 'C-NG_GT':3:'NaturalGas', 0.0
Operation, HighFuelCosts, GenFuelUseRate, 'C-NG_GT':4:'NaturalGas', 0.0
Operation, HighFuelCosts, GenFuelUseRate, 'C-NG_GT':5:'NaturalGas', 0.0
Operation, HighFuelCosts, GenFuelUseRate, 'C-NG_GT':6:'NaturalGas', 8.32971897544462
Operation, HighFuelCosts, GenFuelUseRate, 'C-NG_GT':7:'NaturalGas', 0.0
Operation, HighFuelCosts, GenFuelUseRate, 'C-Nuclear':7:'Uranium', 0.0
Operation, HighFuelCosts, GenFuelUseRate, 'N-Biomass_IGCC':1:'BioSolid', 0.0
Operation, HighFuelCosts, GenFuelUseRate, 'N-Biomass_IGCC':2:'BioSolid', 0.0
Operation, HighFuelCosts, GenFuelUseRate, 'N-Biomass_IGCC':3:'BioSolid', 0.0
Operation, HighFuelCosts, GenFuelUseRate, 'N-Biomass_IGCC':4:'BioSolid', 0.0
Operation, HighFuelCosts, GenFuelUseRate, 'N-Biomass_IGCC':5:'BioSolid', 0.0
Operation, HighFuelCosts, GenFuelUseRate, 'N-Biomass_IGCC':6:'BioSolid', 0.0
Operation, HighFuelCosts, GenFuelUseRate, 'N-Biomass_IGCC':7:'BioSolid', 0.0
Operation, HighFuelCosts, GenFuelUseRate, 'N-Biomass_IGCC_CCS':7:'BioSolid', 0.0
Operation, HighFuelCosts, GenFuelUseRate, 'N-Coal_IGCC':1:'Coal', 0.0
Operation, HighFuelCosts, GenFuelUseRate, 'N-Coal_IGCC':2:'Coal', 0.0
Operation, HighFuelCosts, GenFuelUseRate, 'N-Coal_IGCC':3:'Coal', 0.0
Operation, HighFuelCosts, GenFuelUseRate, 'N-Coal_IGCC':4:'Coal', 0.0
Operation, HighFuelCosts, GenFuelUseRate, 'N-Coal_IGCC':5:'Coal', 0.0
Operation, HighFuelCosts, GenFuelUseRate, 'N-Coal_IGCC':6:'Coal', 0.0
Operation, HighFuelCosts, GenFuelUseRate, 'N-Coal_IGCC':7:'Coal', 0.0
Operation, HighFuelCosts, GenFuelUseRate, 'N-Coal_IGCC_CCS':7:'Coal', 0.0
Operation, HighFuelCosts, GenFuelUseRate, 'N-Coal_ST':1:'Coal', 16.2
Operation, HighFuelCosts, GenFuelUseRate, 'N-Coal_ST':2:'Coal', 16.2
Operation, HighFuelCosts, GenFuelUseRate, 'N-Coal_ST':3:'Coal', 16.2
Operation, HighFuelCosts, GenFuelUseRate, 'N-Coal_ST':4:'Coal', 16.2
Operation, HighFuelCosts, GenFuelUseRate, 'N-Coal_ST':5:'Coal', 16.2
Operation, HighFuelCosts, GenFuelUseRate, 'N-Coal_ST':6:'Coal', 16.2
Operation, HighFuelCosts, GenFuelUseRate, 'N-Coal_ST':7:'Coal', 7.48277325000007
Operation, HighFuelCosts, GenFuelUseRate, 'N-NG_CC':1:'NaturalGas', 12.6054
Operation, HighFuelCosts, GenFuelUseRate, 'N-NG_CC':2:'NaturalGas', 9.75767979881072
Operation, HighFuelCosts, GenFuelUseRate, 'N-NG_CC':3:'NaturalGas', 12.6054
Operation, HighFuelCosts, GenFuelUseRate, 'N-NG_CC':4:'NaturalGas', 11.1737304851888
Operation, HighFuelCosts, GenFuelUseRate, 'N-NG_CC':5:'NaturalGas', 9.75767979881072
Operation, HighFuelCosts, GenFuelUseRate, 'N-NG_CC':6:'NaturalGas', 12.6054
Operation, HighFuelCosts, GenFuelUseRate, 'N-NG_CC':7:'NaturalGas', 12.6054
Operation, HighFuelCosts, GenFuelUseRate, 'N-NG_CC_CCS':7:'NaturalGas', 0.0
Operation, HighFuelCosts, GenFuelUseRate, 'N-NG_GT':1:'NaturalGas', 0.0
Operation, HighFuelCosts, GenFuelUseRate, 'N-NG_GT':2:'NaturalGas', 0.0
Operation, HighFuelCosts, GenFuelUseRate, 'N-NG_GT':3:'NaturalGas', 0.0
Operation, HighFuelCosts, GenFuelUseRate, 'N-NG_GT':4:'NaturalGas', 0.0
Operation, HighFuelCosts, GenFuelUseRate, 'N-NG_GT':5:'NaturalGas', 0.0
Operation, HighFuelCosts, GenFuelUseRate, 'N-NG_GT':6:'NaturalGas', 17.5301794816288
Operation, HighFuelCosts, GenFuelUseRate, 'N-NG_GT':7:'NaturalGas', 0.0
Operation, HighFuelCosts, GenFuelUseRate, 'N-Nuclear':7:'Uranium', 0.0
Operation, HighFuelCosts, GenFuelUseRate, 'S-Biomass_IGCC':1:'BioSolid', 0.0
Operation, HighFuelCosts, GenFuelUseRate, 'S-Biomass_IGCC':2:'BioSolid', 0.0
Operation, HighFuelCosts, GenFuelUseRate, 'S-Biomass_IGCC':3:'BioSolid', 0.0
Operation, HighFuelCosts, GenFuelUseRate, 'S-Biomass_IGCC':4:'BioSolid', 0.0
Operation, HighFuelCosts, GenFuelUseRate, 'S-Biomass_IGCC':5:'BioSolid', 0.0
Operation, HighFuelCosts, GenFuelUseRate, 'S-Biomass_IGCC':6:'BioSolid', 0.0
Operation, HighFuelCosts, GenFuelUseRate, 'S-Biomass_IGCC':7:'BioSolid', 0.0
Operation, HighFuelCosts, GenFuelUseRate, 'S-Biomass_IGCC_CCS':7:'BioSolid', 0.0
Operation, HighFuelCosts, GenFuelUseRate, 'S-NG_CC':1:'NaturalGas', 22.9985188050911
Operation, HighFuelCosts, GenFuelUseRate, 'S-NG_CC':2:'NaturalGas', 30.0787722369813
Operation, HighFuelCosts, GenFuelUseRate, 'S-NG_CC':3:'NaturalGas', 26.5386455210362
Operation, HighFuelCosts, GenFuelUseRate, 'S-NG_CC':4:'NaturalGas', 31.4948229233593
Operation, HighFuelCosts, GenFuelUseRate, 'S-NG_CC':5:'NaturalGas', 31.513500000000004
Operation, HighFuelCosts, GenFuelUseRate, 'S-NG_CC':6:'NaturalGas', 31.513500000000004
Operation, HighFuelCosts, GenFuelUseRate, 'S-NG_CC':7:'NaturalGas', 0.0
Operation, HighFuelCosts, GenFuelUseRate, 'S-NG_CC_CCS':7:'NaturalGas', 0.0
Operation, HighFuelCosts, GenFuelUseRate, 'S-NG_GT':1:'NaturalGas', 0.0
Operation, HighFuelCosts, GenFuelUseRate, 'S-NG_GT':2:'NaturalGas', 0.0
Operation, HighFuelCosts, GenFuelUseRate, 'S-NG_GT':3:'NaturalGas', 0.0
Operation, HighFuelCosts, GenFuelUseRate, 'S-NG_GT':4:'NaturalGas', 0.0
Operation, HighFuelCosts, GenFuelUseRate, 'S-NG_GT':5:'NaturalGas', 0.0
Operation, HighFuelCosts, GenFuelUseRate, 'S-NG_GT':6:'NaturalGas', 19.5332
Operation, HighFuelCosts, GenFuelUseRate, 'S-NG_GT':7:'NaturalGas', 0.0
Operation, LowFuelCosts, DispatchGen, 'C-Biomass_IGCC':1, 0.0
Operation, LowFuelCosts, DispatchGen, 'C-Biomass_IGCC':2, 0.0
Operation, LowFuelCosts, DispatchGen, 'C-Biomass_IGCC':3, 0.0
Operation, LowFuelCosts, DispatchGen, 'C-Biomass_IGCC':4, 0.0
Operation, LowFuelCosts, DispatchGen, 'C-Biomass_IGCC':5, 0.0
Operation, LowFuelCosts, DispatchGen, 'C-Biomass_IGCC':6, 0.0
Operation, LowFuelCosts, DispatchGen, 'C-Biomass_IGCC':7, 0.0
Operation, LowFuelCosts, DispatchGen, 'C-Central_PV-1':1, 0.0
Operation, LowFuelCosts, DispatchGen, 'C-Central_PV-1':2, 0.0
Operation, LowFuelCosts, DispatchGen, 'C-Central_PV-1':3, 0.0
Operation, LowFuelCosts, DispatchGen, 'C-Central_PV-1':4, 0.0
Operation, LowFuelCosts, DispatchGen, 'C-Central_PV-1':5, 0.0
Operation, LowFuelCosts, DispatchGen, 'C-Central_PV-1':6, 0.0
Operation, LowFuelCosts, DispatchGen, 'C-Central_PV-1':7, 0.0
Operation, LowFuelCosts, DispatchGen, 'C-Central_PV-2':1, 0.0
Operation, LowFuelCosts, DispatchGen, 'C-Central_PV-2':2, 0.0
Operation, LowFuelCosts, DispatchGen, 'C-Central_PV-2':3, 0.0
Operation, LowFuelCosts, DispatchGen, 'C-Central_PV-2':4, 0.0
Operation, LowFuelCosts, DispatchGen, 'C-Central_PV-2':5, 0.0
Operation, LowFuelCosts, DispatchGen, 'C-Central_PV-2':6, 0.0
Operation, LowFuelCosts, DispatchGen, 'C-Central_PV-2':7, 0.0
Operation, LowFuelCosts, DispatchGen, 'C-Coal_IGCC':1, 0.0
Operation, LowFuelCosts, DispatchGen, 'C-Coal_IGCC':2, 0.0
Operation, LowFuelCosts, DispatchGen, 'C-Coal_IGCC':3, 0.0
Operation, LowFuelCosts, DispatchGen, 'C-Coal_IGCC':4, 0.0
Operation, LowFuelCosts, DispatchGen, 'C-Coal_IGCC':5, 0.0
Operation, LowFuelCosts, DispatchGen, 'C-Coal_IGCC':6, 0.0
Operation, LowFuelCosts, DispatchGen, 'C-Coal_IGCC':7, 0.0
Operation, LowFuelCosts, DispatchGen, 'C-Coal_ST':1, 1.8
Operation, LowFuelCosts, DispatchGen, 'C-Coal_ST':2, 1.8
Operation, LowFuelCosts, DispatchGen, 'C-Coal_ST':3, 1.8
Operation, LowFuelCosts, DispatchGen, 'C-Coal_ST':4, 1.8
Operation, LowFuelCosts, DispatchGen, 'C-Coal_ST':5, 1.8
Operation, LowFuelCosts, DispatchGen, 'C-Coal_ST':6, 1.8
Operation, LowFuelCosts, DispatchGen, 'C-Commercial_PV':1, 0.0
Operation, LowFuelCosts, DispatchGen, 'C-Commercial_PV':2, 0.0
Operation, LowFuelCosts, DispatchGen, 'C-Commercial_PV':3, 0.0
Operation, LowFuelCosts, DispatchGen, 'C-Commercial_PV':4, 0.0
Operation, LowFuelCosts, DispatchGen, 'C-Commercial_PV':5, 0.0
Operation, LowFuelCosts, DispatchGen, 'C-Commercial_PV':6, 0.0
Operation, LowFuelCosts, DispatchGen, 'C-Commercial_PV':7, 0.0
Operation, LowFuelCosts, DispatchGen, 'C-NG_CC':1, 2.76462736464934
Operation, LowFuelCosts, DispatchGen, 'C-NG_CC':2, 1.36789862724393
Operation, LowFuelCosts, DispatchGen, 'C-NG_CC':3, 2.10904834317803
Operation, LowFuelCosts, DispatchGen, 'C-NG_CC':4, 1.6846884899683299
Operation, LowFuelCosts, DispatchGen, 'C-NG_CC':5, 2.26362992793593
Operation, LowFuelCosts, DispatchGen, 'C-NG_CC':6, 2.76462736464934
Operation, LowFuelCosts, DispatchGen, 'C-NG_CC':7, 6.48208519560763
Operation, LowFuelCosts, DispatchGen, 'C-NG_GT':1, 0.0
Operation, LowFuelCosts, DispatchGen, 'C-NG_GT':2, 0.0
Operation, LowFuelCosts, DispatchGen, 'C-NG_GT':3, 0.0
Operation, LowFuelCosts, DispatchGen, 'C-NG_GT':4, 0.0
Operation, LowFuelCosts, DispatchGen, 'C-NG_GT':5, 0.0
Operation, LowFuelCosts, DispatchGen, 'C-NG_GT':6, 0.801705387434514
Operation, LowFuelCosts, DispatchGen, 'C-NG_GT':7, 0.0
Operation, LowFuelCosts, DispatchGen, 'C-Nuclear':7, 0.0
Operation, LowFuelCosts, DispatchGen, 'C-Residential_PV':1, 0.0
Operation, LowFuelCosts, DispatchGen, 'C-Residential_PV':2, 0.0
Operation, LowFuelCosts, DispatchGen, 'C-Residential_PV':3, 0.0
Operation, LowFuelCosts, DispatchGen, 'C-Residential_PV':4, 0.0
Operation, LowFuelCosts, DispatchGen, 'C-Residential_PV':5, 0.0
Operation, LowFuelCosts, DispatchGen, 'C-Residential_PV':6, 0.0
Operation, LowFuelCosts, DispatchGen, 'C-Residential_PV':7, 0.0
Operation, LowFuelCosts, DispatchGen, 'C-Wind-1':1, -5.861977570020829e-15
Operation, LowFuelCosts, DispatchGen, 'C-Wind-1':2, -3.5527136788005e-15
Operation, LowFuelCosts, DispatchGen, 'C-Wind-1':3, -6.48370246381091e-15
Operation, LowFuelCosts, DispatchGen, 'C-Wind-1':4, -4.44089209850063e-15
Operation, LowFuelCosts, DispatchGen, 'C-Wind-1':5, -1.95399252334028e-15
Operation, LowFuelCosts, DispatchGen, 'C-Wind-1':6, -4.44089209850063e-16
Operation, LowFuelCosts, DispatchGen, 'C-Wind-1':7, 3.1808
Operation, LowFuelCosts, DispatchGen, 'C-Wind-2':1, 0.0
Operation, LowFuelCosts, DispatchGen, 'C-Wind-2':2, 0.0
Operation, LowFuelCosts, DispatchGen, 'C-Wind-2':3, 0.0
Operation, LowFuelCosts, DispatchGen, 'C-Wind-2':4, 0.0
Operation, LowFuelCosts, DispatchGen, 'C-Wind-2':5, 0.0
Operation, LowFuelCosts, DispatchGen, 'C-Wind-2':6, 0.0
Operation, LowFuelCosts, DispatchGen, 'C-Wind-2':7, 2.56452
Operation, LowFuelCosts, DispatchGen, 'N-Biomass_IGCC':1, 0.0
Operation, LowFuelCosts, DispatchGen, 'N-Biomass_IGCC':2, 0.0
Operation, LowFuelCosts, DispatchGen, 'N-Biomass_IGCC':3, 0.0
Operation, LowFuelCosts, DispatchGen, 'N-Biomass_IGCC':4, 0.0
Operation, LowFuelCosts, DispatchGen, 'N-Biomass_IGCC':5, 0.0
Operation, LowFuelCosts, DispatchGen, 'N-Biomass_IGCC':6, 0.0
Operation, LowFuelCosts, DispatchGen, 'N-Biomass_IGCC':7, 0.0
Operation, LowFuelCosts, DispatchGen, 'N-Biomass_IGCC_CCS':7, 0.0
Operation, LowFuelCosts, DispatchGen, 'N-Central_PV-1':1, 0.0
Operation, LowFuelCosts, DispatchGen, 'N-Central_PV-1':2, 0.0
Operation, LowFuelCosts, DispatchGen, 'N-Central_PV-1':3, 0.0
Operation, LowFuelCosts, DispatchGen, 'N-Central_PV-1':4, 0.0
Operation, LowFuelCosts, DispatchGen, 'N-Central_PV-1':5, 0.0
Operation, LowFuelCosts, DispatchGen, 'N-Central_PV-1':6, 0.0
Operation, LowFuelCosts, DispatchGen, 'N-Central_PV-1':7, 0.0
Operation, LowFuelCosts, DispatchGen, 'N-Central_PV-2':1, 0.0
Operation, LowFuelCosts, DispatchGen, 'N-Central_PV-2':2, 0.0
Operation, LowFuelCosts, DispatchGen, 'N-Central_PV-2':3, 0.0
Operation, LowFuelCosts, DispatchGen, 'N-Central_PV-2':4, 0.0
Operation, LowFuelCosts, DispatchGen, 'N-Central_PV-2':5, 0.0
Operation, LowFuelCosts, DispatchGen, 'N-Central_PV-2':6, 0.0
Operation, LowFuelCosts, DispatchGen, 'N-Central_PV-2':7, 0.0
Operation, LowFuelCosts, DispatchGen, 'N-Coal_IGCC':1, 0.0
Operation, LowFuelCosts, DispatchGen, 'N-Coal_IGCC':2, 0.0
Operation, LowFuelCosts, DispatchGen, 'N-Coal_IGCC':3, 0.0
Operation, LowFuelCosts, DispatchGen, 'N-Coal_IGCC':4, 0.0
Operation, LowFuelCosts, DispatchGen, 'N-Coal_IGCC':5, 0.0
Operation, LowFuelCosts, DispatchGen, 'N-Coal_IGCC':6, 0.0
Operation, LowFuelCosts, DispatchGen, 'N-Coal_IGCC':7, 0.0
Operation, LowFuelCosts, DispatchGen, 'N-Coal_IGCC_CCS':7, 0.0
Operation, LowFuelCosts, DispatchGen, 'N-Coal_ST':1, 1.8
Operation, LowFuelCosts, DispatchGen, 'N-Coal_ST':2, 1.8
Operation, LowFuelCosts, DispatchGen, 'N-Coal_ST':3, 1.8
Operation, LowFuelCosts, DispatchGen, 'N-Coal_ST':4, 1.8
Operation, LowFuelCosts, DispatchGen, 'N-Coal_ST':5, 1.8
Operation, LowFuelCosts, DispatchGen, 'N-Coal_ST':6, 1.8
Operation, LowFuelCosts, DispatchGen, 'N-Coal_ST':7, 1.8
Operation, LowFuelCosts, DispatchGen, 'N-Commercial_PV':1, 0.0
Operation, LowFuelCosts, DispatchGen, 'N-Commercial_PV':2, 0.0
Operation, LowFuelCosts, DispatchGen, 'N-Commercial_PV':3, 0.0
Operation, LowFuelCosts, DispatchGen, 'N-Commercial_PV':4, 0.0
Operation, LowFuelCosts, DispatchGen, 'N-Commercial_PV':5, 0.0
Operation, LowFuelCosts, DispatchGen, 'N-Commercial_PV':6, 0.0
Operation, LowFuelCosts, DispatchGen, 'N-Commercial_PV':7, 0.0
Operation, LowFuelCosts, DispatchGen, 'N-Geothermal':1, 0.9685807499999999
Operation, LowFuelCosts, DispatchGen, 'N-Geothermal':2, 0.9685807499999999
Operation, LowFuelCosts, DispatchGen, 'N-Geothermal':3, 0.9685807499999999
Operation, LowFuelCosts, DispatchGen, 'N-Geothermal':4, 0.9685807499999999
Operation, LowFuelCosts, DispatchGen, 'N-Geothermal':5, 0.9685807499999999
Operation, LowFuelCosts, DispatchGen, 'N-Geothermal':6, 0.9685807499999999
Operation, LowFuelCosts, DispatchGen, 'N-Geothermal':7, 0.0
Operation, LowFuelCosts, DispatchGen, 'N-NG_CC':1, 1.88
Operation, LowFuelCosts, DispatchGen, 'N-NG_CC':2, 1.45528408632524
Operation, LowFuelCosts, DispatchGen, 'N-NG_CC':3, 1.88
Operation, LowFuelCosts, DispatchGen, 'N-NG_CC':4, 1.6664773281414997
Operation, LowFuelCosts, DispatchGen, 'N-NG_CC':5, 1.45528408632524
Operation, LowFuelCosts, DispatchGen, 'N-NG_CC':6, 1.88
Operation, LowFuelCosts, DispatchGen, 'N-NG_CC':7, 1.88
Operation, LowFuelCosts, DispatchGen, 'N-NG_CC_CCS':7, 0.0
Operation, LowFuelCosts, DispatchGen, 'N-NG_GT':1, 0.0
Operation, LowFuelCosts, DispatchGen, 'N-NG_GT':2, 0.0
Operation, LowFuelCosts, DispatchGen, 'N-NG_GT':3, 0.0
Operation, LowFuelCosts, DispatchGen, 'N-NG_GT':4, 0.0
Operation, LowFuelCosts, DispatchGen, 'N-NG_GT':5, 0.0
Operation, LowFuelCosts, DispatchGen, 'N-NG_GT':6, 1.6872165044878598
Operation, LowFuelCosts, DispatchGen, 'N-NG_GT':7, 0.0
Operation, LowFuelCosts, DispatchGen, 'N-Nuclear':7, 0.0
Operation, LowFuelCosts, DispatchGen, 'N-Residential_PV':1, 0.0
Operation, LowFuelCosts, DispatchGen, 'N-Residential_PV':2, 0.0
Operation, LowFuelCosts, DispatchGen, 'N-Residential_PV':3, 0.0
Operation, LowFuelCosts, DispatchGen, 'N-Residential_PV':4, 0.0
Operation, LowFuelCosts, DispatchGen, 'N-Residential_PV':5, 0.0
Operation, LowFuelCosts, DispatchGen, 'N-Residential_PV':6, 0.0
Operation, LowFuelCosts, DispatchGen, 'N-Residential_PV':7, 0.0
Operation, LowFuelCosts, DispatchGen, 'N-Wind-1':1, 0.0
Operation, LowFuelCosts, DispatchGen, 'N-Wind-1':2, 0.0
Operation, LowFuelCosts, DispatchGen, 'N-Wind-1':3, 0.0
Operation, LowFuelCosts, DispatchGen, 'N-Wind-1':4, 0.0
Operation, LowFuelCosts, DispatchGen, 'N-Wind-1':5, 0.0
Operation, LowFuelCosts, DispatchGen, 'N-Wind-1':6, 0.0
Operation, LowFuelCosts, DispatchGen, 'N-Wind-1':7, 3.1808
Operation, LowFuelCosts, DispatchGen, 'N-Wind-2':1, 0.0
Operation, LowFuelCosts, DispatchGen, 'N-Wind-2':2, 0.0
Operation, LowFuelCosts, DispatchGen, 'N-Wind-2':3, 0.0
Operation, LowFuelCosts, DispatchGen, 'N-Wind-2':4, 0.0
Operation, LowFuelCosts, DispatchGen, 'N-Wind-2':5, 0.0
Operation, LowFuelCosts, DispatchGen, 'N-Wind-2':6, 0.0
Operation, LowFuelCosts, DispatchGen, 'N-Wind-2':7, 0.8647799999999999
Operation, LowFuelCosts, DispatchGen, 'S-Biomass_IGCC':1, 0.0
Operation, LowFuelCosts, DispatchGen, 'S-Biomass_IGCC':2, 0.0
Operation, LowFuelCosts, DispatchGen, 'S-Biomass_IGCC':3, 0.0
Operation, LowFuelCosts, DispatchGen, 'S-Biomass_IGCC':4, 0.0
Operation, LowFuelCosts, DispatchGen, 'S-Biomass_IGCC':5, 0.0
Operation, LowFuelCosts, DispatchGen, 'S-Biomass_IGCC':6, 0.0
Operation, LowFuelCosts, DispatchGen, 'S-Biomass_IGCC':7, 0.0
Operation, LowFuelCosts, DispatchGen, 'S-Biomass_IGCC_CCS':7, 0.0
Operation, LowFuelCosts, DispatchGen, 'S-Central_PV-1':1, 0.0
Operation, LowFuelCosts, DispatchGen, 'S-Central_PV-1':2, 0.0
Operation, LowFuelCosts, DispatchGen, 'S-Central_PV-1':3, 0.0
Operation, LowFuelCosts, DispatchGen, 'S-Central_PV-1':4, 0.0
Operation, LowFuelCosts, DispatchGen, 'S-Central_PV-1':5, 0.0
Operation, LowFuelCosts, DispatchGen, 'S-Central_PV-1':6, 0.0
Operation, LowFuelCosts, DispatchGen, 'S-Central_PV-1':7, 0.0
Operation, LowFuelCosts, DispatchGen, 'S-Central_PV-2':1, 0.0
Operation, LowFuelCosts, DispatchGen, 'S-Central_PV-2':2, 0.0
Operation, LowFuelCosts, DispatchGen, 'S-Central_PV-2':3, 0.0
Operation, LowFuelCosts, DispatchGen, 'S-Central_PV-2':4, 0.0
Operation, LowFuelCosts, DispatchGen, 'S-Central_PV-2':5, 0.0
Operation, LowFuelCosts, DispatchGen, 'S-Central_PV-2':6, 0.0
Operation, LowFuelCosts, DispatchGen, 'S-Central_PV-2':7, 0.0
Operation, LowFuelCosts, DispatchGen, 'S-Commercial_PV':1, 0.0
Operation, LowFuelCosts, DispatchGen, 'S-Commercial_PV':2, 0.0
Operation, LowFuelCosts, DispatchGen, 'S-Commercial_PV':3, 0.0
Operation, LowFuelCosts, DispatchGen, 'S-Commercial_PV':4, 0.0
Operation, LowFuelCosts, DispatchGen, 'S-Commercial_PV':5, 0.0
Operation, LowFuelCosts, DispatchGen, 'S-Commercial_PV':6, 0.0
Operation, LowFuelCosts, DispatchGen, 'S-Commercial_PV':7, 0.0
Operation, LowFuelCosts, DispatchGen, 'S-Geothermal':1, 2.90574225
Operation, LowFuelCosts, DispatchGen, 'S-Geothermal':2, 2.90574225
Operation, LowFuelCosts, DispatchGen, 'S-Geothermal':3, 2.90574225
Operation, LowFuelCosts, DispatchGen, 'S-Geothermal':4, 2.90574225
Operation, LowFuelCosts, DispatchGen, 'S-Geothermal':5, 2.90574225
Operation, LowFuelCosts, DispatchGen, 'S-Geothermal':6, 2.90574225
Operation, LowFuelCosts, DispatchGen, 'S-Geothermal':7, 2.90574225
Operation, LowFuelCosts, DispatchGen, 'S-NG_CC':1, 3.4300550044878597
Operation, LowFuelCosts, DispatchGen, 'S-NG_CC':2, 4.48602121356917
Operation, LowFuelCosts, DispatchGen, 'S-NG_CC':3, 3.95803810902851
Operation, LowFuelCosts, DispatchGen, 'S-NG_CC':4, 4.69721445538543
Operation, LowFuelCosts, DispatchGen, 'S-NG_CC':5, 4.7
Operation, LowFuelCosts, DispatchGen, 'S-NG_CC':6, 4.7
Operation, LowFuelCosts, DispatchGen, 'S-NG_CC':7, 0.0
Operation, LowFuelCosts, DispatchGen, 'S-NG_CC_CCS':7, 0.0
Operation, LowFuelCosts, DispatchGen, 'S-NG_GT':1, 0.0
Operation, LowFuelCosts, DispatchGen, 'S-NG_GT':2, 0.0
Operation, LowFuelCosts, DispatchGen, 'S-NG_GT':3, 0.0
Operation, LowFuelCosts, DispatchGen, 'S-NG_GT':4, 0.0
Operation, LowFuelCosts, DispatchGen, 'S-NG_GT':5, 0.0
Operation, LowFuelCosts, DispatchGen, 'S-NG_GT':6, 1.88
Operation, LowFuelCosts, DispatchGen, 'S-NG_GT':7, 0.0
Operation, LowFuelCosts, DispatchGen, 'S-Residential_PV':1, 0.0
Operation, LowFuelCosts, DispatchGen, 'S-Residential_PV':2, 0.0
Operation, LowFuelCosts, DispatchGen, 'S-Residential_PV':3, 0.0
Operation, LowFuelCosts, DispatchGen, 'S-Residential_PV':4, 0.0
Operation, LowFuelCosts, DispatchGen, 'S-Residential_PV':5, 0.0
Operation, LowFuelCosts, DispatchGen, 'S-Residential_PV':6, 0.0
Operation, LowFuelCosts, DispatchGen, 'S-Residential_PV':7, 0.0
Operation, LowFuelCosts, GenFuelUseRate, 'C-Biomass_IGCC':1:'BioSolid', 0.0
Operation, LowFuelCosts, GenFuelUseRate, 'C-Biomass_IGCC':2:'BioSolid', 0.0
Operation, LowFuelCosts, GenFuelUseRate, 'C-Biomass_IGCC':3:'BioSolid', 0.0
Operation, LowFuelCosts, GenFuelUseRate, 'C-Biomass_IGCC':4:'BioSolid', 0.0
Operation, LowFuelCosts, GenFuelUseRate, 'C-Biomass_IGCC':5:'BioSolid', 0.0
Operation, LowFuelCosts, GenFuelUseRate, 'C-Biomass_IGCC':6:'BioSolid', 0.0
Operation, LowFuelCosts, GenFuelUseRate, 'C-Biomass_IGCC':7:'BioSolid', 0.0
Operation, LowFuelCosts, GenFuelUseRate, 'C-Coal_IGCC':1:'Coal', 0.0
Operation, LowFuelCosts, GenFuelUseRate, 'C-Coal_IGCC':2:'Coal', 0.0
Operation, LowFuelCosts, GenFuelUseRate, 'C-Coal_IGCC':3:'Coal', 0.0
Operation, LowFuelCosts, GenFuelUseRate, 'C-Coal_IGCC':4:'Coal', 0.0
Operation, LowFuelCosts, GenFuelUseRate, 'C-Coal_IGCC':5:'Coal', 0.0
Operation, LowFuelCosts, GenFuelUseRate, 'C-Coal_IGCC':6:'Coal', 0.0
Operation, LowFuelCosts, GenFuelUseRate, 'C-Coal_IGCC':7:'Coal', 0.0
Operation, LowFuelCosts, GenFuelUseRate, 'C-Coal_ST':1:'Coal', 17.1
Operation, LowFuelCosts, GenFuelUseRate, 'C-Coal_ST':2:'Coal', 17.1
Operation, LowFuelCosts, GenFuelUseRate, 'C-Coal_ST':3:'Coal', 17.1
Operation, LowFuelCosts, GenFuelUseRate, 'C-Coal_ST':4:'Coal', 17.1
Operation, LowFuelCosts, GenFuelUseRate, 'C-Coal_ST':5:'Coal', 17.1
Operation, LowFuelCosts, GenFuelUseRate, 'C-Coal_ST':6:'Coal', 17.1
Operation, LowFuelCosts, GenFuelUseRate, 'C-NG_CC':1:'NaturalGas', 18.5368264799738
Operation, LowFuelCosts, GenFuelUseRate, 'C-NG_CC':2:'NaturalGas', 9.17176029567056
Operation, LowFuelCosts, GenFuelUseRate, 'C-NG_CC':3:'NaturalGas', 14.141169141008698
Operation, LowFuelCosts, GenFuelUseRate, 'C-NG_CC':4:'NaturalGas', 11.2958363252376
Operation, LowFuelCosts, GenFuelUseRate, 'C-NG_CC':5:'NaturalGas', 15.1776386668104
Operation, LowFuelCosts, GenFuelUseRate, 'C-NG_CC':6:'NaturalGas', 18.5368264799738
Operation, LowFuelCosts, GenFuelUseRate, 'C-NG_CC':7:'NaturalGas', 43.4623812365492
Operation, LowFuelCosts, GenFuelUseRate, 'C-NG_GT':1:'NaturalGas', 0.0
Operation, LowFuelCosts, GenFuelUseRate, 'C-NG_GT':2:'NaturalGas', 0.0
Operation, LowFuelCosts, GenFuelUseRate, 'C-NG_GT':3:'NaturalGas', 0.0
Operation, LowFuelCosts, GenFuelUseRate, 'C-NG_GT':4:'NaturalGas', 0.0
Operation, LowFuelCosts, GenFuelUseRate, 'C-NG_GT':5:'NaturalGas', 0.0
Operation, LowFuelCosts, GenFuelUseRate, 'C-NG_GT':6:'NaturalGas', 8.3297189754446
Operation, LowFuelCosts, GenFuelUseRate, 'C-NG_GT':7:'NaturalGas', 0.0
Operation, LowFuelCosts, GenFuelUseRate, 'C-Nuclear':7:'Uranium', 0.0
Operation, LowFuelCosts, GenFuelUseRate, 'N-Biomass_IGCC':1:'BioSolid', 0.0
Operation, LowFuelCosts, GenFuelUseRate, 'N-Biomass_IGCC':2:'BioSolid', 0.0
Operation, LowFuelCosts, GenFuelUseRate, 'N-Biomass_IGCC':3:'BioSolid', 0.0
Operation, LowFuelCosts, GenFuelUseRate, 'N-Biomass_IGCC':4:'BioSolid', 0.0
Operation, LowFuelCosts, GenFuelUseRate, 'N-Biomass_IGCC':5:'BioSolid', 0.0
Operation, LowFuelCosts, GenFuelUseRate, 'N-Biomass_IGCC':6:'BioSolid', 0.0
Operation, LowFuelCosts, GenFuelUseRate, 'N-Biomass_IGCC':7:'BioSolid', 0.0
Operation, LowFuelCosts, GenFuelUseRate, 'N-Biomass_IGCC_CCS':7:'BioSolid', 0.0
Operation, LowFuelCosts, GenFuelUseRate, 'N-Coal_IGCC':1:'Coal', 0.0
Operation, LowFuelCosts, GenFuelUseRate, 'N-Coal_IGCC':2:'Coal', 0.0
Operation, LowFuelCosts, GenFuelUseRate, 'N-Coal_IGCC':3:'Coal', 0.0
Operation, LowFuelCosts, GenFuelUseRate, 'N-Coal_IGCC':4:'Coal', 0.0
Operation, LowFuelCosts, GenFuelUseRate, 'N-Coal_IGCC':5:'Coal', 0.0
Operation, LowFuelCosts, GenFuelUseRate, 'N-Coal_IGCC':6:'Coal', 0.0
Operation, LowFuelCosts, GenFuelUseRate, 'N-Coal_IGCC':7:'Coal', 0.0
Operation, LowFuelCosts, GenFuelUseRate, 'N-Coal_IGCC_CCS':7:'Coal', 0.0
Operation, LowFuelCosts, GenFuelUseRate, 'N-Coal_ST':1:'Coal', 16.2
Operation, LowFuelCosts, GenFuelUseRate, 'N-Coal_ST':2:'Coal', 16.2
Operation, LowFuelCosts, GenFuelUseRate, 'N-Coal_ST':3:'Coal', 16.2
Operation, LowFuelCosts, GenFuelUseRate, 'N-Coal_ST':4:'Coal', 16.2
Operation, LowFuelCosts, GenFuelUseRate, 'N-Coal_ST':5:'Coal', 16.2
Operation, LowFuelCosts, GenFuelUseRate, 'N-Coal_ST':6:'Coal', 16.2
Operation, LowFuelCosts, GenFuelUseRate, 'N-Coal_ST':7:'Coal', 16.2
Operation, LowFuelCosts, GenFuelUseRate, 'N-NG_CC':1:'NaturalGas', 12.6054
Operation, LowFuelCosts, GenFuelUseRate, 'N-NG_CC':2:'NaturalGas', 9.75767979881072
Operation, LowFuelCosts, GenFuelUseRate, 'N-NG_CC':3:'NaturalGas', 12.6054
Operation, LowFuelCosts, GenFuelUseRate, 'N-NG_CC':4:'NaturalGas', 11.1737304851888
Operation, LowFuelCosts, GenFuelUseRate, 'N-NG_CC':5:'NaturalGas', 9.75767979881072
Operation, LowFuelCosts, GenFuelUseRate, 'N-NG_CC':6:'NaturalGas', 12.6054
Operation, LowFuelCosts, GenFuelUseRate, 'N-NG_CC':7:'NaturalGas', 12.6054
Operation, LowFuelCosts, GenFuelUseRate, 'N-NG_CC_CCS':7:'NaturalGas', 0.0
Operation, LowFuelCosts, GenFuelUseRate, 'N-NG_GT':1:'NaturalGas', 0.0
Operation, LowFuelCosts, GenFuelUseRate, 'N-NG_GT':2:'NaturalGas', 0.0
Operation, LowFuelCosts, GenFuelUseRate, 'N-NG_GT':3:'NaturalGas', 0.0
Operation, LowFuelCosts, GenFuelUseRate, 'N-NG_GT':4:'NaturalGas', 0.0
Operation, LowFuelCosts, GenFuelUseRate, 'N-NG_GT':5:'NaturalGas', 0.0
Operation, LowFuelCosts, GenFuelUseRate, 'N-NG_GT':6:'NaturalGas', 17.5301794816288
Operation, LowFuelCosts, GenFuelUseRate, 'N-NG_GT':7:'NaturalGas', 0.0
Operation, LowFuelCosts, GenFuelUseRate, 'N-Nuclear':7:'Uranium', 0.0
Operation, LowFuelCosts, GenFuelUseRate, 'S-Biomass_IGCC':1:'BioSolid', 0.0
Operation, LowFuelCosts, GenFuelUseRate, 'S-Biomass_IGCC':2:'BioSolid', 0.0
Operation, LowFuelCosts, GenFuelUseRate, 'S-Biomass_IGCC':3:'BioSolid', 0.0
Operation, LowFuelCosts, GenFuelUseRate, 'S-Biomass_IGCC':4:'BioSolid', 0.0
Operation, LowFuelCosts, GenFuelUseRate, 'S-Biomass_IGCC':5:'BioSolid', 0.0
Operation, LowFuelCosts, GenFuelUseRate, 'S-Biomass_IGCC':6:'BioSolid', 0.0
Operation, LowFuelCosts, GenFuelUseRate, 'S-Biomass_IGCC':7:'BioSolid', 0.0
Operation, LowFuelCosts, GenFuelUseRate, 'S-Biomass_IGCC_CCS':7:'BioSolid', 0.0
Operation, LowFuelCosts, GenFuelUseRate, 'S-NG_CC':1:'NaturalGas', 22.9985188050911
Operation, LowFuelCosts, GenFuelUseRate, 'S-NG_CC':2:'NaturalGas', 30.0787722369813
Operation, LowFuelCosts, GenFuelUseRate, 'S-NG_CC':3:'NaturalGas', 26.538645521036198
Operation, LowFuelCosts, GenFuelUseRate, 'S-NG_CC':4:'NaturalGas', 31.4948229233593
Operation, LowFuelCosts, GenFuelUseRate, 'S-NG_CC':5:'NaturalGas', 31.5135
Operation, LowFuelCosts, GenFuelUseRate, 'S-NG_CC':6:'NaturalGas', 31.5135
Operation, LowFuelCosts, GenFuelUseRate, 'S-NG_CC':7:'NaturalGas', 0.0
Operation, LowFuelCosts, GenFuelUseRate, 'S-NG_CC_CCS':7:'NaturalGas', 0.0
Operation, LowFuelCosts, GenFuelUseRate, 'S-NG_GT':1:'NaturalGas', 0.0
Operation, LowFuelCosts, GenFuelUseRate, 'S-NG_GT':2:'NaturalGas', 0.0
Operation, LowFuelCosts, GenFuelUseRate, 'S-NG_GT':3:'NaturalGas', 0.0
Operation, LowFuelCosts, GenFuelUseRate, 'S-NG_GT':4:'NaturalGas', 0.0
Operation, LowFuelCosts, GenFuelUseRate, 'S-NG_GT':5:'NaturalGas', 0.0
Operation, LowFuelCosts, GenFuelUseRate, 'S-NG_GT':6:'NaturalGas', 19.5332
Operation, LowFuelCosts, GenFuelUseRate, 'S-NG_GT':7:'NaturalGas', 0.0
Operation, MediumFuelCosts, DispatchGen, 'C-Biomass_IGCC':1, 0.0
Operation, MediumFuelCosts, DispatchGen, 'C-Biomass_IGCC':2, 0.0
Operation, MediumFuelCosts, DispatchGen, 'C-Biomass_IGCC':3, 0.0
Operation, MediumFuelCosts, DispatchGen, 'C-Biomass_IGCC':4, 0.0
Operation, MediumFuelCosts, DispatchGen, 'C-Biomass_IGCC':5, 0.0
Operation, MediumFuelCosts, DispatchGen, 'C-Biomass_IGCC':6, 0.0
Operation, MediumFuelCosts, DispatchGen, 'C-Biomass_IGCC':7, 0.0
Operation, MediumFuelCosts, DispatchGen, 'C-Central_PV-1':1, 0.0
Operation, MediumFuelCosts, DispatchGen, 'C-Central_PV-1':2, 0.0
Operation, MediumFuelCosts, DispatchGen, 'C-Central_PV-1':3, 0.0
Operation, MediumFuelCosts, DispatchGen, 'C-Central_PV-1':4, 0.0
Operation, MediumFuelCosts, DispatchGen, 'C-Central_PV-1':5, 0.0
Operation, MediumFuelCosts, DispatchGen, 'C-Central_PV-1':6, 0.0
Operation, MediumFuelCosts, DispatchGen, 'C-Central_PV-1':7, 0.0
Operation, MediumFuelCosts, DispatchGen, 'C-Central_PV-2':1, 0.0
Operation, MediumFuelCosts, DispatchGen, 'C-Central_PV-2':2, 0.0
Operation, MediumFuelCosts, DispatchGen, 'C-Central_PV-2':3, 0.0
Operation, MediumFuelCosts, DispatchGen, 'C-Central_PV-2':4, 0.0
Operation, MediumFuelCosts, DispatchGen, 'C-Central_PV-2':5, 0.0
Operation, MediumFuelCosts, DispatchGen, 'C-Central_PV-2':6, 0.0
Operation, MediumFuelCosts, DispatchGen, 'C-Central_PV-2':7, 0.0
Operation, MediumFuelCosts, DispatchGen, 'C-Coal_IGCC':1, 0.0
Operation, MediumFuelCosts, DispatchGen, 'C-Coal_IGCC':2, 0.0
Operation, MediumFuelCosts, DispatchGen, 'C-Coal_IGCC':3, 0.0
Operation, MediumFuelCosts, DispatchGen, 'C-Coal_IGCC':4, 0.0
Operation, MediumFuelCosts, DispatchGen, 'C-Coal_IGCC':5, 0.0
Operation, MediumFuelCosts, DispatchGen, 'C-Coal_IGCC':6, 0.0
Operation, MediumFuelCosts, DispatchGen, 'C-Coal_IGCC':7, 0.0
Operation, MediumFuelCosts, DispatchGen, 'C-Coal_ST':1, 1.8
Operation, MediumFuelCosts, DispatchGen, 'C-Coal_ST':2, 1.8
Operation, MediumFuelCosts, DispatchGen, 'C-Coal_ST':3, 1.8
Operation, MediumFuelCosts, DispatchGen, 'C-Coal_ST':4, 1.8
Operation, MediumFuelCosts, DispatchGen, 'C-Coal_ST':5, 1.8
Operation, MediumFuelCosts, DispatchGen, 'C-Coal_ST':6, 1.8
Operation, MediumFuelCosts, DispatchGen, 'C-Commercial_PV':1, 0.0
Operation, MediumFuelCosts, DispatchGen, 'C-Commercial_PV':2, 0.0
Operation, MediumFuelCosts, DispatchGen, 'C-Commercial_PV':3, 0.0
Operation, MediumFuelCosts, DispatchGen, 'C-Commercial_PV':4, 0.0
Operation, MediumFuelCosts, DispatchGen, 'C-Commercial_PV':5, 0.0
Operation, MediumFuelCosts, DispatchGen, 'C-Commercial_PV':6, 0.0
Operation, MediumFuelCosts, DispatchGen, 'C-Commercial_PV':7, 0.0
Operation, MediumFuelCosts, DispatchGen, 'C-NG_CC':1, 2.76462736464934
Operation, MediumFuelCosts, DispatchGen, 'C-NG_CC':2, 1.36789862724393
Operation, MediumFuelCosts, DispatchGen, 'C-NG_CC':3, 2.10904834317803
Operation, MediumFuelCosts, DispatchGen, 'C-NG_CC':4, 1.6846884899683299
Operation, MediumFuelCosts, DispatchGen, 'C-NG_CC':5, 2.26362992793593
Operation, MediumFuelCosts, DispatchGen, 'C-NG_CC':6, 2.76462736464934
Operation, MediumFuelCosts, DispatchGen, 'C-NG_CC':7, 6.48208519560763
Operation, MediumFuelCosts, DispatchGen, 'C-NG_GT':1, 0.0
Operation, MediumFuelCosts, DispatchGen, 'C-NG_GT':2, 0.0
Operation, MediumFuelCosts, DispatchGen, 'C-NG_GT':3, 0.0
Operation, MediumFuelCosts, DispatchGen, 'C-NG_GT':4, 0.0
Operation, MediumFuelCosts, DispatchGen, 'C-NG_GT':5, 0.0
Operation, MediumFuelCosts, DispatchGen, 'C-NG_GT':6, 0.801705387434516
Operation, MediumFuelCosts, DispatchGen, 'C-NG_GT':7, 0.0
Operation, MediumFuelCosts, DispatchGen, 'C-Nuclear':7, 0.0
Operation, MediumFuelCosts, DispatchGen, 'C-Residential_PV':1, 0.0
Operation, MediumFuelCosts, DispatchGen, 'C-Residential_PV':2, 0.0
Operation, MediumFuelCosts, DispatchGen, 'C-Residential_PV':3, 0.0
Operation, MediumFuelCosts, DispatchGen, 'C-Residential_PV':4, 0.0
Operation, MediumFuelCosts, DispatchGen, 'C-Residential_PV':5, 0.0
Operation, MediumFuelCosts, DispatchGen, 'C-Residential_PV':6, 0.0
Operation, MediumFuelCosts, DispatchGen, 'C-Residential_PV':7, 0.0
Operation, MediumFuelCosts, DispatchGen, 'C-Wind-1':1, -5.861977570020829e-15
Operation, MediumFuelCosts, DispatchGen, 'C-Wind-1':2, -3.5527136788005e-15
Operation, MediumFuelCosts, DispatchGen, 'C-Wind-1':3, -6.48370246381091e-15
Operation, MediumFuelCosts, DispatchGen, 'C-Wind-1':4, -4.44089209850063e-15
Operation, MediumFuelCosts, DispatchGen, 'C-Wind-1':5, -1.95399252334028e-15
Operation, MediumFuelCosts, DispatchGen, 'C-Wind-1':6, -4.44089209850063e-16
Operation, MediumFuelCosts, DispatchGen, 'C-Wind-1':7, 3.1807999999999894
Operation, MediumFuelCosts, DispatchGen, 'C-Wind-2':1, 0.0
Operation, MediumFuelCosts, DispatchGen, 'C-Wind-2':2, 0.0
Operation, MediumFuelCosts, DispatchGen, 'C-Wind-2':3, 0.0
Operation, MediumFuelCosts, DispatchGen, 'C-Wind-2':4, 0.0
Operation, MediumFuelCosts, DispatchGen, 'C-Wind-2':5, 0.0
Operation, MediumFuelCosts, DispatchGen, 'C-Wind-2':6, 0.0
Operation, MediumFuelCosts, DispatchGen, 'C-Wind-2':7, 2.56452
Operation, MediumFuelCosts, DispatchGen, 'N-Biomass_IGCC':1, 0.0
Operation, MediumFuelCosts, DispatchGen, 'N-Biomass_IGCC':2, 0.0
Operation, MediumFuelCosts, DispatchGen, 'N-Biomass_IGCC':3, 0.0
Operation, MediumFuelCosts, DispatchGen, 'N-Biomass_IGCC':4, 0.0
Operation, MediumFuelCosts, DispatchGen, 'N-Biomass_IGCC':5, 0.0
Operation, MediumFuelCosts, DispatchGen, 'N-Biomass_IGCC':6, 0.0
Operation, MediumFuelCosts, DispatchGen, 'N-Biomass_IGCC':7, 0.0
Operation, MediumFuelCosts, DispatchGen, 'N-Biomass_IGCC_CCS':7, 0.0
Operation, MediumFuelCosts, DispatchGen, 'N-Central_PV-1':1, 0.0
Operation, MediumFuelCosts, DispatchGen, 'N-Central_PV-1':2, 0.0
Operation, MediumFuelCosts, DispatchGen, 'N-Central_PV-1':3, 0.0
Operation, MediumFuelCosts, DispatchGen, 'N-Central_PV-1':4, 0.0
Operation, MediumFuelCosts, DispatchGen, 'N-Central_PV-1':5, 0.0
Operation, MediumFuelCosts, DispatchGen, 'N-Central_PV-1':6, 0.0
Operation, MediumFuelCosts, DispatchGen, 'N-Central_PV-1':7, 0.0
Operation, MediumFuelCosts, DispatchGen, 'N-Central_PV-2':1, 0.0
Operation, MediumFuelCosts, DispatchGen, 'N-Central_PV-2':2, 0.0
Operation, MediumFuelCosts, DispatchGen, 'N-Central_PV-2':3, 0.0
Operation, MediumFuelCosts, DispatchGen, 'N-Central_PV-2':4, 0.0
Operation, MediumFuelCosts, DispatchGen, 'N-Central_PV-2':5, 0.0
Operation, MediumFuelCosts, DispatchGen, 'N-Central_PV-2':6, 0.0
Operation, MediumFuelCosts, DispatchGen, 'N-Central_PV-2':7, 0.0
Operation, MediumFuelCosts, DispatchGen, 'N-Coal_IGCC':1, 0.0
Operation, MediumFuelCosts, DispatchGen, 'N-Coal_IGCC':2, 0.0
Operation, MediumFuelCosts, DispatchGen, 'N-Coal_IGCC':3, 0.0
Operation, MediumFuelCosts, DispatchGen, 'N-Coal_IGCC':4, 0.0
Operation, MediumFuelCosts, DispatchGen, 'N-Coal_IGCC':5, 0.0
Operation, MediumFuelCosts, DispatchGen, 'N-Coal_IGCC':6, 0.0
Operation, MediumFuelCosts, DispatchGen, 'N-Coal_IGCC':7, 0.0
Operation, MediumFuelCosts, DispatchGen, 'N-Coal_IGCC_CCS':7, 0.0
Operation, MediumFuelCosts, DispatchGen, 'N-Coal_ST':1, 1.8
Operation, MediumFuelCosts, DispatchGen, 'N-Coal_ST':2, 1.8
Operation, MediumFuelCosts, DispatchGen, 'N-Coal_ST':3, 1.8
Operation, MediumFuelCosts, DispatchGen, 'N-Coal_ST':4, 1.8
Operation, MediumFuelCosts, DispatchGen, 'N-Coal_ST':5, 1.8
Operation, MediumFuelCosts, DispatchGen, 'N-Coal_ST':6, 1.8
Operation, MediumFuelCosts, DispatchGen, 'N-Coal_ST':7, 1.8
Operation, MediumFuelCosts, DispatchGen, 'N-Commercial_PV':1, 0.0
Operation, MediumFuelCosts, DispatchGen, 'N-Commercial_PV':2, 0.0
Operation, MediumFuelCosts, DispatchGen, 'N-Commercial_PV':3, 0.0
Operation, MediumFuelCosts, DispatchGen, 'N-Commercial_PV':4, 0.0
Operation, MediumFuelCosts, DispatchGen, 'N-Commercial_PV':5, 0.0
Operation, MediumFuelCosts, DispatchGen, 'N-Commercial_PV':6, 0.0
Operation, MediumFuelCosts, DispatchGen, 'N-Commercial_PV':7, 0.0
Operation, MediumFuelCosts, DispatchGen, 'N-Geothermal':1, 0.9685807499999999
Operation, MediumFuelCosts, DispatchGen, 'N-Geothermal':2, 0.9685807499999999
Operation, MediumFuelCosts, DispatchGen, 'N-Geothermal':3, 0.9685807499999999
Operation, MediumFuelCosts, DispatchGen, 'N-Geothermal':4, 0.9685807499999999
Operation, MediumFuelCosts, DispatchGen, 'N-Geothermal':5, 0.9685807499999999
Operation, MediumFuelCosts, DispatchGen, 'N-Geothermal':6, 0.9685807499999999
Operation, MediumFuelCosts, DispatchGen, 'N-Geothermal':7, 0.9685807499999999
Operation, MediumFuelCosts, DispatchGen, 'N-NG_CC':1, 1.88
Operation, MediumFuelCosts, DispatchGen, 'N-NG_CC':2, 1.45528408632524
Operation, MediumFuelCosts, DispatchGen, 'N-NG_CC':3, 1.88
Operation, MediumFuelCosts, DispatchGen, 'N-NG_CC':4, 1.6664773281414997
Operation, MediumFuelCosts, DispatchGen, 'N-NG_CC':5, 1.45528408632524
Operation, MediumFuelCosts, DispatchGen, 'N-NG_CC':6, 1.88
Operation, MediumFuelCosts, DispatchGen, 'N-NG_CC':7, 0.9114192500000079
Operation, MediumFuelCosts, DispatchGen, 'N-NG_CC_CCS':7, 0.0
Operation, MediumFuelCosts, DispatchGen, 'N-NG_GT':1, 0.0
Operation, MediumFuelCosts, DispatchGen, 'N-NG_GT':2, 0.0
Operation, MediumFuelCosts, DispatchGen, 'N-NG_GT':3, 0.0
Operation, MediumFuelCosts, DispatchGen, 'N-NG_GT':4, 0.0
Operation, MediumFuelCosts, DispatchGen, 'N-NG_GT':5, 0.0
Operation, MediumFuelCosts, DispatchGen, 'N-NG_GT':6, 1.6872165044878598
Operation, MediumFuelCosts, DispatchGen, 'N-NG_GT':7, 0.0
Operation, MediumFuelCosts, DispatchGen, 'N-Nuclear':7, 0.0
Operation, MediumFuelCosts, DispatchGen, 'N-Residential_PV':1, 0.0
Operation, MediumFuelCosts, DispatchGen, 'N-Residential_PV':2, 0.0
Operation, MediumFuelCosts, DispatchGen, 'N-Residential_PV':3, 0.0
Operation, MediumFuelCosts, DispatchGen, 'N-Residential_PV':4, 0.0
Operation, MediumFuelCosts, DispatchGen, 'N-Residential_PV':5, 0.0
Operation, MediumFuelCosts, DispatchGen, 'N-Residential_PV':6, 0.0
Operation, MediumFuelCosts, DispatchGen, 'N-Residential_PV':7, 0.0
Operation, MediumFuelCosts, DispatchGen, 'N-Wind-1':1, 0.0
Operation, MediumFuelCosts, DispatchGen, 'N-Wind-1':2, 0.0
Operation, MediumFuelCosts, DispatchGen, 'N-Wind-1':3, 0.0
Operation, MediumFuelCosts, DispatchGen, 'N-Wind-1':4, 0.0
Operation, MediumFuelCosts, DispatchGen, 'N-Wind-1':5, 0.0
Operation, MediumFuelCosts, DispatchGen, 'N-Wind-1':6, 0.0
Operation, MediumFuelCosts, DispatchGen, 'N-Wind-1':7, 3.1808
Operation, MediumFuelCosts, DispatchGen, 'N-Wind-2':1, 0.0
Operation, MediumFuelCosts, DispatchGen, 'N-Wind-2':2, 0.0
Operation, MediumFuelCosts, DispatchGen, 'N-Wind-2':3, 0.0
Operation, MediumFuelCosts, DispatchGen, 'N-Wind-2':4, 0.0
Operation, MediumFuelCosts, DispatchGen, 'N-Wind-2':5, 0.0
Operation, MediumFuelCosts, DispatchGen, 'N-Wind-2':6, 0.0
Operation, MediumFuelCosts, DispatchGen, 'N-Wind-2':7, 0.8647799999999999
Operation, MediumFuelCosts, DispatchGen, 'S-Biomass_IGCC':1, 2.08721928629529e-16
Operation, MediumFuelCosts, DispatchGen, 'S-Biomass_IGCC':2, 0.0
Operation, MediumFuelCosts, DispatchGen, 'S-Biomass_IGCC':3, 0.0
Operation, MediumFuelCosts, DispatchGen, 'S-Biomass_IGCC':4, 0.0
Operation, MediumFuelCosts, DispatchGen, 'S-Biomass_IGCC':5, 0.0
Operation, MediumFuelCosts, DispatchGen, 'S-Biomass_IGCC':6, 0.0
Operation, MediumFuelCosts, DispatchGen, 'S-Biomass_IGCC':7, 0.0
Operation, MediumFuelCosts, DispatchGen, 'S-Biomass_IGCC_CCS':7, 0.0
Operation, MediumFuelCosts, DispatchGen, 'S-Central_PV-1':1, 0.0
Operation, MediumFuelCosts, DispatchGen, 'S-Central_PV-1':2, 0.0
Operation, MediumFuelCosts, DispatchGen, 'S-Central_PV-1':3, 0.0
Operation, MediumFuelCosts, DispatchGen, 'S-Central_PV-1':4, 0.0
Operation, MediumFuelCosts, DispatchGen, 'S-Central_PV-1':5, 0.0
Operation, MediumFuelCosts, DispatchGen, 'S-Central_PV-1':6, 0.0
Operation, MediumFuelCosts, DispatchGen, 'S-Central_PV-1':7, 0.0
Operation, MediumFuelCosts, DispatchGen, 'S-Central_PV-2':1, 0.0
Operation, MediumFuelCosts, DispatchGen, 'S-Central_PV-2':2, 0.0
Operation, MediumFuelCosts, DispatchGen, 'S-Central_PV-2':3, 0.0
Operation, MediumFuelCosts, DispatchGen, 'S-Central_PV-2':4, 0.0
Operation, MediumFuelCosts, DispatchGen, 'S-Central_PV-2':5, 0.0
Operation, MediumFuelCosts, DispatchGen, 'S-Central_PV-2':6, 0.0
Operation, MediumFuelCosts, DispatchGen, 'S-Central_PV-2':7, 0.0
Operation, MediumFuelCosts, DispatchGen, 'S-Commercial_PV':1, 0.0
Operation, MediumFuelCosts, DispatchGen, 'S-Commercial_PV':2, 0.0
Operation, MediumFuelCosts, DispatchGen, 'S-Commercial_PV':3, 0.0
Operation, MediumFuelCosts, DispatchGen, 'S-Commercial_PV':4, 0.0
Operation, MediumFuelCosts, DispatchGen, 'S-Commercial_PV':5, 0.0
Operation, MediumFuelCosts, DispatchGen, 'S-Commercial_PV':6, 0.0
Operation, MediumFuelCosts, DispatchGen, 'S-Commercial_PV':7, 0.0
Operation, MediumFuelCosts, DispatchGen, 'S-Geothermal':1, 2.90574225
Operation, MediumFuelCosts, DispatchGen, 'S-Geothermal':2, 2.90574225
Operation, MediumFuelCosts, DispatchGen, 'S-Geothermal':3, 2.90574225
Operation, MediumFuelCosts, DispatchGen, 'S-Geothermal':4, 2.90574225
Operation, MediumFuelCosts, DispatchGen, 'S-Geothermal':5, 2.90574225
Operation, MediumFuelCosts, DispatchGen, 'S-Geothermal':6, 2.90574225
Operation, MediumFuelCosts, DispatchGen, 'S-Geothermal':7, 2.90574225
Operation, MediumFuelCosts, DispatchGen, 'S-NG_CC':1, 3.4300550044878597
Operation, MediumFuelCosts, DispatchGen, 'S-NG_CC':2, 4.48602121356917
Operation, MediumFuelCosts, DispatchGen, 'S-NG_CC':3, 3.95803810902851
Operation, MediumFuelCosts, DispatchGen, 'S-NG_CC':4, 4.69721445538543
Operation, MediumFuelCosts, DispatchGen, 'S-NG_CC':5, 4.7
Operation, MediumFuelCosts, DispatchGen, 'S-NG_CC':6, 4.7
Operation, MediumFuelCosts, DispatchGen, 'S-NG_CC':7, -1.77635683940025e-15
Operation, MediumFuelCosts, DispatchGen, 'S-NG_CC_CCS':7, 0.0
Operation, MediumFuelCosts, DispatchGen, 'S-NG_GT':1, 0.0
Operation, MediumFuelCosts, DispatchGen, 'S-NG_GT':2, 0.0
Operation, MediumFuelCosts, DispatchGen, 'S-NG_GT':3, 0.0
Operation, MediumFuelCosts, DispatchGen, 'S-NG_GT':4, 0.0
Operation, MediumFuelCosts, DispatchGen, 'S-NG_GT':5, 0.0
Operation, MediumFuelCosts, DispatchGen, 'S-NG_GT':6, 1.88
Operation, MediumFuelCosts, DispatchGen, 'S-NG_GT':7, 0.0
Operation, MediumFuelCosts, DispatchGen, 'S-Residential_PV':1, 0.0
Operation, MediumFuelCosts, DispatchGen, 'S-Residential_PV':2, 0.0
Operation, MediumFuelCosts, DispatchGen, 'S-Residential_PV':3, 0.0
Operation, MediumFuelCosts, DispatchGen, 'S-Residential_PV':4, 0.0
Operation, MediumFuelCosts, DispatchGen, 'S-Residential_PV':5, 0.0
Operation, MediumFuelCosts, DispatchGen, 'S-Residential_PV':6, 0.0
Operation, MediumFuelCosts, DispatchGen, 'S-Residential_PV':7, 0.0
Operation, MediumFuelCosts, GenFuelUseRate, 'C-Biomass_IGCC':1:'BioSolid', 0.0
Operation, MediumFuelCosts, GenFuelUseRate, 'C-Biomass_IGCC':2:'BioSolid', 0.0
Operation, MediumFuelCosts, GenFuelUseRate, 'C-Biomass_IGCC':3:'BioSolid', 0.0
Operation, MediumFuelCosts, GenFuelUseRate, 'C-Biomass_IGCC':4:'BioSolid', 0.0
Operation, MediumFuelCosts, GenFuelUseRate, 'C-Biomass_IGCC':5:'BioSolid', 0.0
Operation, MediumFuelCosts, GenFuelUseRate, 'C-Biomass_IGCC':6:'BioSolid', 0.0
Operation, MediumFuelCosts, GenFuelUseRate, 'C-Biomass_IGCC':7:'BioSolid', 0.0
Operation, MediumFuelCosts, GenFuelUseRate, 'C-Coal_IGCC':1:'Coal', 0.0
Operation, MediumFuelCosts, GenFuelUseRate, 'C-Coal_IGCC':2:'Coal', 0.0
Operation, MediumFuelCosts, GenFuelUseRate, 'C-Coal_IGCC':3:'Coal', 0.0
Operation, MediumFuelCosts, GenFuelUseRate, 'C-Coal_IGCC':4:'Coal', 0.0
Operation, MediumFuelCosts, GenFuelUseRate, 'C-Coal_IGCC':5:'Coal', 0.0
Operation, MediumFuelCosts, GenFuelUseRate, 'C-Coal_IGCC':6:'Coal', 0.0
Operation, MediumFuelCosts, GenFuelUseRate, 'C-Coal_IGCC':7:'Coal', 0.0
Operation, MediumFuelCosts, GenFuelUseRate, 'C-Coal_ST':1:'Coal', 17.1
Operation, MediumFuelCosts, GenFuelUseRate, 'C-Coal_ST':2:'Coal', 17.1
Operation, MediumFuelCosts, GenFuelUseRate, 'C-Coal_ST':3:'Coal', 17.1
Operation, MediumFuelCosts, GenFuelUseRate, 'C-Coal_ST':4:'Coal', 17.1
Operation, MediumFuelCosts, GenFuelUseRate, 'C-Coal_ST':5:'Coal', 17.1
Operation, MediumFuelCosts, GenFuelUseRate, 'C-Coal_ST':6:'Coal', 17.1
Operation, MediumFuelCosts, GenFuelUseRate, 'C-NG_CC':1:'NaturalGas', 18.5368264799738
Operation, MediumFuelCosts, GenFuelUseRate, 'C-NG_CC':2:'NaturalGas', 9.17176029567056
Operation, MediumFuelCosts, GenFuelUseRate, 'C-NG_CC':3:'NaturalGas', 14.141169141008698
Operation, MediumFuelCosts, GenFuelUseRate, 'C-NG_CC':4:'NaturalGas', 11.2958363252376
Operation, MediumFuelCosts, GenFuelUseRate, 'C-NG_CC':5:'NaturalGas', 15.1776386668104
Operation, MediumFuelCosts, GenFuelUseRate, 'C-NG_CC':6:'NaturalGas', 18.5368264799738
Operation, MediumFuelCosts, GenFuelUseRate, 'C-NG_CC':7:'NaturalGas', 43.4623812365492
Operation, MediumFuelCosts, GenFuelUseRate, 'C-NG_GT':1:'NaturalGas', 0.0
Operation, MediumFuelCosts, GenFuelUseRate, 'C-NG_GT':2:'NaturalGas', 0.0
Operation, MediumFuelCosts, GenFuelUseRate, 'C-NG_GT':3:'NaturalGas', 0.0
Operation, MediumFuelCosts, GenFuelUseRate, 'C-NG_GT':4:'NaturalGas', 0.0
Operation, MediumFuelCosts, GenFuelUseRate, 'C-NG_GT':5:'NaturalGas', 0.0
Operation, MediumFuelCosts, GenFuelUseRate, 'C-NG_GT':6:'NaturalGas', 8.32971897544462
Operation, MediumFuelCosts, GenFuelUseRate, 'C-NG_GT':7:'NaturalGas', 0.0
Operation, MediumFuelCosts, GenFuelUseRate, 'C-Nuclear':7:'Uranium', 0.0
Operation, MediumFuelCosts, GenFuelUseRate, 'N-Biomass_IGCC':1:'BioSolid', 0.0
Operation, MediumFuelCosts, GenFuelUseRate, 'N-Biomass_IGCC':2:'BioSolid', 0.0
Operation, MediumFuelCosts, GenFuelUseRate, 'N-Biomass_IGCC':3:'BioSolid', 0.0
Operation, MediumFuelCosts, GenFuelUseRate, 'N-Biomass_IGCC':4:'BioSolid', 0.0
Operation, MediumFuelCosts, GenFuelUseRate, 'N-Biomass_IGCC':5:'BioSolid', 0.0
Operation, MediumFuelCosts, GenFuelUseRate, 'N-Biomass_IGCC':6:'BioSolid', 0.0
Operation, MediumFuelCosts, GenFuelUseRate, 'N-Biomass_IGCC':7:'BioSolid', 0.0
Operation, MediumFuelCosts, GenFuelUseRate, 'N-Biomass_IGCC_CCS':7:'BioSolid', 0.0
Operation, MediumFuelCosts, GenFuelUseRate, 'N-Coal_IGCC':1:'Coal', 0.0
Operation, MediumFuelCosts, GenFuelUseRate, 'N-Coal_IGCC':2:'Coal', 0.0
Operation, MediumFuelCosts, GenFuelUseRate, 'N-Coal_IGCC':3:'Coal', 0.0
Operation, MediumFuelCosts, GenFuelUseRate, 'N-Coal_IGCC':4:'Coal', 0.0
Operation, MediumFuelCosts, GenFuelUseRate, 'N-Coal_IGCC':5:'Coal', 0.0
Operation, MediumFuelCosts, GenFuelUseRate, 'N-Coal_IGCC':6:'Coal', 0.0
Operation, MediumFuelCosts, GenFuelUseRate, 'N-Coal_IGCC':7:'Coal', 0.0
Operation, MediumFuelCosts, GenFuelUseRate, 'N-Coal_IGCC_CCS':7:'Coal', 0.0
Operation, MediumFuelCosts, GenFuelUseRate, 'N-Coal_ST':1:'Coal', 16.2
Operation, MediumFuelCosts, GenFuelUseRate, 'N-Coal_ST':2:'Coal', 16.2
Operation, MediumFuelCosts, GenFuelUseRate, 'N-Coal_ST':3:'Coal', 16.2
Operation, MediumFuelCosts, GenFuelUseRate, 'N-Coal_ST':4:'Coal', 16.2
Operation, MediumFuelCosts, GenFuelUseRate, 'N-Coal_ST':5:'Coal', 16.2
Operation, MediumFuelCosts, GenFuelUseRate, 'N-Coal_ST':6:'Coal', 16.2
Operation, MediumFuelCosts, GenFuelUseRate, 'N-Coal_ST':7:'Coal', 16.2
Operation, MediumFuelCosts, GenFuelUseRate, 'N-NG_CC':1:'NaturalGas', 12.6054
Operation, MediumFuelCosts, GenFuelUseRate, 'N-NG_CC':2:'NaturalGas', 9.75767979881072
Operation, MediumFuelCosts, GenFuelUseRate, 'N-NG_CC':3:'NaturalGas', 12.6054
Operation, MediumFuelCosts, GenFuelUseRate, 'N-NG_CC':4:'NaturalGas', 11.1737304851888
Operation, MediumFuelCosts, GenFuelUseRate, 'N-NG_CC':5:'NaturalGas', 9.75767979881072
Operation, MediumFuelCosts, GenFuelUseRate, 'N-NG_CC':6:'NaturalGas', 12.6054
Operation, MediumFuelCosts, GenFuelUseRate, 'N-NG_CC':7:'NaturalGas', 6.1110660712500495
Operation, MediumFuelCosts, GenFuelUseRate, 'N-NG_CC_CCS':7:'NaturalGas', 0.0
Operation, MediumFuelCosts, GenFuelUseRate, 'N-NG_GT':1:'NaturalGas', 0.0
Operation, MediumFuelCosts, GenFuelUseRate, 'N-NG_GT':2:'NaturalGas', 0.0
Operation, MediumFuelCosts, GenFuelUseRate, 'N-NG_GT':3:'NaturalGas', 0.0
Operation, MediumFuelCosts, GenFuelUseRate, 'N-NG_GT':4:'NaturalGas', 0.0
Operation, MediumFuelCosts, GenFuelUseRate, 'N-NG_GT':5:'NaturalGas', 0.0
Operation, MediumFuelCosts, GenFuelUseRate, 'N-NG_GT':6:'NaturalGas', 17.5301794816288
Operation, MediumFuelCosts, GenFuelUseRate, 'N-NG_GT':7:'NaturalGas', 0.0
Operation, MediumFuelCosts, GenFuelUseRate, 'N-Nuclear':7:'Uranium', 0.0
Operation, MediumFuelCosts, GenFuelUseRate, 'S-Biomass_IGCC':1:'BioSolid', 2.60902410786912e-15
Operation, MediumFuelCosts, GenFuelUseRate, 'S-Biomass_IGCC':2:'BioSolid', 0.0
Operation, MediumFuelCosts, GenFuelUseRate, 'S-Biomass_IGCC':3:'BioSolid', 0.0
Operation, MediumFuelCosts, GenFuelUseRate, 'S-Biomass_IGCC':4:'BioSolid', 0.0
Operation, MediumFuelCosts, GenFuelUseRate, 'S-Biomass_IGCC':5:'BioSolid', 0.0
Operation, MediumFuelCosts, GenFuelUseRate, 'S-Biomass_IGCC':6:'BioSolid', 0.0
Operation, MediumFuelCosts, GenFuelUseRate, 'S-Biomass_IGCC':7:'BioSolid', 0.0
Operation, MediumFuelCosts, GenFuelUseRate, 'S-Biomass_IGCC_CCS':7:'BioSolid', 0.0
Operation, MediumFuelCosts, GenFuelUseRate, 'S-NG_CC':1:'NaturalGas', 22.9985188050911
Operation, MediumFuelCosts, GenFuelUseRate, 'S-NG_CC':2:'NaturalGas', 30.0787722369813
Operation, MediumFuelCosts, GenFuelUseRate, 'S-NG_CC':3:'NaturalGas', 26.538645521036198
Operation, MediumFuelCosts, GenFuelUseRate, 'S-NG_CC':4:'NaturalGas', 31.4948229233593
Operation, MediumFuelCosts, GenFuelUseRate, 'S-NG_CC':5:'NaturalGas', 31.5135
Operation, MediumFuelCosts, GenFuelUseRate, 'S-NG_CC':6:'NaturalGas', 31.5135
Operation, MediumFuelCosts, GenFuelUseRate, 'S-NG_CC':7:'NaturalGas', -1.19104726081787e-14
Operation, MediumFuelCosts, GenFuelUseRate, 'S-NG_CC_CCS':7:'NaturalGas', 0.0
Operation, MediumFuelCosts, GenFuelUseRate, 'S-NG_GT':1:'NaturalGas', 0.0
Operation, MediumFuelCosts, GenFuelUseRate, 'S-NG_GT':2:'NaturalGas', 0.0
Operation, MediumFuelCosts, GenFuelUseRate, 'S-NG_GT':3:'NaturalGas', 0.0
Operation, MediumFuelCosts, GenFuelUseRate, 'S-NG_GT':4:'NaturalGas', 0.0
Operation, MediumFuelCosts, GenFuelUseRate, 'S-NG_GT':5:'NaturalGas', 0.0
Operation, MediumFuelCosts, GenFuelUseRate, 'S-NG_GT':6:'NaturalGas', 19.5332
Operation, MediumFuelCosts, GenFuelUseRate, 'S-NG_GT':7:'NaturalGas', 0.0
