rps_scenario_id,load_zone,year,rps_target
7,AZ_APS_E,2010,0.00
7,AZ_APS_E,2011,0.01
7,AZ_APS_E,2012,0.02
7,AZ_APS_E,2013,0.03
7,AZ_APS_E,2014,0.04
7,AZ_APS_E,2015,0.05
7,AZ_APS_E,2016,0.06
7,AZ_APS_E,2017,0.07
7,AZ_APS_E,2018,0.08
7,AZ_APS_E,2019,0.09
7,AZ_APS_E,2020,0.10
7,AZ_APS_E,2021,0.11
7,AZ_APS_E,2022,0.12
7,AZ_APS_E,2023,0.13
7,AZ_APS_E,2024,0.14
7,AZ_APS_E,2025,0.15
7,AZ_APS_E,2026,0.15
7,AZ_APS_E,2027,0.15
7,AZ_APS_E,2028,0.15
7,AZ_APS_E,2029,0.15
7,AZ_APS_E,2030,0.15
7,AZ_APS_E,2031,0.15
7,AZ_APS_E,2032,0.15
7,AZ_APS_E,2033,0.15
7,AZ_APS_E,2034,0.15
7,AZ_APS_E,2035,0.15
7,AZ_APS_E,2036,0.15
7,AZ_APS_E,2037,0.15
7,AZ_APS_E,2038,0.15
7,AZ_APS_E,2039,0.15
7,AZ_APS_E,2040,0.15
7,AZ_APS_E,2041,0.15
7,AZ_APS_E,2042,0.15
7,AZ_APS_E,2043,0.15
7,AZ_APS_E,2044,0.15
7,AZ_APS_E,2045,0.15
7,AZ_APS_E,2046,0.15
7,AZ_APS_E,2047,0.15
7,AZ_APS_E,2048,0.15
7,AZ_APS_E,2049,0.15
7,AZ_APS_E,2050,0.15
7,AZ_APS_E,2051,0.15
7,AZ_APS_E,2052,0.15
7,AZ_APS_E,2053,0.15
7,AZ_APS_E,2054,0.15
7,AZ_APS_E,2055,0.15
7,AZ_APS_E,2056,0.15
7,AZ_APS_E,2057,0.15
7,AZ_APS_E,2058,0.15
7,AZ_APS_E,2059,0.15
7,AZ_APS_E,2060,0.15
7,AZ_APS_E,2061,0.15
7,AZ_APS_E,2062,0.15
7,AZ_APS_E,2063,0.15
7,AZ_APS_E,2064,0.15
7,AZ_APS_E,2065,0.15
7,AZ_APS_E,2066,0.15
7,AZ_APS_E,2067,0.15
7,AZ_APS_E,2068,0.15
7,AZ_APS_E,2069,0.15
7,AZ_APS_E,2070,0.15
7,AZ_APS_E,2071,0.15
7,AZ_APS_E,2072,0.15
7,AZ_APS_E,2073,0.15
7,AZ_APS_E,2074,0.15
7,AZ_APS_E,2075,0.15
7,AZ_APS_E,2076,0.15
7,AZ_APS_E,2077,0.15
7,AZ_APS_E,2078,0.15
7,AZ_APS_E,2079,0.15
7,AZ_APS_E,2080,0.15
7,AZ_APS_N,2010,0.00
7,AZ_APS_N,2011,0.01
7,AZ_APS_N,2012,0.02
7,AZ_APS_N,2013,0.03
7,AZ_APS_N,2014,0.04
7,AZ_APS_N,2015,0.05
7,AZ_APS_N,2016,0.06
7,AZ_APS_N,2017,0.07
7,AZ_APS_N,2018,0.08
7,AZ_APS_N,2019,0.09
7,AZ_APS_N,2020,0.10
7,AZ_APS_N,2021,0.11
7,AZ_APS_N,2022,0.12
7,AZ_APS_N,2023,0.13
7,AZ_APS_N,2024,0.14
7,AZ_APS_N,2025,0.15
7,AZ_APS_N,2026,0.15
7,AZ_APS_N,2027,0.15
7,AZ_APS_N,2028,0.15
7,AZ_APS_N,2029,0.15
7,AZ_APS_N,2030,0.15
7,AZ_APS_N,2031,0.15
7,AZ_APS_N,2032,0.15
7,AZ_APS_N,2033,0.15
7,AZ_APS_N,2034,0.15
7,AZ_APS_N,2035,0.15
7,AZ_APS_N,2036,0.15
7,AZ_APS_N,2037,0.15
7,AZ_APS_N,2038,0.15
7,AZ_APS_N,2039,0.15
7,AZ_APS_N,2040,0.15
7,AZ_APS_N,2041,0.15
7,AZ_APS_N,2042,0.15
7,AZ_APS_N,2043,0.15
7,AZ_APS_N,2044,0.15
7,AZ_APS_N,2045,0.15
7,AZ_APS_N,2046,0.15
7,AZ_APS_N,2047,0.15
7,AZ_APS_N,2048,0.15
7,AZ_APS_N,2049,0.15
7,AZ_APS_N,2050,0.15
7,AZ_APS_N,2051,0.15
7,AZ_APS_N,2052,0.15
7,AZ_APS_N,2053,0.15
7,AZ_APS_N,2054,0.15
7,AZ_APS_N,2055,0.15
7,AZ_APS_N,2056,0.15
7,AZ_APS_N,2057,0.15
7,AZ_APS_N,2058,0.15
7,AZ_APS_N,2059,0.15
7,AZ_APS_N,2060,0.15
7,AZ_APS_N,2061,0.15
7,AZ_APS_N,2062,0.15
7,AZ_APS_N,2063,0.15
7,AZ_APS_N,2064,0.15
7,AZ_APS_N,2065,0.15
7,AZ_APS_N,2066,0.15
7,AZ_APS_N,2067,0.15
7,AZ_APS_N,2068,0.15
7,AZ_APS_N,2069,0.15
7,AZ_APS_N,2070,0.15
7,AZ_APS_N,2071,0.15
7,AZ_APS_N,2072,0.15
7,AZ_APS_N,2073,0.15
7,AZ_APS_N,2074,0.15
7,AZ_APS_N,2075,0.15
7,AZ_APS_N,2076,0.15
7,AZ_APS_N,2077,0.15
7,AZ_APS_N,2078,0.15
7,AZ_APS_N,2079,0.15
7,AZ_APS_N,2080,0.15
7,AZ_APS_SW,2010,0.00
7,AZ_APS_SW,2011,0.01
7,AZ_APS_SW,2012,0.02
7,AZ_APS_SW,2013,0.03
7,AZ_APS_SW,2014,0.04
7,AZ_APS_SW,2015,0.05
7,AZ_APS_SW,2016,0.06
7,AZ_APS_SW,2017,0.07
7,AZ_APS_SW,2018,0.08
7,AZ_APS_SW,2019,0.09
7,AZ_APS_SW,2020,0.10
7,AZ_APS_SW,2021,0.11
7,AZ_APS_SW,2022,0.12
7,AZ_APS_SW,2023,0.13
7,AZ_APS_SW,2024,0.14
7,AZ_APS_SW,2025,0.15
7,AZ_APS_SW,2026,0.15
7,AZ_APS_SW,2027,0.15
7,AZ_APS_SW,2028,0.15
7,AZ_APS_SW,2029,0.15
7,AZ_APS_SW,2030,0.15
7,AZ_APS_SW,2031,0.15
7,AZ_APS_SW,2032,0.15
7,AZ_APS_SW,2033,0.15
7,AZ_APS_SW,2034,0.15
7,AZ_APS_SW,2035,0.15
7,AZ_APS_SW,2036,0.15
7,AZ_APS_SW,2037,0.15
7,AZ_APS_SW,2038,0.15
7,AZ_APS_SW,2039,0.15
7,AZ_APS_SW,2040,0.15
7,AZ_APS_SW,2041,0.15
7,AZ_APS_SW,2042,0.15
7,AZ_APS_SW,2043,0.15
7,AZ_APS_SW,2044,0.15
7,AZ_APS_SW,2045,0.15
7,AZ_APS_SW,2046,0.15
7,AZ_APS_SW,2047,0.15
7,AZ_APS_SW,2048,0.15
7,AZ_APS_SW,2049,0.15
7,AZ_APS_SW,2050,0.15
7,AZ_APS_SW,2051,0.15
7,AZ_APS_SW,2052,0.15
7,AZ_APS_SW,2053,0.15
7,AZ_APS_SW,2054,0.15
7,AZ_APS_SW,2055,0.15
7,AZ_APS_SW,2056,0.15
7,AZ_APS_SW,2057,0.15
7,AZ_APS_SW,2058,0.15
7,AZ_APS_SW,2059,0.15
7,AZ_APS_SW,2060,0.15
7,AZ_APS_SW,2061,0.15
7,AZ_APS_SW,2062,0.15
7,AZ_APS_SW,2063,0.15
7,AZ_APS_SW,2064,0.15
7,AZ_APS_SW,2065,0.15
7,AZ_APS_SW,2066,0.15
7,AZ_APS_SW,2067,0.15
7,AZ_APS_SW,2068,0.15
7,AZ_APS_SW,2069,0.15
7,AZ_APS_SW,2070,0.15
7,AZ_APS_SW,2071,0.15
7,AZ_APS_SW,2072,0.15
7,AZ_APS_SW,2073,0.15
7,AZ_APS_SW,2074,0.15
7,AZ_APS_SW,2075,0.15
7,AZ_APS_SW,2076,0.15
7,AZ_APS_SW,2077,0.15
7,AZ_APS_SW,2078,0.15
7,AZ_APS_SW,2079,0.15
7,AZ_APS_SW,2080,0.15
7,AZ_NM_N,2010,0.00
7,AZ_NM_N,2011,0.03
7,AZ_NM_N,2012,0.05
7,AZ_NM_N,2013,0.08
7,AZ_NM_N,2014,0.11
7,AZ_NM_N,2015,0.13
7,AZ_NM_N,2016,0.16
7,AZ_NM_N,2017,0.19
7,AZ_NM_N,2018,0.21
7,AZ_NM_N,2019,0.24
7,AZ_NM_N,2020,0.27
7,AZ_NM_N,2021,0.29
7,AZ_NM_N,2022,0.32
7,AZ_NM_N,2023,0.35
7,AZ_NM_N,2024,0.37
7,AZ_NM_N,2025,0.40
7,AZ_NM_N,2026,0.43
7,AZ_NM_N,2027,0.45
7,AZ_NM_N,2028,0.48
7,AZ_NM_N,2029,0.51
7,AZ_NM_N,2030,0.53
7,AZ_NM_N,2031,0.56
7,AZ_NM_N,2032,0.59
7,AZ_NM_N,2033,0.61
7,AZ_NM_N,2034,0.64
7,AZ_NM_N,2035,0.67
7,AZ_NM_N,2036,0.69
7,AZ_NM_N,2037,0.72
7,AZ_NM_N,2038,0.75
7,AZ_NM_N,2039,0.77
7,AZ_NM_N,2040,0.80
7,AZ_NM_N,2041,0.84
7,AZ_NM_N,2042,0.88
7,AZ_NM_N,2043,0.92
7,AZ_NM_N,2044,0.96
7,AZ_NM_N,2045,1.00
7,AZ_NM_N,2046,1.00
7,AZ_NM_N,2047,1.00
7,AZ_NM_N,2048,1.00
7,AZ_NM_N,2049,1.00
7,AZ_NM_N,2050,1.00
7,AZ_NM_N,2051,1.00
7,AZ_NM_N,2052,1.00
7,AZ_NM_N,2053,1.00
7,AZ_NM_N,2054,1.00
7,AZ_NM_N,2055,1.00
7,AZ_NM_N,2056,1.00
7,AZ_NM_N,2057,1.00
7,AZ_NM_N,2058,1.00
7,AZ_NM_N,2059,1.00
7,AZ_NM_N,2060,1.00
7,AZ_NM_N,2061,1.00
7,AZ_NM_N,2062,1.00
7,AZ_NM_N,2063,1.00
7,AZ_NM_N,2064,1.00
7,AZ_NM_N,2065,1.00
7,AZ_NM_N,2066,1.00
7,AZ_NM_N,2067,1.00
7,AZ_NM_N,2068,1.00
7,AZ_NM_N,2069,1.00
7,AZ_NM_N,2070,1.00
7,AZ_NM_N,2071,1.00
7,AZ_NM_N,2072,1.00
7,AZ_NM_N,2073,1.00
7,AZ_NM_N,2074,1.00
7,AZ_NM_N,2075,1.00
7,AZ_NM_N,2076,1.00
7,AZ_NM_N,2077,1.00
7,AZ_NM_N,2078,1.00
7,AZ_NM_N,2079,1.00
7,AZ_NM_N,2080,1.00
7,AZ_NW,2010,0.00
7,AZ_NW,2011,0.01
7,AZ_NW,2012,0.02
7,AZ_NW,2013,0.03
7,AZ_NW,2014,0.04
7,AZ_NW,2015,0.05
7,AZ_NW,2016,0.06
7,AZ_NW,2017,0.07
7,AZ_NW,2018,0.08
7,AZ_NW,2019,0.09
7,AZ_NW,2020,0.10
7,AZ_NW,2021,0.11
7,AZ_NW,2022,0.12
7,AZ_NW,2023,0.13
7,AZ_NW,2024,0.14
7,AZ_NW,2025,0.15
7,AZ_NW,2026,0.15
7,AZ_NW,2027,0.15
7,AZ_NW,2028,0.15
7,AZ_NW,2029,0.15
7,AZ_NW,2030,0.15
7,AZ_NW,2031,0.15
7,AZ_NW,2032,0.15
7,AZ_NW,2033,0.15
7,AZ_NW,2034,0.15
7,AZ_NW,2035,0.15
7,AZ_NW,2036,0.15
7,AZ_NW,2037,0.15
7,AZ_NW,2038,0.15
7,AZ_NW,2039,0.15
7,AZ_NW,2040,0.15
7,AZ_NW,2041,0.15
7,AZ_NW,2042,0.15
7,AZ_NW,2043,0.15
7,AZ_NW,2044,0.15
7,AZ_NW,2045,0.15
7,AZ_NW,2046,0.15
7,AZ_NW,2047,0.15
7,AZ_NW,2048,0.15
7,AZ_NW,2049,0.15
7,AZ_NW,2050,0.15
7,AZ_NW,2051,0.15
7,AZ_NW,2052,0.15
7,AZ_NW,2053,0.15
7,AZ_NW,2054,0.15
7,AZ_NW,2055,0.15
7,AZ_NW,2056,0.15
7,AZ_NW,2057,0.15
7,AZ_NW,2058,0.15
7,AZ_NW,2059,0.15
7,AZ_NW,2060,0.15
7,AZ_NW,2061,0.15
7,AZ_NW,2062,0.15
7,AZ_NW,2063,0.15
7,AZ_NW,2064,0.15
7,AZ_NW,2065,0.15
7,AZ_NW,2066,0.15
7,AZ_NW,2067,0.15
7,AZ_NW,2068,0.15
7,AZ_NW,2069,0.15
7,AZ_NW,2070,0.15
7,AZ_NW,2071,0.15
7,AZ_NW,2072,0.15
7,AZ_NW,2073,0.15
7,AZ_NW,2074,0.15
7,AZ_NW,2075,0.15
7,AZ_NW,2076,0.15
7,AZ_NW,2077,0.15
7,AZ_NW,2078,0.15
7,AZ_NW,2079,0.15
7,AZ_NW,2080,0.15
7,AZ_PHX,2010,0.00
7,AZ_PHX,2011,0.01
7,AZ_PHX,2012,0.02
7,AZ_PHX,2013,0.03
7,AZ_PHX,2014,0.04
7,AZ_PHX,2015,0.05
7,AZ_PHX,2016,0.06
7,AZ_PHX,2017,0.07
7,AZ_PHX,2018,0.08
7,AZ_PHX,2019,0.09
7,AZ_PHX,2020,0.10
7,AZ_PHX,2021,0.11
7,AZ_PHX,2022,0.12
7,AZ_PHX,2023,0.13
7,AZ_PHX,2024,0.14
7,AZ_PHX,2025,0.15
7,AZ_PHX,2026,0.15
7,AZ_PHX,2027,0.15
7,AZ_PHX,2028,0.15
7,AZ_PHX,2029,0.15
7,AZ_PHX,2030,0.15
7,AZ_PHX,2031,0.15
7,AZ_PHX,2032,0.15
7,AZ_PHX,2033,0.15
7,AZ_PHX,2034,0.15
7,AZ_PHX,2035,0.15
7,AZ_PHX,2036,0.15
7,AZ_PHX,2037,0.15
7,AZ_PHX,2038,0.15
7,AZ_PHX,2039,0.15
7,AZ_PHX,2040,0.15
7,AZ_PHX,2041,0.15
7,AZ_PHX,2042,0.15
7,AZ_PHX,2043,0.15
7,AZ_PHX,2044,0.15
7,AZ_PHX,2045,0.15
7,AZ_PHX,2046,0.15
7,AZ_PHX,2047,0.15
7,AZ_PHX,2048,0.15
7,AZ_PHX,2049,0.15
7,AZ_PHX,2050,0.15
7,AZ_PHX,2051,0.15
7,AZ_PHX,2052,0.15
7,AZ_PHX,2053,0.15
7,AZ_PHX,2054,0.15
7,AZ_PHX,2055,0.15
7,AZ_PHX,2056,0.15
7,AZ_PHX,2057,0.15
7,AZ_PHX,2058,0.15
7,AZ_PHX,2059,0.15
7,AZ_PHX,2060,0.15
7,AZ_PHX,2061,0.15
7,AZ_PHX,2062,0.15
7,AZ_PHX,2063,0.15
7,AZ_PHX,2064,0.15
7,AZ_PHX,2065,0.15
7,AZ_PHX,2066,0.15
7,AZ_PHX,2067,0.15
7,AZ_PHX,2068,0.15
7,AZ_PHX,2069,0.15
7,AZ_PHX,2070,0.15
7,AZ_PHX,2071,0.15
7,AZ_PHX,2072,0.15
7,AZ_PHX,2073,0.15
7,AZ_PHX,2074,0.15
7,AZ_PHX,2075,0.15
7,AZ_PHX,2076,0.15
7,AZ_PHX,2077,0.15
7,AZ_PHX,2078,0.15
7,AZ_PHX,2079,0.15
7,AZ_PHX,2080,0.15
7,AZ_SE,2010,0.00
7,AZ_SE,2011,0.01
7,AZ_SE,2012,0.02
7,AZ_SE,2013,0.03
7,AZ_SE,2014,0.04
7,AZ_SE,2015,0.05
7,AZ_SE,2016,0.06
7,AZ_SE,2017,0.07
7,AZ_SE,2018,0.08
7,AZ_SE,2019,0.09
7,AZ_SE,2020,0.10
7,AZ_SE,2021,0.11
7,AZ_SE,2022,0.12
7,AZ_SE,2023,0.13
7,AZ_SE,2024,0.14
7,AZ_SE,2025,0.15
7,AZ_SE,2026,0.15
7,AZ_SE,2027,0.15
7,AZ_SE,2028,0.15
7,AZ_SE,2029,0.15
7,AZ_SE,2030,0.15
7,AZ_SE,2031,0.15
7,AZ_SE,2032,0.15
7,AZ_SE,2033,0.15
7,AZ_SE,2034,0.15
7,AZ_SE,2035,0.15
7,AZ_SE,2036,0.15
7,AZ_SE,2037,0.15
7,AZ_SE,2038,0.15
7,AZ_SE,2039,0.15
7,AZ_SE,2040,0.15
7,AZ_SE,2041,0.15
7,AZ_SE,2042,0.15
7,AZ_SE,2043,0.15
7,AZ_SE,2044,0.15
7,AZ_SE,2045,0.15
7,AZ_SE,2046,0.15
7,AZ_SE,2047,0.15
7,AZ_SE,2048,0.15
7,AZ_SE,2049,0.15
7,AZ_SE,2050,0.15
7,AZ_SE,2051,0.15
7,AZ_SE,2052,0.15
7,AZ_SE,2053,0.15
7,AZ_SE,2054,0.15
7,AZ_SE,2055,0.15
7,AZ_SE,2056,0.15
7,AZ_SE,2057,0.15
7,AZ_SE,2058,0.15
7,AZ_SE,2059,0.15
7,AZ_SE,2060,0.15
7,AZ_SE,2061,0.15
7,AZ_SE,2062,0.15
7,AZ_SE,2063,0.15
7,AZ_SE,2064,0.15
7,AZ_SE,2065,0.15
7,AZ_SE,2066,0.15
7,AZ_SE,2067,0.15
7,AZ_SE,2068,0.15
7,AZ_SE,2069,0.15
7,AZ_SE,2070,0.15
7,AZ_SE,2071,0.15
7,AZ_SE,2072,0.15
7,AZ_SE,2073,0.15
7,AZ_SE,2074,0.15
7,AZ_SE,2075,0.15
7,AZ_SE,2076,0.15
7,AZ_SE,2077,0.15
7,AZ_SE,2078,0.15
7,AZ_SE,2079,0.15
7,AZ_SE,2080,0.15
7,CA_IID,2010,0.20
7,CA_IID,2011,0.20
7,CA_IID,2012,0.20
7,CA_IID,2013,0.20
7,CA_IID,2014,0.22
7,CA_IID,2015,0.23
7,CA_IID,2016,0.25
7,CA_IID,2017,0.27
7,CA_IID,2018,0.29
7,CA_IID,2019,0.31
7,CA_IID,2020,0.33
7,CA_IID,2021,0.35
7,CA_IID,2022,0.36
7,CA_IID,2023,0.38
7,CA_IID,2024,0.44
7,CA_IID,2025,0.47
7,CA_IID,2026,0.50
7,CA_IID,2027,0.52
7,CA_IID,2028,0.55
7,CA_IID,2029,0.57
7,CA_IID,2030,0.60
7,CA_IID,2031,0.60
7,CA_IID,2032,0.60
7,CA_IID,2033,0.60
7,CA_IID,2034,0.60
7,CA_IID,2035,0.60
7,CA_IID,2036,0.60
7,CA_IID,2037,0.60
7,CA_IID,2038,0.60
7,CA_IID,2039,0.60
7,CA_IID,2040,0.60
7,CA_IID,2041,0.60
7,CA_IID,2042,0.60
7,CA_IID,2043,0.60
7,CA_IID,2044,0.60
7,CA_IID,2045,0.60
7,CA_IID,2046,0.60
7,CA_IID,2047,0.60
7,CA_IID,2048,0.60
7,CA_IID,2049,0.60
7,CA_IID,2050,0.60
7,CA_IID,2051,0.60
7,CA_IID,2052,0.60
7,CA_IID,2053,0.60
7,CA_IID,2054,0.60
7,CA_IID,2055,0.60
7,CA_IID,2056,0.60
7,CA_IID,2057,0.60
7,CA_IID,2058,0.60
7,CA_IID,2059,0.60
7,CA_IID,2060,0.60
7,CA_IID,2061,0.60
7,CA_IID,2062,0.60
7,CA_IID,2063,0.60
7,CA_IID,2064,0.60
7,CA_IID,2065,0.60
7,CA_IID,2066,0.60
7,CA_IID,2067,0.60
7,CA_IID,2068,0.60
7,CA_IID,2069,0.60
7,CA_IID,2070,0.60
7,CA_IID,2071,0.60
7,CA_IID,2072,0.60
7,CA_IID,2073,0.60
7,CA_IID,2074,0.60
7,CA_IID,2075,0.60
7,CA_IID,2076,0.60
7,CA_IID,2077,0.60
7,CA_IID,2078,0.60
7,CA_IID,2079,0.60
7,CA_IID,2080,0.60
7,CA_LADWP,2010,0.20
7,CA_LADWP,2011,0.20
7,CA_LADWP,2012,0.20
7,CA_LADWP,2013,0.20
7,CA_LADWP,2014,0.22
7,CA_LADWP,2015,0.23
7,CA_LADWP,2016,0.25
7,CA_LADWP,2017,0.27
7,CA_LADWP,2018,0.29
7,CA_LADWP,2019,0.31
7,CA_LADWP,2020,0.33
7,CA_LADWP,2021,0.35
7,CA_LADWP,2022,0.36
7,CA_LADWP,2023,0.38
7,CA_LADWP,2024,0.44
7,CA_LADWP,2025,0.47
7,CA_LADWP,2026,0.50
7,CA_LADWP,2027,0.52
7,CA_LADWP,2028,0.55
7,CA_LADWP,2029,0.57
7,CA_LADWP,2030,0.60
7,CA_LADWP,2031,0.60
7,CA_LADWP,2032,0.60
7,CA_LADWP,2033,0.60
7,CA_LADWP,2034,0.60
7,CA_LADWP,2035,0.60
7,CA_LADWP,2036,0.60
7,CA_LADWP,2037,0.60
7,CA_LADWP,2038,0.60
7,CA_LADWP,2039,0.60
7,CA_LADWP,2040,0.60
7,CA_LADWP,2041,0.60
7,CA_LADWP,2042,0.60
7,CA_LADWP,2043,0.60
7,CA_LADWP,2044,0.60
7,CA_LADWP,2045,0.60
7,CA_LADWP,2046,0.60
7,CA_LADWP,2047,0.60
7,CA_LADWP,2048,0.60
7,CA_LADWP,2049,0.60
7,CA_LADWP,2050,0.60
7,CA_LADWP,2051,0.60
7,CA_LADWP,2052,0.60
7,CA_LADWP,2053,0.60
7,CA_LADWP,2054,0.60
7,CA_LADWP,2055,0.60
7,CA_LADWP,2056,0.60
7,CA_LADWP,2057,0.60
7,CA_LADWP,2058,0.60
7,CA_LADWP,2059,0.60
7,CA_LADWP,2060,0.60
7,CA_LADWP,2061,0.60
7,CA_LADWP,2062,0.60
7,CA_LADWP,2063,0.60
7,CA_LADWP,2064,0.60
7,CA_LADWP,2065,0.60
7,CA_LADWP,2066,0.60
7,CA_LADWP,2067,0.60
7,CA_LADWP,2068,0.60
7,CA_LADWP,2069,0.60
7,CA_LADWP,2070,0.60
7,CA_LADWP,2071,0.60
7,CA_LADWP,2072,0.60
7,CA_LADWP,2073,0.60
7,CA_LADWP,2074,0.60
7,CA_LADWP,2075,0.60
7,CA_LADWP,2076,0.60
7,CA_LADWP,2077,0.60
7,CA_LADWP,2078,0.60
7,CA_LADWP,2079,0.60
7,CA_LADWP,2080,0.60
7,CAN_ALB,2010,0.00
7,CAN_ALB,2011,0.00
7,CAN_ALB,2012,0.00
7,CAN_ALB,2013,0.00
7,CAN_ALB,2014,0.00
7,CAN_ALB,2015,0.00
7,CAN_ALB,2016,0.00
7,CAN_ALB,2017,0.00
7,CAN_ALB,2018,0.00
7,CAN_ALB,2019,0.00
7,CAN_ALB,2020,0.00
7,CAN_ALB,2021,0.00
7,CAN_ALB,2022,0.00
7,CAN_ALB,2023,0.00
7,CAN_ALB,2024,0.00
7,CAN_ALB,2025,0.00
7,CAN_ALB,2026,0.00
7,CAN_ALB,2027,0.00
7,CAN_ALB,2028,0.00
7,CAN_ALB,2029,0.00
7,CAN_ALB,2030,0.00
7,CAN_ALB,2031,0.00
7,CAN_ALB,2032,0.00
7,CAN_ALB,2033,0.00
7,CAN_ALB,2034,0.00
7,CAN_ALB,2035,0.00
7,CAN_ALB,2036,0.00
7,CAN_ALB,2037,0.00
7,CAN_ALB,2038,0.00
7,CAN_ALB,2039,0.00
7,CAN_ALB,2040,0.00
7,CAN_ALB,2041,0.00
7,CAN_ALB,2042,0.00
7,CAN_ALB,2043,0.00
7,CAN_ALB,2044,0.00
7,CAN_ALB,2045,0.00
7,CAN_ALB,2046,0.00
7,CAN_ALB,2047,0.00
7,CAN_ALB,2048,0.00
7,CAN_ALB,2049,0.00
7,CAN_ALB,2050,0.00
7,CAN_ALB,2051,0.00
7,CAN_ALB,2052,0.00
7,CAN_ALB,2053,0.00
7,CAN_ALB,2054,0.00
7,CAN_ALB,2055,0.00
7,CAN_ALB,2056,0.00
7,CAN_ALB,2057,0.00
7,CAN_ALB,2058,0.00
7,CAN_ALB,2059,0.00
7,CAN_ALB,2060,0.00
7,CAN_ALB,2061,0.00
7,CAN_ALB,2062,0.00
7,CAN_ALB,2063,0.00
7,CAN_ALB,2064,0.00
7,CAN_ALB,2065,0.00
7,CAN_ALB,2066,0.00
7,CAN_ALB,2067,0.00
7,CAN_ALB,2068,0.00
7,CAN_ALB,2069,0.00
7,CAN_ALB,2070,0.00
7,CAN_ALB,2071,0.00
7,CAN_ALB,2072,0.00
7,CAN_ALB,2073,0.00
7,CAN_ALB,2074,0.00
7,CAN_ALB,2075,0.00
7,CAN_ALB,2076,0.00
7,CAN_ALB,2077,0.00
7,CAN_ALB,2078,0.00
7,CAN_ALB,2079,0.00
7,CAN_ALB,2080,0.00
7,CAN_BC,2010,0.00
7,CAN_BC,2011,0.00
7,CAN_BC,2012,0.00
7,CAN_BC,2013,0.00
7,CAN_BC,2014,0.00
7,CAN_BC,2015,0.00
7,CAN_BC,2016,0.00
7,CAN_BC,2017,0.00
7,CAN_BC,2018,0.00
7,CAN_BC,2019,0.00
7,CAN_BC,2020,0.00
7,CAN_BC,2021,0.00
7,CAN_BC,2022,0.00
7,CAN_BC,2023,0.00
7,CAN_BC,2024,0.00
7,CAN_BC,2025,0.00
7,CAN_BC,2026,0.00
7,CAN_BC,2027,0.00
7,CAN_BC,2028,0.00
7,CAN_BC,2029,0.00
7,CAN_BC,2030,0.00
7,CAN_BC,2031,0.00
7,CAN_BC,2032,0.00
7,CAN_BC,2033,0.00
7,CAN_BC,2034,0.00
7,CAN_BC,2035,0.00
7,CAN_BC,2036,0.00
7,CAN_BC,2037,0.00
7,CAN_BC,2038,0.00
7,CAN_BC,2039,0.00
7,CAN_BC,2040,0.00
7,CAN_BC,2041,0.00
7,CAN_BC,2042,0.00
7,CAN_BC,2043,0.00
7,CAN_BC,2044,0.00
7,CAN_BC,2045,0.00
7,CAN_BC,2046,0.00
7,CAN_BC,2047,0.00
7,CAN_BC,2048,0.00
7,CAN_BC,2049,0.00
7,CAN_BC,2050,0.00
7,CAN_BC,2051,0.00
7,CAN_BC,2052,0.00
7,CAN_BC,2053,0.00
7,CAN_BC,2054,0.00
7,CAN_BC,2055,0.00
7,CAN_BC,2056,0.00
7,CAN_BC,2057,0.00
7,CAN_BC,2058,0.00
7,CAN_BC,2059,0.00
7,CAN_BC,2060,0.00
7,CAN_BC,2061,0.00
7,CAN_BC,2062,0.00
7,CAN_BC,2063,0.00
7,CAN_BC,2064,0.00
7,CAN_BC,2065,0.00
7,CAN_BC,2066,0.00
7,CAN_BC,2067,0.00
7,CAN_BC,2068,0.00
7,CAN_BC,2069,0.00
7,CAN_BC,2070,0.00
7,CAN_BC,2071,0.00
7,CAN_BC,2072,0.00
7,CAN_BC,2073,0.00
7,CAN_BC,2074,0.00
7,CAN_BC,2075,0.00
7,CAN_BC,2076,0.00
7,CAN_BC,2077,0.00
7,CAN_BC,2078,0.00
7,CAN_BC,2079,0.00
7,CAN_BC,2080,0.00
7,CA_PGE_BAY,2010,0.20
7,CA_PGE_BAY,2011,0.20
7,CA_PGE_BAY,2012,0.20
7,CA_PGE_BAY,2013,0.20
7,CA_PGE_BAY,2014,0.22
7,CA_PGE_BAY,2015,0.23
7,CA_PGE_BAY,2016,0.25
7,CA_PGE_BAY,2017,0.27
7,CA_PGE_BAY,2018,0.29
7,CA_PGE_BAY,2019,0.31
7,CA_PGE_BAY,2020,0.33
7,CA_PGE_BAY,2021,0.35
7,CA_PGE_BAY,2022,0.36
7,CA_PGE_BAY,2023,0.38
7,CA_PGE_BAY,2024,0.44
7,CA_PGE_BAY,2025,0.47
7,CA_PGE_BAY,2026,0.50
7,CA_PGE_BAY,2027,0.52
7,CA_PGE_BAY,2028,0.55
7,CA_PGE_BAY,2029,0.57
7,CA_PGE_BAY,2030,0.60
7,CA_PGE_BAY,2031,0.60
7,CA_PGE_BAY,2032,0.60
7,CA_PGE_BAY,2033,0.60
7,CA_PGE_BAY,2034,0.60
7,CA_PGE_BAY,2035,0.60
7,CA_PGE_BAY,2036,0.60
7,CA_PGE_BAY,2037,0.60
7,CA_PGE_BAY,2038,0.60
7,CA_PGE_BAY,2039,0.60
7,CA_PGE_BAY,2040,0.60
7,CA_PGE_BAY,2041,0.60
7,CA_PGE_BAY,2042,0.60
7,CA_PGE_BAY,2043,0.60
7,CA_PGE_BAY,2044,0.60
7,CA_PGE_BAY,2045,0.60
7,CA_PGE_BAY,2046,0.60
7,CA_PGE_BAY,2047,0.60
7,CA_PGE_BAY,2048,0.60
7,CA_PGE_BAY,2049,0.60
7,CA_PGE_BAY,2050,0.60
7,CA_PGE_BAY,2051,0.60
7,CA_PGE_BAY,2052,0.60
7,CA_PGE_BAY,2053,0.60
7,CA_PGE_BAY,2054,0.60
7,CA_PGE_BAY,2055,0.60
7,CA_PGE_BAY,2056,0.60
7,CA_PGE_BAY,2057,0.60
7,CA_PGE_BAY,2058,0.60
7,CA_PGE_BAY,2059,0.60
7,CA_PGE_BAY,2060,0.60
7,CA_PGE_BAY,2061,0.60
7,CA_PGE_BAY,2062,0.60
7,CA_PGE_BAY,2063,0.60
7,CA_PGE_BAY,2064,0.60
7,CA_PGE_BAY,2065,0.60
7,CA_PGE_BAY,2066,0.60
7,CA_PGE_BAY,2067,0.60
7,CA_PGE_BAY,2068,0.60
7,CA_PGE_BAY,2069,0.60
7,CA_PGE_BAY,2070,0.60
7,CA_PGE_BAY,2071,0.60
7,CA_PGE_BAY,2072,0.60
7,CA_PGE_BAY,2073,0.60
7,CA_PGE_BAY,2074,0.60
7,CA_PGE_BAY,2075,0.60
7,CA_PGE_BAY,2076,0.60
7,CA_PGE_BAY,2077,0.60
7,CA_PGE_BAY,2078,0.60
7,CA_PGE_BAY,2079,0.60
7,CA_PGE_BAY,2080,0.60
7,CA_PGE_CEN,2010,0.20
7,CA_PGE_CEN,2011,0.20
7,CA_PGE_CEN,2012,0.20
7,CA_PGE_CEN,2013,0.20
7,CA_PGE_CEN,2014,0.22
7,CA_PGE_CEN,2015,0.23
7,CA_PGE_CEN,2016,0.25
7,CA_PGE_CEN,2017,0.27
7,CA_PGE_CEN,2018,0.29
7,CA_PGE_CEN,2019,0.31
7,CA_PGE_CEN,2020,0.33
7,CA_PGE_CEN,2021,0.35
7,CA_PGE_CEN,2022,0.36
7,CA_PGE_CEN,2023,0.38
7,CA_PGE_CEN,2024,0.44
7,CA_PGE_CEN,2025,0.47
7,CA_PGE_CEN,2026,0.50
7,CA_PGE_CEN,2027,0.52
7,CA_PGE_CEN,2028,0.55
7,CA_PGE_CEN,2029,0.57
7,CA_PGE_CEN,2030,0.60
7,CA_PGE_CEN,2031,0.60
7,CA_PGE_CEN,2032,0.60
7,CA_PGE_CEN,2033,0.60
7,CA_PGE_CEN,2034,0.60
7,CA_PGE_CEN,2035,0.60
7,CA_PGE_CEN,2036,0.60
7,CA_PGE_CEN,2037,0.60
7,CA_PGE_CEN,2038,0.60
7,CA_PGE_CEN,2039,0.60
7,CA_PGE_CEN,2040,0.60
7,CA_PGE_CEN,2041,0.60
7,CA_PGE_CEN,2042,0.60
7,CA_PGE_CEN,2043,0.60
7,CA_PGE_CEN,2044,0.60
7,CA_PGE_CEN,2045,0.60
7,CA_PGE_CEN,2046,0.60
7,CA_PGE_CEN,2047,0.60
7,CA_PGE_CEN,2048,0.60
7,CA_PGE_CEN,2049,0.60
7,CA_PGE_CEN,2050,0.60
7,CA_PGE_CEN,2051,0.60
7,CA_PGE_CEN,2052,0.60
7,CA_PGE_CEN,2053,0.60
7,CA_PGE_CEN,2054,0.60
7,CA_PGE_CEN,2055,0.60
7,CA_PGE_CEN,2056,0.60
7,CA_PGE_CEN,2057,0.60
7,CA_PGE_CEN,2058,0.60
7,CA_PGE_CEN,2059,0.60
7,CA_PGE_CEN,2060,0.60
7,CA_PGE_CEN,2061,0.60
7,CA_PGE_CEN,2062,0.60
7,CA_PGE_CEN,2063,0.60
7,CA_PGE_CEN,2064,0.60
7,CA_PGE_CEN,2065,0.60
7,CA_PGE_CEN,2066,0.60
7,CA_PGE_CEN,2067,0.60
7,CA_PGE_CEN,2068,0.60
7,CA_PGE_CEN,2069,0.60
7,CA_PGE_CEN,2070,0.60
7,CA_PGE_CEN,2071,0.60
7,CA_PGE_CEN,2072,0.60
7,CA_PGE_CEN,2073,0.60
7,CA_PGE_CEN,2074,0.60
7,CA_PGE_CEN,2075,0.60
7,CA_PGE_CEN,2076,0.60
7,CA_PGE_CEN,2077,0.60
7,CA_PGE_CEN,2078,0.60
7,CA_PGE_CEN,2079,0.60
7,CA_PGE_CEN,2080,0.60
7,CA_PGE_N,2010,0.20
7,CA_PGE_N,2011,0.20
7,CA_PGE_N,2012,0.20
7,CA_PGE_N,2013,0.20
7,CA_PGE_N,2014,0.22
7,CA_PGE_N,2015,0.23
7,CA_PGE_N,2016,0.25
7,CA_PGE_N,2017,0.27
7,CA_PGE_N,2018,0.29
7,CA_PGE_N,2019,0.31
7,CA_PGE_N,2020,0.33
7,CA_PGE_N,2021,0.35
7,CA_PGE_N,2022,0.36
7,CA_PGE_N,2023,0.38
7,CA_PGE_N,2024,0.44
7,CA_PGE_N,2025,0.47
7,CA_PGE_N,2026,0.50
7,CA_PGE_N,2027,0.52
7,CA_PGE_N,2028,0.55
7,CA_PGE_N,2029,0.57
7,CA_PGE_N,2030,0.60
7,CA_PGE_N,2031,0.60
7,CA_PGE_N,2032,0.60
7,CA_PGE_N,2033,0.60
7,CA_PGE_N,2034,0.60
7,CA_PGE_N,2035,0.60
7,CA_PGE_N,2036,0.60
7,CA_PGE_N,2037,0.60
7,CA_PGE_N,2038,0.60
7,CA_PGE_N,2039,0.60
7,CA_PGE_N,2040,0.60
7,CA_PGE_N,2041,0.60
7,CA_PGE_N,2042,0.60
7,CA_PGE_N,2043,0.60
7,CA_PGE_N,2044,0.60
7,CA_PGE_N,2045,0.60
7,CA_PGE_N,2046,0.60
7,CA_PGE_N,2047,0.60
7,CA_PGE_N,2048,0.60
7,CA_PGE_N,2049,0.60
7,CA_PGE_N,2050,0.60
7,CA_PGE_N,2051,0.60
7,CA_PGE_N,2052,0.60
7,CA_PGE_N,2053,0.60
7,CA_PGE_N,2054,0.60
7,CA_PGE_N,2055,0.60
7,CA_PGE_N,2056,0.60
7,CA_PGE_N,2057,0.60
7,CA_PGE_N,2058,0.60
7,CA_PGE_N,2059,0.60
7,CA_PGE_N,2060,0.60
7,CA_PGE_N,2061,0.60
7,CA_PGE_N,2062,0.60
7,CA_PGE_N,2063,0.60
7,CA_PGE_N,2064,0.60
7,CA_PGE_N,2065,0.60
7,CA_PGE_N,2066,0.60
7,CA_PGE_N,2067,0.60
7,CA_PGE_N,2068,0.60
7,CA_PGE_N,2069,0.60
7,CA_PGE_N,2070,0.60
7,CA_PGE_N,2071,0.60
7,CA_PGE_N,2072,0.60
7,CA_PGE_N,2073,0.60
7,CA_PGE_N,2074,0.60
7,CA_PGE_N,2075,0.60
7,CA_PGE_N,2076,0.60
7,CA_PGE_N,2077,0.60
7,CA_PGE_N,2078,0.60
7,CA_PGE_N,2079,0.60
7,CA_PGE_N,2080,0.60
7,CA_PGE_S,2010,0.20
7,CA_PGE_S,2011,0.20
7,CA_PGE_S,2012,0.20
7,CA_PGE_S,2013,0.20
7,CA_PGE_S,2014,0.22
7,CA_PGE_S,2015,0.23
7,CA_PGE_S,2016,0.25
7,CA_PGE_S,2017,0.27
7,CA_PGE_S,2018,0.29
7,CA_PGE_S,2019,0.31
7,CA_PGE_S,2020,0.33
7,CA_PGE_S,2021,0.35
7,CA_PGE_S,2022,0.36
7,CA_PGE_S,2023,0.38
7,CA_PGE_S,2024,0.44
7,CA_PGE_S,2025,0.47
7,CA_PGE_S,2026,0.50
7,CA_PGE_S,2027,0.52
7,CA_PGE_S,2028,0.55
7,CA_PGE_S,2029,0.57
7,CA_PGE_S,2030,0.60
7,CA_PGE_S,2031,0.60
7,CA_PGE_S,2032,0.60
7,CA_PGE_S,2033,0.60
7,CA_PGE_S,2034,0.60
7,CA_PGE_S,2035,0.60
7,CA_PGE_S,2036,0.60
7,CA_PGE_S,2037,0.60
7,CA_PGE_S,2038,0.60
7,CA_PGE_S,2039,0.60
7,CA_PGE_S,2040,0.60
7,CA_PGE_S,2041,0.60
7,CA_PGE_S,2042,0.60
7,CA_PGE_S,2043,0.60
7,CA_PGE_S,2044,0.60
7,CA_PGE_S,2045,0.60
7,CA_PGE_S,2046,0.60
7,CA_PGE_S,2047,0.60
7,CA_PGE_S,2048,0.60
7,CA_PGE_S,2049,0.60
7,CA_PGE_S,2050,0.60
7,CA_PGE_S,2051,0.60
7,CA_PGE_S,2052,0.60
7,CA_PGE_S,2053,0.60
7,CA_PGE_S,2054,0.60
7,CA_PGE_S,2055,0.60
7,CA_PGE_S,2056,0.60
7,CA_PGE_S,2057,0.60
7,CA_PGE_S,2058,0.60
7,CA_PGE_S,2059,0.60
7,CA_PGE_S,2060,0.60
7,CA_PGE_S,2061,0.60
7,CA_PGE_S,2062,0.60
7,CA_PGE_S,2063,0.60
7,CA_PGE_S,2064,0.60
7,CA_PGE_S,2065,0.60
7,CA_PGE_S,2066,0.60
7,CA_PGE_S,2067,0.60
7,CA_PGE_S,2068,0.60
7,CA_PGE_S,2069,0.60
7,CA_PGE_S,2070,0.60
7,CA_PGE_S,2071,0.60
7,CA_PGE_S,2072,0.60
7,CA_PGE_S,2073,0.60
7,CA_PGE_S,2074,0.60
7,CA_PGE_S,2075,0.60
7,CA_PGE_S,2076,0.60
7,CA_PGE_S,2077,0.60
7,CA_PGE_S,2078,0.60
7,CA_PGE_S,2079,0.60
7,CA_PGE_S,2080,0.60
7,CA_SCE_CEN,2010,0.20
7,CA_SCE_CEN,2011,0.20
7,CA_SCE_CEN,2012,0.20
7,CA_SCE_CEN,2013,0.20
7,CA_SCE_CEN,2014,0.22
7,CA_SCE_CEN,2015,0.23
7,CA_SCE_CEN,2016,0.25
7,CA_SCE_CEN,2017,0.27
7,CA_SCE_CEN,2018,0.29
7,CA_SCE_CEN,2019,0.31
7,CA_SCE_CEN,2020,0.33
7,CA_SCE_CEN,2021,0.35
7,CA_SCE_CEN,2022,0.36
7,CA_SCE_CEN,2023,0.38
7,CA_SCE_CEN,2024,0.44
7,CA_SCE_CEN,2025,0.47
7,CA_SCE_CEN,2026,0.50
7,CA_SCE_CEN,2027,0.52
7,CA_SCE_CEN,2028,0.55
7,CA_SCE_CEN,2029,0.57
7,CA_SCE_CEN,2030,0.60
7,CA_SCE_CEN,2031,0.60
7,CA_SCE_CEN,2032,0.60
7,CA_SCE_CEN,2033,0.60
7,CA_SCE_CEN,2034,0.60
7,CA_SCE_CEN,2035,0.60
7,CA_SCE_CEN,2036,0.60
7,CA_SCE_CEN,2037,0.60
7,CA_SCE_CEN,2038,0.60
7,CA_SCE_CEN,2039,0.60
7,CA_SCE_CEN,2040,0.60
7,CA_SCE_CEN,2041,0.60
7,CA_SCE_CEN,2042,0.60
7,CA_SCE_CEN,2043,0.60
7,CA_SCE_CEN,2044,0.60
7,CA_SCE_CEN,2045,0.60
7,CA_SCE_CEN,2046,0.60
7,CA_SCE_CEN,2047,0.60
7,CA_SCE_CEN,2048,0.60
7,CA_SCE_CEN,2049,0.60
7,CA_SCE_CEN,2050,0.60
7,CA_SCE_CEN,2051,0.60
7,CA_SCE_CEN,2052,0.60
7,CA_SCE_CEN,2053,0.60
7,CA_SCE_CEN,2054,0.60
7,CA_SCE_CEN,2055,0.60
7,CA_SCE_CEN,2056,0.60
7,CA_SCE_CEN,2057,0.60
7,CA_SCE_CEN,2058,0.60
7,CA_SCE_CEN,2059,0.60
7,CA_SCE_CEN,2060,0.60
7,CA_SCE_CEN,2061,0.60
7,CA_SCE_CEN,2062,0.60
7,CA_SCE_CEN,2063,0.60
7,CA_SCE_CEN,2064,0.60
7,CA_SCE_CEN,2065,0.60
7,CA_SCE_CEN,2066,0.60
7,CA_SCE_CEN,2067,0.60
7,CA_SCE_CEN,2068,0.60
7,CA_SCE_CEN,2069,0.60
7,CA_SCE_CEN,2070,0.60
7,CA_SCE_CEN,2071,0.60
7,CA_SCE_CEN,2072,0.60
7,CA_SCE_CEN,2073,0.60
7,CA_SCE_CEN,2074,0.60
7,CA_SCE_CEN,2075,0.60
7,CA_SCE_CEN,2076,0.60
7,CA_SCE_CEN,2077,0.60
7,CA_SCE_CEN,2078,0.60
7,CA_SCE_CEN,2079,0.60
7,CA_SCE_CEN,2080,0.60
7,CA_SCE_S,2010,0.20
7,CA_SCE_S,2011,0.20
7,CA_SCE_S,2012,0.20
7,CA_SCE_S,2013,0.20
7,CA_SCE_S,2014,0.22
7,CA_SCE_S,2015,0.23
7,CA_SCE_S,2016,0.25
7,CA_SCE_S,2017,0.27
7,CA_SCE_S,2018,0.29
7,CA_SCE_S,2019,0.31
7,CA_SCE_S,2020,0.33
7,CA_SCE_S,2021,0.35
7,CA_SCE_S,2022,0.36
7,CA_SCE_S,2023,0.38
7,CA_SCE_S,2024,0.44
7,CA_SCE_S,2025,0.47
7,CA_SCE_S,2026,0.50
7,CA_SCE_S,2027,0.52
7,CA_SCE_S,2028,0.55
7,CA_SCE_S,2029,0.57
7,CA_SCE_S,2030,0.60
7,CA_SCE_S,2031,0.60
7,CA_SCE_S,2032,0.60
7,CA_SCE_S,2033,0.60
7,CA_SCE_S,2034,0.60
7,CA_SCE_S,2035,0.60
7,CA_SCE_S,2036,0.60
7,CA_SCE_S,2037,0.60
7,CA_SCE_S,2038,0.60
7,CA_SCE_S,2039,0.60
7,CA_SCE_S,2040,0.60
7,CA_SCE_S,2041,0.60
7,CA_SCE_S,2042,0.60
7,CA_SCE_S,2043,0.60
7,CA_SCE_S,2044,0.60
7,CA_SCE_S,2045,0.60
7,CA_SCE_S,2046,0.60
7,CA_SCE_S,2047,0.60
7,CA_SCE_S,2048,0.60
7,CA_SCE_S,2049,0.60
7,CA_SCE_S,2050,0.60
7,CA_SCE_S,2051,0.60
7,CA_SCE_S,2052,0.60
7,CA_SCE_S,2053,0.60
7,CA_SCE_S,2054,0.60
7,CA_SCE_S,2055,0.60
7,CA_SCE_S,2056,0.60
7,CA_SCE_S,2057,0.60
7,CA_SCE_S,2058,0.60
7,CA_SCE_S,2059,0.60
7,CA_SCE_S,2060,0.60
7,CA_SCE_S,2061,0.60
7,CA_SCE_S,2062,0.60
7,CA_SCE_S,2063,0.60
7,CA_SCE_S,2064,0.60
7,CA_SCE_S,2065,0.60
7,CA_SCE_S,2066,0.60
7,CA_SCE_S,2067,0.60
7,CA_SCE_S,2068,0.60
7,CA_SCE_S,2069,0.60
7,CA_SCE_S,2070,0.60
7,CA_SCE_S,2071,0.60
7,CA_SCE_S,2072,0.60
7,CA_SCE_S,2073,0.60
7,CA_SCE_S,2074,0.60
7,CA_SCE_S,2075,0.60
7,CA_SCE_S,2076,0.60
7,CA_SCE_S,2077,0.60
7,CA_SCE_S,2078,0.60
7,CA_SCE_S,2079,0.60
7,CA_SCE_S,2080,0.60
7,CA_SCE_SE,2010,0.20
7,CA_SCE_SE,2011,0.20
7,CA_SCE_SE,2012,0.20
7,CA_SCE_SE,2013,0.20
7,CA_SCE_SE,2014,0.22
7,CA_SCE_SE,2015,0.23
7,CA_SCE_SE,2016,0.25
7,CA_SCE_SE,2017,0.27
7,CA_SCE_SE,2018,0.29
7,CA_SCE_SE,2019,0.31
7,CA_SCE_SE,2020,0.33
7,CA_SCE_SE,2021,0.35
7,CA_SCE_SE,2022,0.36
7,CA_SCE_SE,2023,0.38
7,CA_SCE_SE,2024,0.44
7,CA_SCE_SE,2025,0.47
7,CA_SCE_SE,2026,0.50
7,CA_SCE_SE,2027,0.52
7,CA_SCE_SE,2028,0.55
7,CA_SCE_SE,2029,0.57
7,CA_SCE_SE,2030,0.60
7,CA_SCE_SE,2031,0.60
7,CA_SCE_SE,2032,0.60
7,CA_SCE_SE,2033,0.60
7,CA_SCE_SE,2034,0.60
7,CA_SCE_SE,2035,0.60
7,CA_SCE_SE,2036,0.60
7,CA_SCE_SE,2037,0.60
7,CA_SCE_SE,2038,0.60
7,CA_SCE_SE,2039,0.60
7,CA_SCE_SE,2040,0.60
7,CA_SCE_SE,2041,0.60
7,CA_SCE_SE,2042,0.60
7,CA_SCE_SE,2043,0.60
7,CA_SCE_SE,2044,0.60
7,CA_SCE_SE,2045,0.60
7,CA_SCE_SE,2046,0.60
7,CA_SCE_SE,2047,0.60
7,CA_SCE_SE,2048,0.60
7,CA_SCE_SE,2049,0.60
7,CA_SCE_SE,2050,0.60
7,CA_SCE_SE,2051,0.60
7,CA_SCE_SE,2052,0.60
7,CA_SCE_SE,2053,0.60
7,CA_SCE_SE,2054,0.60
7,CA_SCE_SE,2055,0.60
7,CA_SCE_SE,2056,0.60
7,CA_SCE_SE,2057,0.60
7,CA_SCE_SE,2058,0.60
7,CA_SCE_SE,2059,0.60
7,CA_SCE_SE,2060,0.60
7,CA_SCE_SE,2061,0.60
7,CA_SCE_SE,2062,0.60
7,CA_SCE_SE,2063,0.60
7,CA_SCE_SE,2064,0.60
7,CA_SCE_SE,2065,0.60
7,CA_SCE_SE,2066,0.60
7,CA_SCE_SE,2067,0.60
7,CA_SCE_SE,2068,0.60
7,CA_SCE_SE,2069,0.60
7,CA_SCE_SE,2070,0.60
7,CA_SCE_SE,2071,0.60
7,CA_SCE_SE,2072,0.60
7,CA_SCE_SE,2073,0.60
7,CA_SCE_SE,2074,0.60
7,CA_SCE_SE,2075,0.60
7,CA_SCE_SE,2076,0.60
7,CA_SCE_SE,2077,0.60
7,CA_SCE_SE,2078,0.60
7,CA_SCE_SE,2079,0.60
7,CA_SCE_SE,2080,0.60
7,CA_SCE_VLY,2010,0.20
7,CA_SCE_VLY,2011,0.20
7,CA_SCE_VLY,2012,0.20
7,CA_SCE_VLY,2013,0.20
7,CA_SCE_VLY,2014,0.22
7,CA_SCE_VLY,2015,0.23
7,CA_SCE_VLY,2016,0.25
7,CA_SCE_VLY,2017,0.27
7,CA_SCE_VLY,2018,0.29
7,CA_SCE_VLY,2019,0.31
7,CA_SCE_VLY,2020,0.33
7,CA_SCE_VLY,2021,0.35
7,CA_SCE_VLY,2022,0.36
7,CA_SCE_VLY,2023,0.38
7,CA_SCE_VLY,2024,0.44
7,CA_SCE_VLY,2025,0.47
7,CA_SCE_VLY,2026,0.50
7,CA_SCE_VLY,2027,0.52
7,CA_SCE_VLY,2028,0.55
7,CA_SCE_VLY,2029,0.57
7,CA_SCE_VLY,2030,0.60
7,CA_SCE_VLY,2031,0.60
7,CA_SCE_VLY,2032,0.60
7,CA_SCE_VLY,2033,0.60
7,CA_SCE_VLY,2034,0.60
7,CA_SCE_VLY,2035,0.60
7,CA_SCE_VLY,2036,0.60
7,CA_SCE_VLY,2037,0.60
7,CA_SCE_VLY,2038,0.60
7,CA_SCE_VLY,2039,0.60
7,CA_SCE_VLY,2040,0.60
7,CA_SCE_VLY,2041,0.60
7,CA_SCE_VLY,2042,0.60
7,CA_SCE_VLY,2043,0.60
7,CA_SCE_VLY,2044,0.60
7,CA_SCE_VLY,2045,0.60
7,CA_SCE_VLY,2046,0.60
7,CA_SCE_VLY,2047,0.60
7,CA_SCE_VLY,2048,0.60
7,CA_SCE_VLY,2049,0.60
7,CA_SCE_VLY,2050,0.60
7,CA_SCE_VLY,2051,0.60
7,CA_SCE_VLY,2052,0.60
7,CA_SCE_VLY,2053,0.60
7,CA_SCE_VLY,2054,0.60
7,CA_SCE_VLY,2055,0.60
7,CA_SCE_VLY,2056,0.60
7,CA_SCE_VLY,2057,0.60
7,CA_SCE_VLY,2058,0.60
7,CA_SCE_VLY,2059,0.60
7,CA_SCE_VLY,2060,0.60
7,CA_SCE_VLY,2061,0.60
7,CA_SCE_VLY,2062,0.60
7,CA_SCE_VLY,2063,0.60
7,CA_SCE_VLY,2064,0.60
7,CA_SCE_VLY,2065,0.60
7,CA_SCE_VLY,2066,0.60
7,CA_SCE_VLY,2067,0.60
7,CA_SCE_VLY,2068,0.60
7,CA_SCE_VLY,2069,0.60
7,CA_SCE_VLY,2070,0.60
7,CA_SCE_VLY,2071,0.60
7,CA_SCE_VLY,2072,0.60
7,CA_SCE_VLY,2073,0.60
7,CA_SCE_VLY,2074,0.60
7,CA_SCE_VLY,2075,0.60
7,CA_SCE_VLY,2076,0.60
7,CA_SCE_VLY,2077,0.60
7,CA_SCE_VLY,2078,0.60
7,CA_SCE_VLY,2079,0.60
7,CA_SCE_VLY,2080,0.60
7,CA_SDGE,2010,0.20
7,CA_SDGE,2011,0.20
7,CA_SDGE,2012,0.20
7,CA_SDGE,2013,0.20
7,CA_SDGE,2014,0.22
7,CA_SDGE,2015,0.23
7,CA_SDGE,2016,0.25
7,CA_SDGE,2017,0.27
7,CA_SDGE,2018,0.29
7,CA_SDGE,2019,0.31
7,CA_SDGE,2020,0.33
7,CA_SDGE,2021,0.35
7,CA_SDGE,2022,0.36
7,CA_SDGE,2023,0.38
7,CA_SDGE,2024,0.44
7,CA_SDGE,2025,0.47
7,CA_SDGE,2026,0.50
7,CA_SDGE,2027,0.52
7,CA_SDGE,2028,0.55
7,CA_SDGE,2029,0.57
7,CA_SDGE,2030,0.60
7,CA_SDGE,2031,0.60
7,CA_SDGE,2032,0.60
7,CA_SDGE,2033,0.60
7,CA_SDGE,2034,0.60
7,CA_SDGE,2035,0.60
7,CA_SDGE,2036,0.60
7,CA_SDGE,2037,0.60
7,CA_SDGE,2038,0.60
7,CA_SDGE,2039,0.60
7,CA_SDGE,2040,0.60
7,CA_SDGE,2041,0.60
7,CA_SDGE,2042,0.60
7,CA_SDGE,2043,0.60
7,CA_SDGE,2044,0.60
7,CA_SDGE,2045,0.60
7,CA_SDGE,2046,0.60
7,CA_SDGE,2047,0.60
7,CA_SDGE,2048,0.60
7,CA_SDGE,2049,0.60
7,CA_SDGE,2050,0.60
7,CA_SDGE,2051,0.60
7,CA_SDGE,2052,0.60
7,CA_SDGE,2053,0.60
7,CA_SDGE,2054,0.60
7,CA_SDGE,2055,0.60
7,CA_SDGE,2056,0.60
7,CA_SDGE,2057,0.60
7,CA_SDGE,2058,0.60
7,CA_SDGE,2059,0.60
7,CA_SDGE,2060,0.60
7,CA_SDGE,2061,0.60
7,CA_SDGE,2062,0.60
7,CA_SDGE,2063,0.60
7,CA_SDGE,2064,0.60
7,CA_SDGE,2065,0.60
7,CA_SDGE,2066,0.60
7,CA_SDGE,2067,0.60
7,CA_SDGE,2068,0.60
7,CA_SDGE,2069,0.60
7,CA_SDGE,2070,0.60
7,CA_SDGE,2071,0.60
7,CA_SDGE,2072,0.60
7,CA_SDGE,2073,0.60
7,CA_SDGE,2074,0.60
7,CA_SDGE,2075,0.60
7,CA_SDGE,2076,0.60
7,CA_SDGE,2077,0.60
7,CA_SDGE,2078,0.60
7,CA_SDGE,2079,0.60
7,CA_SDGE,2080,0.60
7,CA_SMUD,2010,0.20
7,CA_SMUD,2011,0.20
7,CA_SMUD,2012,0.20
7,CA_SMUD,2013,0.20
7,CA_SMUD,2014,0.22
7,CA_SMUD,2015,0.23
7,CA_SMUD,2016,0.25
7,CA_SMUD,2017,0.27
7,CA_SMUD,2018,0.29
7,CA_SMUD,2019,0.31
7,CA_SMUD,2020,0.33
7,CA_SMUD,2021,0.35
7,CA_SMUD,2022,0.36
7,CA_SMUD,2023,0.38
7,CA_SMUD,2024,0.44
7,CA_SMUD,2025,0.47
7,CA_SMUD,2026,0.50
7,CA_SMUD,2027,0.52
7,CA_SMUD,2028,0.55
7,CA_SMUD,2029,0.57
7,CA_SMUD,2030,0.60
7,CA_SMUD,2031,0.60
7,CA_SMUD,2032,0.60
7,CA_SMUD,2033,0.60
7,CA_SMUD,2034,0.60
7,CA_SMUD,2035,0.60
7,CA_SMUD,2036,0.60
7,CA_SMUD,2037,0.60
7,CA_SMUD,2038,0.60
7,CA_SMUD,2039,0.60
7,CA_SMUD,2040,0.60
7,CA_SMUD,2041,0.60
7,CA_SMUD,2042,0.60
7,CA_SMUD,2043,0.60
7,CA_SMUD,2044,0.60
7,CA_SMUD,2045,0.60
7,CA_SMUD,2046,0.60
7,CA_SMUD,2047,0.60
7,CA_SMUD,2048,0.60
7,CA_SMUD,2049,0.60
7,CA_SMUD,2050,0.60
7,CA_SMUD,2051,0.60
7,CA_SMUD,2052,0.60
7,CA_SMUD,2053,0.60
7,CA_SMUD,2054,0.60
7,CA_SMUD,2055,0.60
7,CA_SMUD,2056,0.60
7,CA_SMUD,2057,0.60
7,CA_SMUD,2058,0.60
7,CA_SMUD,2059,0.60
7,CA_SMUD,2060,0.60
7,CA_SMUD,2061,0.60
7,CA_SMUD,2062,0.60
7,CA_SMUD,2063,0.60
7,CA_SMUD,2064,0.60
7,CA_SMUD,2065,0.60
7,CA_SMUD,2066,0.60
7,CA_SMUD,2067,0.60
7,CA_SMUD,2068,0.60
7,CA_SMUD,2069,0.60
7,CA_SMUD,2070,0.60
7,CA_SMUD,2071,0.60
7,CA_SMUD,2072,0.60
7,CA_SMUD,2073,0.60
7,CA_SMUD,2074,0.60
7,CA_SMUD,2075,0.60
7,CA_SMUD,2076,0.60
7,CA_SMUD,2077,0.60
7,CA_SMUD,2078,0.60
7,CA_SMUD,2079,0.60
7,CA_SMUD,2080,0.60
7,CO_DEN,2010,0.00
7,CO_DEN,2011,0.03
7,CO_DEN,2012,0.06
7,CO_DEN,2013,0.09
7,CO_DEN,2014,0.12
7,CO_DEN,2015,0.15
7,CO_DEN,2016,0.18
7,CO_DEN,2017,0.21
7,CO_DEN,2018,0.24
7,CO_DEN,2019,0.27
7,CO_DEN,2020,0.30
7,CO_DEN,2021,0.32
7,CO_DEN,2022,0.35
7,CO_DEN,2023,0.37
7,CO_DEN,2024,0.39
7,CO_DEN,2025,0.42
7,CO_DEN,2026,0.44
7,CO_DEN,2027,0.46
7,CO_DEN,2028,0.49
7,CO_DEN,2029,0.51
7,CO_DEN,2030,0.53
7,CO_DEN,2031,0.56
7,CO_DEN,2032,0.58
7,CO_DEN,2033,0.60
7,CO_DEN,2034,0.63
7,CO_DEN,2035,0.65
7,CO_DEN,2036,0.67
7,CO_DEN,2037,0.70
7,CO_DEN,2038,0.72
7,CO_DEN,2039,0.74
7,CO_DEN,2040,0.77
7,CO_DEN,2041,0.79
7,CO_DEN,2042,0.81
7,CO_DEN,2043,0.84
7,CO_DEN,2044,0.86
7,CO_DEN,2045,0.88
7,CO_DEN,2046,0.91
7,CO_DEN,2047,0.93
7,CO_DEN,2048,0.95
7,CO_DEN,2049,0.98
7,CO_DEN,2050,1.00
7,CO_DEN,2051,1.00
7,CO_DEN,2052,1.00
7,CO_DEN,2053,1.00
7,CO_DEN,2054,1.00
7,CO_DEN,2055,1.00
7,CO_DEN,2056,1.00
7,CO_DEN,2057,1.00
7,CO_DEN,2058,1.00
7,CO_DEN,2059,1.00
7,CO_DEN,2060,1.00
7,CO_DEN,2061,1.00
7,CO_DEN,2062,1.00
7,CO_DEN,2063,1.00
7,CO_DEN,2064,1.00
7,CO_DEN,2065,1.00
7,CO_DEN,2066,1.00
7,CO_DEN,2067,1.00
7,CO_DEN,2068,1.00
7,CO_DEN,2069,1.00
7,CO_DEN,2070,1.00
7,CO_DEN,2071,1.00
7,CO_DEN,2072,1.00
7,CO_DEN,2073,1.00
7,CO_DEN,2074,1.00
7,CO_DEN,2075,1.00
7,CO_DEN,2076,1.00
7,CO_DEN,2077,1.00
7,CO_DEN,2078,1.00
7,CO_DEN,2079,1.00
7,CO_DEN,2080,1.00
7,CO_E,2010,0.00
7,CO_E,2011,0.03
7,CO_E,2012,0.06
7,CO_E,2013,0.09
7,CO_E,2014,0.12
7,CO_E,2015,0.15
7,CO_E,2016,0.18
7,CO_E,2017,0.21
7,CO_E,2018,0.24
7,CO_E,2019,0.27
7,CO_E,2020,0.30
7,CO_E,2021,0.30
7,CO_E,2022,0.30
7,CO_E,2023,0.30
7,CO_E,2024,0.30
7,CO_E,2025,0.30
7,CO_E,2026,0.30
7,CO_E,2027,0.30
7,CO_E,2028,0.30
7,CO_E,2029,0.30
7,CO_E,2030,0.30
7,CO_E,2031,0.30
7,CO_E,2032,0.30
7,CO_E,2033,0.30
7,CO_E,2034,0.30
7,CO_E,2035,0.30
7,CO_E,2036,0.30
7,CO_E,2037,0.30
7,CO_E,2038,0.30
7,CO_E,2039,0.30
7,CO_E,2040,0.30
7,CO_E,2041,0.30
7,CO_E,2042,0.30
7,CO_E,2043,0.30
7,CO_E,2044,0.30
7,CO_E,2045,0.30
7,CO_E,2046,0.30
7,CO_E,2047,0.30
7,CO_E,2048,0.30
7,CO_E,2049,0.30
7,CO_E,2050,0.30
7,CO_E,2051,0.30
7,CO_E,2052,0.30
7,CO_E,2053,0.30
7,CO_E,2054,0.30
7,CO_E,2055,0.30
7,CO_E,2056,0.30
7,CO_E,2057,0.30
7,CO_E,2058,0.30
7,CO_E,2059,0.30
7,CO_E,2060,0.30
7,CO_E,2061,0.30
7,CO_E,2062,0.30
7,CO_E,2063,0.30
7,CO_E,2064,0.30
7,CO_E,2065,0.30
7,CO_E,2066,0.30
7,CO_E,2067,0.30
7,CO_E,2068,0.30
7,CO_E,2069,0.30
7,CO_E,2070,0.30
7,CO_E,2071,0.30
7,CO_E,2072,0.30
7,CO_E,2073,0.30
7,CO_E,2074,0.30
7,CO_E,2075,0.30
7,CO_E,2076,0.30
7,CO_E,2077,0.30
7,CO_E,2078,0.30
7,CO_E,2079,0.30
7,CO_E,2080,0.30
7,CO_NW,2010,0.00
7,CO_NW,2011,0.03
7,CO_NW,2012,0.06
7,CO_NW,2013,0.09
7,CO_NW,2014,0.12
7,CO_NW,2015,0.15
7,CO_NW,2016,0.18
7,CO_NW,2017,0.21
7,CO_NW,2018,0.24
7,CO_NW,2019,0.27
7,CO_NW,2020,0.30
7,CO_NW,2021,0.32
7,CO_NW,2022,0.35
7,CO_NW,2023,0.37
7,CO_NW,2024,0.39
7,CO_NW,2025,0.42
7,CO_NW,2026,0.44
7,CO_NW,2027,0.46
7,CO_NW,2028,0.49
7,CO_NW,2029,0.51
7,CO_NW,2030,0.53
7,CO_NW,2031,0.56
7,CO_NW,2032,0.58
7,CO_NW,2033,0.60
7,CO_NW,2034,0.63
7,CO_NW,2035,0.65
7,CO_NW,2036,0.67
7,CO_NW,2037,0.70
7,CO_NW,2038,0.72
7,CO_NW,2039,0.74
7,CO_NW,2040,0.77
7,CO_NW,2041,0.79
7,CO_NW,2042,0.81
7,CO_NW,2043,0.84
7,CO_NW,2044,0.86
7,CO_NW,2045,0.88
7,CO_NW,2046,0.91
7,CO_NW,2047,0.93
7,CO_NW,2048,0.95
7,CO_NW,2049,0.98
7,CO_NW,2050,1.00
7,CO_NW,2051,1.00
7,CO_NW,2052,1.00
7,CO_NW,2053,1.00
7,CO_NW,2054,1.00
7,CO_NW,2055,1.00
7,CO_NW,2056,1.00
7,CO_NW,2057,1.00
7,CO_NW,2058,1.00
7,CO_NW,2059,1.00
7,CO_NW,2060,1.00
7,CO_NW,2061,1.00
7,CO_NW,2062,1.00
7,CO_NW,2063,1.00
7,CO_NW,2064,1.00
7,CO_NW,2065,1.00
7,CO_NW,2066,1.00
7,CO_NW,2067,1.00
7,CO_NW,2068,1.00
7,CO_NW,2069,1.00
7,CO_NW,2070,1.00
7,CO_NW,2071,1.00
7,CO_NW,2072,1.00
7,CO_NW,2073,1.00
7,CO_NW,2074,1.00
7,CO_NW,2075,1.00
7,CO_NW,2076,1.00
7,CO_NW,2077,1.00
7,CO_NW,2078,1.00
7,CO_NW,2079,1.00
7,CO_NW,2080,1.00
7,CO_SW,2010,0.00
7,CO_SW,2011,0.03
7,CO_SW,2012,0.06
7,CO_SW,2013,0.09
7,CO_SW,2014,0.12
7,CO_SW,2015,0.15
7,CO_SW,2016,0.18
7,CO_SW,2017,0.21
7,CO_SW,2018,0.24
7,CO_SW,2019,0.27
7,CO_SW,2020,0.30
7,CO_SW,2021,0.30
7,CO_SW,2022,0.30
7,CO_SW,2023,0.30
7,CO_SW,2024,0.30
7,CO_SW,2025,0.30
7,CO_SW,2026,0.30
7,CO_SW,2027,0.30
7,CO_SW,2028,0.30
7,CO_SW,2029,0.30
7,CO_SW,2030,0.30
7,CO_SW,2031,0.30
7,CO_SW,2032,0.30
7,CO_SW,2033,0.30
7,CO_SW,2034,0.30
7,CO_SW,2035,0.30
7,CO_SW,2036,0.30
7,CO_SW,2037,0.30
7,CO_SW,2038,0.30
7,CO_SW,2039,0.30
7,CO_SW,2040,0.30
7,CO_SW,2041,0.30
7,CO_SW,2042,0.30
7,CO_SW,2043,0.30
7,CO_SW,2044,0.30
7,CO_SW,2045,0.30
7,CO_SW,2046,0.30
7,CO_SW,2047,0.30
7,CO_SW,2048,0.30
7,CO_SW,2049,0.30
7,CO_SW,2050,0.30
7,CO_SW,2051,0.30
7,CO_SW,2052,0.30
7,CO_SW,2053,0.30
7,CO_SW,2054,0.30
7,CO_SW,2055,0.30
7,CO_SW,2056,0.30
7,CO_SW,2057,0.30
7,CO_SW,2058,0.30
7,CO_SW,2059,0.30
7,CO_SW,2060,0.30
7,CO_SW,2061,0.30
7,CO_SW,2062,0.30
7,CO_SW,2063,0.30
7,CO_SW,2064,0.30
7,CO_SW,2065,0.30
7,CO_SW,2066,0.30
7,CO_SW,2067,0.30
7,CO_SW,2068,0.30
7,CO_SW,2069,0.30
7,CO_SW,2070,0.30
7,CO_SW,2071,0.30
7,CO_SW,2072,0.30
7,CO_SW,2073,0.30
7,CO_SW,2074,0.30
7,CO_SW,2075,0.30
7,CO_SW,2076,0.30
7,CO_SW,2077,0.30
7,CO_SW,2078,0.30
7,CO_SW,2079,0.30
7,CO_SW,2080,0.30
7,ID_E,2010,0.00
7,ID_E,2011,0.00
7,ID_E,2012,0.00
7,ID_E,2013,0.00
7,ID_E,2014,0.00
7,ID_E,2015,0.00
7,ID_E,2016,0.00
7,ID_E,2017,0.00
7,ID_E,2018,0.00
7,ID_E,2019,0.00
7,ID_E,2020,0.00
7,ID_E,2021,0.00
7,ID_E,2022,0.00
7,ID_E,2023,0.00
7,ID_E,2024,0.00
7,ID_E,2025,0.00
7,ID_E,2026,0.00
7,ID_E,2027,0.00
7,ID_E,2028,0.00
7,ID_E,2029,0.00
7,ID_E,2030,0.00
7,ID_E,2031,0.00
7,ID_E,2032,0.00
7,ID_E,2033,0.00
7,ID_E,2034,0.00
7,ID_E,2035,0.00
7,ID_E,2036,0.00
7,ID_E,2037,0.00
7,ID_E,2038,0.00
7,ID_E,2039,0.00
7,ID_E,2040,0.00
7,ID_E,2041,0.00
7,ID_E,2042,0.00
7,ID_E,2043,0.00
7,ID_E,2044,0.00
7,ID_E,2045,0.00
7,ID_E,2046,0.00
7,ID_E,2047,0.00
7,ID_E,2048,0.00
7,ID_E,2049,0.00
7,ID_E,2050,0.00
7,ID_E,2051,0.00
7,ID_E,2052,0.00
7,ID_E,2053,0.00
7,ID_E,2054,0.00
7,ID_E,2055,0.00
7,ID_E,2056,0.00
7,ID_E,2057,0.00
7,ID_E,2058,0.00
7,ID_E,2059,0.00
7,ID_E,2060,0.00
7,ID_E,2061,0.00
7,ID_E,2062,0.00
7,ID_E,2063,0.00
7,ID_E,2064,0.00
7,ID_E,2065,0.00
7,ID_E,2066,0.00
7,ID_E,2067,0.00
7,ID_E,2068,0.00
7,ID_E,2069,0.00
7,ID_E,2070,0.00
7,ID_E,2071,0.00
7,ID_E,2072,0.00
7,ID_E,2073,0.00
7,ID_E,2074,0.00
7,ID_E,2075,0.00
7,ID_E,2076,0.00
7,ID_E,2077,0.00
7,ID_E,2078,0.00
7,ID_E,2079,0.00
7,ID_E,2080,0.00
7,ID_S_OR_E,2010,0.00
7,ID_S_OR_E,2011,0.00
7,ID_S_OR_E,2012,0.00
7,ID_S_OR_E,2013,0.00
7,ID_S_OR_E,2014,0.00
7,ID_S_OR_E,2015,0.00
7,ID_S_OR_E,2016,0.00
7,ID_S_OR_E,2017,0.00
7,ID_S_OR_E,2018,0.00
7,ID_S_OR_E,2019,0.00
7,ID_S_OR_E,2020,0.00
7,ID_S_OR_E,2021,0.00
7,ID_S_OR_E,2022,0.00
7,ID_S_OR_E,2023,0.00
7,ID_S_OR_E,2024,0.00
7,ID_S_OR_E,2025,0.00
7,ID_S_OR_E,2026,0.00
7,ID_S_OR_E,2027,0.00
7,ID_S_OR_E,2028,0.00
7,ID_S_OR_E,2029,0.00
7,ID_S_OR_E,2030,0.00
7,ID_S_OR_E,2031,0.00
7,ID_S_OR_E,2032,0.00
7,ID_S_OR_E,2033,0.00
7,ID_S_OR_E,2034,0.00
7,ID_S_OR_E,2035,0.00
7,ID_S_OR_E,2036,0.00
7,ID_S_OR_E,2037,0.00
7,ID_S_OR_E,2038,0.00
7,ID_S_OR_E,2039,0.00
7,ID_S_OR_E,2040,0.00
7,ID_S_OR_E,2041,0.00
7,ID_S_OR_E,2042,0.00
7,ID_S_OR_E,2043,0.00
7,ID_S_OR_E,2044,0.00
7,ID_S_OR_E,2045,0.00
7,ID_S_OR_E,2046,0.00
7,ID_S_OR_E,2047,0.00
7,ID_S_OR_E,2048,0.00
7,ID_S_OR_E,2049,0.00
7,ID_S_OR_E,2050,0.00
7,ID_S_OR_E,2051,0.00
7,ID_S_OR_E,2052,0.00
7,ID_S_OR_E,2053,0.00
7,ID_S_OR_E,2054,0.00
7,ID_S_OR_E,2055,0.00
7,ID_S_OR_E,2056,0.00
7,ID_S_OR_E,2057,0.00
7,ID_S_OR_E,2058,0.00
7,ID_S_OR_E,2059,0.00
7,ID_S_OR_E,2060,0.00
7,ID_S_OR_E,2061,0.00
7,ID_S_OR_E,2062,0.00
7,ID_S_OR_E,2063,0.00
7,ID_S_OR_E,2064,0.00
7,ID_S_OR_E,2065,0.00
7,ID_S_OR_E,2066,0.00
7,ID_S_OR_E,2067,0.00
7,ID_S_OR_E,2068,0.00
7,ID_S_OR_E,2069,0.00
7,ID_S_OR_E,2070,0.00
7,ID_S_OR_E,2071,0.00
7,ID_S_OR_E,2072,0.00
7,ID_S_OR_E,2073,0.00
7,ID_S_OR_E,2074,0.00
7,ID_S_OR_E,2075,0.00
7,ID_S_OR_E,2076,0.00
7,ID_S_OR_E,2077,0.00
7,ID_S_OR_E,2078,0.00
7,ID_S_OR_E,2079,0.00
7,ID_S_OR_E,2080,0.00
7,MEX_BAJA,2010,0.00
7,MEX_BAJA,2011,0.00
7,MEX_BAJA,2012,0.00
7,MEX_BAJA,2013,0.00
7,MEX_BAJA,2014,0.00
7,MEX_BAJA,2015,0.00
7,MEX_BAJA,2016,0.00
7,MEX_BAJA,2017,0.00
7,MEX_BAJA,2018,0.00
7,MEX_BAJA,2019,0.00
7,MEX_BAJA,2020,0.00
7,MEX_BAJA,2021,0.00
7,MEX_BAJA,2022,0.00
7,MEX_BAJA,2023,0.00
7,MEX_BAJA,2024,0.00
7,MEX_BAJA,2025,0.00
7,MEX_BAJA,2026,0.00
7,MEX_BAJA,2027,0.00
7,MEX_BAJA,2028,0.00
7,MEX_BAJA,2029,0.00
7,MEX_BAJA,2030,0.00
7,MEX_BAJA,2031,0.00
7,MEX_BAJA,2032,0.00
7,MEX_BAJA,2033,0.00
7,MEX_BAJA,2034,0.00
7,MEX_BAJA,2035,0.00
7,MEX_BAJA,2036,0.00
7,MEX_BAJA,2037,0.00
7,MEX_BAJA,2038,0.00
7,MEX_BAJA,2039,0.00
7,MEX_BAJA,2040,0.00
7,MEX_BAJA,2041,0.00
7,MEX_BAJA,2042,0.00
7,MEX_BAJA,2043,0.00
7,MEX_BAJA,2044,0.00
7,MEX_BAJA,2045,0.00
7,MEX_BAJA,2046,0.00
7,MEX_BAJA,2047,0.00
7,MEX_BAJA,2048,0.00
7,MEX_BAJA,2049,0.00
7,MEX_BAJA,2050,0.00
7,MEX_BAJA,2051,0.00
7,MEX_BAJA,2052,0.00
7,MEX_BAJA,2053,0.00
7,MEX_BAJA,2054,0.00
7,MEX_BAJA,2055,0.00
7,MEX_BAJA,2056,0.00
7,MEX_BAJA,2057,0.00
7,MEX_BAJA,2058,0.00
7,MEX_BAJA,2059,0.00
7,MEX_BAJA,2060,0.00
7,MEX_BAJA,2061,0.00
7,MEX_BAJA,2062,0.00
7,MEX_BAJA,2063,0.00
7,MEX_BAJA,2064,0.00
7,MEX_BAJA,2065,0.00
7,MEX_BAJA,2066,0.00
7,MEX_BAJA,2067,0.00
7,MEX_BAJA,2068,0.00
7,MEX_BAJA,2069,0.00
7,MEX_BAJA,2070,0.00
7,MEX_BAJA,2071,0.00
7,MEX_BAJA,2072,0.00
7,MEX_BAJA,2073,0.00
7,MEX_BAJA,2074,0.00
7,MEX_BAJA,2075,0.00
7,MEX_BAJA,2076,0.00
7,MEX_BAJA,2077,0.00
7,MEX_BAJA,2078,0.00
7,MEX_BAJA,2079,0.00
7,MEX_BAJA,2080,0.00
7,MT_NE,2010,0.10
7,MT_NE,2011,0.11
7,MT_NE,2012,0.12
7,MT_NE,2013,0.13
7,MT_NE,2014,0.14
7,MT_NE,2015,0.15
7,MT_NE,2016,0.15
7,MT_NE,2017,0.15
7,MT_NE,2018,0.15
7,MT_NE,2019,0.15
7,MT_NE,2020,0.15
7,MT_NE,2021,0.15
7,MT_NE,2022,0.15
7,MT_NE,2023,0.15
7,MT_NE,2024,0.15
7,MT_NE,2025,0.15
7,MT_NE,2026,0.15
7,MT_NE,2027,0.15
7,MT_NE,2028,0.15
7,MT_NE,2029,0.15
7,MT_NE,2030,0.15
7,MT_NE,2031,0.15
7,MT_NE,2032,0.15
7,MT_NE,2033,0.15
7,MT_NE,2034,0.15
7,MT_NE,2035,0.15
7,MT_NE,2036,0.15
7,MT_NE,2037,0.15
7,MT_NE,2038,0.15
7,MT_NE,2039,0.15
7,MT_NE,2040,0.15
7,MT_NE,2041,0.15
7,MT_NE,2042,0.15
7,MT_NE,2043,0.15
7,MT_NE,2044,0.15
7,MT_NE,2045,0.15
7,MT_NE,2046,0.15
7,MT_NE,2047,0.15
7,MT_NE,2048,0.15
7,MT_NE,2049,0.15
7,MT_NE,2050,0.15
7,MT_NE,2051,0.15
7,MT_NE,2052,0.15
7,MT_NE,2053,0.15
7,MT_NE,2054,0.15
7,MT_NE,2055,0.15
7,MT_NE,2056,0.15
7,MT_NE,2057,0.15
7,MT_NE,2058,0.15
7,MT_NE,2059,0.15
7,MT_NE,2060,0.15
7,MT_NE,2061,0.15
7,MT_NE,2062,0.15
7,MT_NE,2063,0.15
7,MT_NE,2064,0.15
7,MT_NE,2065,0.15
7,MT_NE,2066,0.15
7,MT_NE,2067,0.15
7,MT_NE,2068,0.15
7,MT_NE,2069,0.15
7,MT_NE,2070,0.15
7,MT_NE,2071,0.15
7,MT_NE,2072,0.15
7,MT_NE,2073,0.15
7,MT_NE,2074,0.15
7,MT_NE,2075,0.15
7,MT_NE,2076,0.15
7,MT_NE,2077,0.15
7,MT_NE,2078,0.15
7,MT_NE,2079,0.15
7,MT_NE,2080,0.15
7,MT_NW,2010,0.10
7,MT_NW,2011,0.11
7,MT_NW,2012,0.12
7,MT_NW,2013,0.13
7,MT_NW,2014,0.14
7,MT_NW,2015,0.15
7,MT_NW,2016,0.15
7,MT_NW,2017,0.15
7,MT_NW,2018,0.15
7,MT_NW,2019,0.15
7,MT_NW,2020,0.15
7,MT_NW,2021,0.15
7,MT_NW,2022,0.15
7,MT_NW,2023,0.15
7,MT_NW,2024,0.15
7,MT_NW,2025,0.15
7,MT_NW,2026,0.15
7,MT_NW,2027,0.15
7,MT_NW,2028,0.15
7,MT_NW,2029,0.15
7,MT_NW,2030,0.15
7,MT_NW,2031,0.15
7,MT_NW,2032,0.15
7,MT_NW,2033,0.15
7,MT_NW,2034,0.15
7,MT_NW,2035,0.15
7,MT_NW,2036,0.15
7,MT_NW,2037,0.15
7,MT_NW,2038,0.15
7,MT_NW,2039,0.15
7,MT_NW,2040,0.15
7,MT_NW,2041,0.15
7,MT_NW,2042,0.15
7,MT_NW,2043,0.15
7,MT_NW,2044,0.15
7,MT_NW,2045,0.15
7,MT_NW,2046,0.15
7,MT_NW,2047,0.15
7,MT_NW,2048,0.15
7,MT_NW,2049,0.15
7,MT_NW,2050,0.15
7,MT_NW,2051,0.15
7,MT_NW,2052,0.15
7,MT_NW,2053,0.15
7,MT_NW,2054,0.15
7,MT_NW,2055,0.15
7,MT_NW,2056,0.15
7,MT_NW,2057,0.15
7,MT_NW,2058,0.15
7,MT_NW,2059,0.15
7,MT_NW,2060,0.15
7,MT_NW,2061,0.15
7,MT_NW,2062,0.15
7,MT_NW,2063,0.15
7,MT_NW,2064,0.15
7,MT_NW,2065,0.15
7,MT_NW,2066,0.15
7,MT_NW,2067,0.15
7,MT_NW,2068,0.15
7,MT_NW,2069,0.15
7,MT_NW,2070,0.15
7,MT_NW,2071,0.15
7,MT_NW,2072,0.15
7,MT_NW,2073,0.15
7,MT_NW,2074,0.15
7,MT_NW,2075,0.15
7,MT_NW,2076,0.15
7,MT_NW,2077,0.15
7,MT_NW,2078,0.15
7,MT_NW,2079,0.15
7,MT_NW,2080,0.15
7,MT_SE,2010,0.10
7,MT_SE,2011,0.11
7,MT_SE,2012,0.12
7,MT_SE,2013,0.13
7,MT_SE,2014,0.14
7,MT_SE,2015,0.15
7,MT_SE,2016,0.15
7,MT_SE,2017,0.15
7,MT_SE,2018,0.15
7,MT_SE,2019,0.15
7,MT_SE,2020,0.15
7,MT_SE,2021,0.15
7,MT_SE,2022,0.15
7,MT_SE,2023,0.15
7,MT_SE,2024,0.15
7,MT_SE,2025,0.15
7,MT_SE,2026,0.15
7,MT_SE,2027,0.15
7,MT_SE,2028,0.15
7,MT_SE,2029,0.15
7,MT_SE,2030,0.15
7,MT_SE,2031,0.15
7,MT_SE,2032,0.15
7,MT_SE,2033,0.15
7,MT_SE,2034,0.15
7,MT_SE,2035,0.15
7,MT_SE,2036,0.15
7,MT_SE,2037,0.15
7,MT_SE,2038,0.15
7,MT_SE,2039,0.15
7,MT_SE,2040,0.15
7,MT_SE,2041,0.15
7,MT_SE,2042,0.15
7,MT_SE,2043,0.15
7,MT_SE,2044,0.15
7,MT_SE,2045,0.15
7,MT_SE,2046,0.15
7,MT_SE,2047,0.15
7,MT_SE,2048,0.15
7,MT_SE,2049,0.15
7,MT_SE,2050,0.15
7,MT_SE,2051,0.15
7,MT_SE,2052,0.15
7,MT_SE,2053,0.15
7,MT_SE,2054,0.15
7,MT_SE,2055,0.15
7,MT_SE,2056,0.15
7,MT_SE,2057,0.15
7,MT_SE,2058,0.15
7,MT_SE,2059,0.15
7,MT_SE,2060,0.15
7,MT_SE,2061,0.15
7,MT_SE,2062,0.15
7,MT_SE,2063,0.15
7,MT_SE,2064,0.15
7,MT_SE,2065,0.15
7,MT_SE,2066,0.15
7,MT_SE,2067,0.15
7,MT_SE,2068,0.15
7,MT_SE,2069,0.15
7,MT_SE,2070,0.15
7,MT_SE,2071,0.15
7,MT_SE,2072,0.15
7,MT_SE,2073,0.15
7,MT_SE,2074,0.15
7,MT_SE,2075,0.15
7,MT_SE,2076,0.15
7,MT_SE,2077,0.15
7,MT_SE,2078,0.15
7,MT_SE,2079,0.15
7,MT_SE,2080,0.15
7,MT_SW,2010,0.10
7,MT_SW,2011,0.11
7,MT_SW,2012,0.12
7,MT_SW,2013,0.13
7,MT_SW,2014,0.14
7,MT_SW,2015,0.15
7,MT_SW,2016,0.15
7,MT_SW,2017,0.15
7,MT_SW,2018,0.15
7,MT_SW,2019,0.15
7,MT_SW,2020,0.15
7,MT_SW,2021,0.15
7,MT_SW,2022,0.15
7,MT_SW,2023,0.15
7,MT_SW,2024,0.15
7,MT_SW,2025,0.15
7,MT_SW,2026,0.15
7,MT_SW,2027,0.15
7,MT_SW,2028,0.15
7,MT_SW,2029,0.15
7,MT_SW,2030,0.15
7,MT_SW,2031,0.15
7,MT_SW,2032,0.15
7,MT_SW,2033,0.15
7,MT_SW,2034,0.15
7,MT_SW,2035,0.15
7,MT_SW,2036,0.15
7,MT_SW,2037,0.15
7,MT_SW,2038,0.15
7,MT_SW,2039,0.15
7,MT_SW,2040,0.15
7,MT_SW,2041,0.15
7,MT_SW,2042,0.15
7,MT_SW,2043,0.15
7,MT_SW,2044,0.15
7,MT_SW,2045,0.15
7,MT_SW,2046,0.15
7,MT_SW,2047,0.15
7,MT_SW,2048,0.15
7,MT_SW,2049,0.15
7,MT_SW,2050,0.15
7,MT_SW,2051,0.15
7,MT_SW,2052,0.15
7,MT_SW,2053,0.15
7,MT_SW,2054,0.15
7,MT_SW,2055,0.15
7,MT_SW,2056,0.15
7,MT_SW,2057,0.15
7,MT_SW,2058,0.15
7,MT_SW,2059,0.15
7,MT_SW,2060,0.15
7,MT_SW,2061,0.15
7,MT_SW,2062,0.15
7,MT_SW,2063,0.15
7,MT_SW,2064,0.15
7,MT_SW,2065,0.15
7,MT_SW,2066,0.15
7,MT_SW,2067,0.15
7,MT_SW,2068,0.15
7,MT_SW,2069,0.15
7,MT_SW,2070,0.15
7,MT_SW,2071,0.15
7,MT_SW,2072,0.15
7,MT_SW,2073,0.15
7,MT_SW,2074,0.15
7,MT_SW,2075,0.15
7,MT_SW,2076,0.15
7,MT_SW,2077,0.15
7,MT_SW,2078,0.15
7,MT_SW,2079,0.15
7,MT_SW,2080,0.15
7,NM_N,2010,0.00
7,NM_N,2011,0.03
7,NM_N,2012,0.05
7,NM_N,2013,0.08
7,NM_N,2014,0.11
7,NM_N,2015,0.13
7,NM_N,2016,0.16
7,NM_N,2017,0.19
7,NM_N,2018,0.21
7,NM_N,2019,0.24
7,NM_N,2020,0.27
7,NM_N,2021,0.29
7,NM_N,2022,0.32
7,NM_N,2023,0.35
7,NM_N,2024,0.37
7,NM_N,2025,0.40
7,NM_N,2026,0.43
7,NM_N,2027,0.45
7,NM_N,2028,0.48
7,NM_N,2029,0.51
7,NM_N,2030,0.53
7,NM_N,2031,0.56
7,NM_N,2032,0.59
7,NM_N,2033,0.61
7,NM_N,2034,0.64
7,NM_N,2035,0.67
7,NM_N,2036,0.69
7,NM_N,2037,0.72
7,NM_N,2038,0.75
7,NM_N,2039,0.77
7,NM_N,2040,0.80
7,NM_N,2041,0.84
7,NM_N,2042,0.88
7,NM_N,2043,0.92
7,NM_N,2044,0.96
7,NM_N,2045,1.00
7,NM_N,2046,1.00
7,NM_N,2047,1.00
7,NM_N,2048,1.00
7,NM_N,2049,1.00
7,NM_N,2050,1.00
7,NM_N,2051,1.00
7,NM_N,2052,1.00
7,NM_N,2053,1.00
7,NM_N,2054,1.00
7,NM_N,2055,1.00
7,NM_N,2056,1.00
7,NM_N,2057,1.00
7,NM_N,2058,1.00
7,NM_N,2059,1.00
7,NM_N,2060,1.00
7,NM_N,2061,1.00
7,NM_N,2062,1.00
7,NM_N,2063,1.00
7,NM_N,2064,1.00
7,NM_N,2065,1.00
7,NM_N,2066,1.00
7,NM_N,2067,1.00
7,NM_N,2068,1.00
7,NM_N,2069,1.00
7,NM_N,2070,1.00
7,NM_N,2071,1.00
7,NM_N,2072,1.00
7,NM_N,2073,1.00
7,NM_N,2074,1.00
7,NM_N,2075,1.00
7,NM_N,2076,1.00
7,NM_N,2077,1.00
7,NM_N,2078,1.00
7,NM_N,2079,1.00
7,NM_N,2080,1.00
7,NM_S_TX_EPE,2010,0.00
7,NM_S_TX_EPE,2011,0.03
7,NM_S_TX_EPE,2012,0.05
7,NM_S_TX_EPE,2013,0.08
7,NM_S_TX_EPE,2014,0.11
7,NM_S_TX_EPE,2015,0.13
7,NM_S_TX_EPE,2016,0.16
7,NM_S_TX_EPE,2017,0.19
7,NM_S_TX_EPE,2018,0.21
7,NM_S_TX_EPE,2019,0.24
7,NM_S_TX_EPE,2020,0.27
7,NM_S_TX_EPE,2021,0.29
7,NM_S_TX_EPE,2022,0.32
7,NM_S_TX_EPE,2023,0.35
7,NM_S_TX_EPE,2024,0.37
7,NM_S_TX_EPE,2025,0.40
7,NM_S_TX_EPE,2026,0.43
7,NM_S_TX_EPE,2027,0.45
7,NM_S_TX_EPE,2028,0.48
7,NM_S_TX_EPE,2029,0.51
7,NM_S_TX_EPE,2030,0.53
7,NM_S_TX_EPE,2031,0.56
7,NM_S_TX_EPE,2032,0.59
7,NM_S_TX_EPE,2033,0.61
7,NM_S_TX_EPE,2034,0.64
7,NM_S_TX_EPE,2035,0.67
7,NM_S_TX_EPE,2036,0.69
7,NM_S_TX_EPE,2037,0.72
7,NM_S_TX_EPE,2038,0.75
7,NM_S_TX_EPE,2039,0.77
7,NM_S_TX_EPE,2040,0.80
7,NM_S_TX_EPE,2041,0.84
7,NM_S_TX_EPE,2042,0.88
7,NM_S_TX_EPE,2043,0.92
7,NM_S_TX_EPE,2044,0.96
7,NM_S_TX_EPE,2045,1.00
7,NM_S_TX_EPE,2046,1.00
7,NM_S_TX_EPE,2047,1.00
7,NM_S_TX_EPE,2048,1.00
7,NM_S_TX_EPE,2049,1.00
7,NM_S_TX_EPE,2050,1.00
7,NM_S_TX_EPE,2051,1.00
7,NM_S_TX_EPE,2052,1.00
7,NM_S_TX_EPE,2053,1.00
7,NM_S_TX_EPE,2054,1.00
7,NM_S_TX_EPE,2055,1.00
7,NM_S_TX_EPE,2056,1.00
7,NM_S_TX_EPE,2057,1.00
7,NM_S_TX_EPE,2058,1.00
7,NM_S_TX_EPE,2059,1.00
7,NM_S_TX_EPE,2060,1.00
7,NM_S_TX_EPE,2061,1.00
7,NM_S_TX_EPE,2062,1.00
7,NM_S_TX_EPE,2063,1.00
7,NM_S_TX_EPE,2064,1.00
7,NM_S_TX_EPE,2065,1.00
7,NM_S_TX_EPE,2066,1.00
7,NM_S_TX_EPE,2067,1.00
7,NM_S_TX_EPE,2068,1.00
7,NM_S_TX_EPE,2069,1.00
7,NM_S_TX_EPE,2070,1.00
7,NM_S_TX_EPE,2071,1.00
7,NM_S_TX_EPE,2072,1.00
7,NM_S_TX_EPE,2073,1.00
7,NM_S_TX_EPE,2074,1.00
7,NM_S_TX_EPE,2075,1.00
7,NM_S_TX_EPE,2076,1.00
7,NM_S_TX_EPE,2077,1.00
7,NM_S_TX_EPE,2078,1.00
7,NM_S_TX_EPE,2079,1.00
7,NM_S_TX_EPE,2080,1.00
7,NV_N,2010,0.12
7,NV_N,2011,0.14
7,NV_N,2012,0.16
7,NV_N,2013,0.18
7,NV_N,2014,0.20
7,NV_N,2015,0.22
7,NV_N,2016,0.23
7,NV_N,2017,0.25
7,NV_N,2018,0.27
7,NV_N,2019,0.29
7,NV_N,2020,0.31
7,NV_N,2021,0.33
7,NV_N,2022,0.35
7,NV_N,2023,0.37
7,NV_N,2024,0.39
7,NV_N,2025,0.41
7,NV_N,2026,0.42
7,NV_N,2027,0.44
7,NV_N,2028,0.46
7,NV_N,2029,0.48
7,NV_N,2030,0.50
7,NV_N,2031,0.50
7,NV_N,2032,0.50
7,NV_N,2033,0.50
7,NV_N,2034,0.50
7,NV_N,2035,0.50
7,NV_N,2036,0.50
7,NV_N,2037,0.50
7,NV_N,2038,0.50
7,NV_N,2039,0.50
7,NV_N,2040,0.50
7,NV_N,2041,0.50
7,NV_N,2042,0.50
7,NV_N,2043,0.50
7,NV_N,2044,0.50
7,NV_N,2045,0.50
7,NV_N,2046,0.50
7,NV_N,2047,0.50
7,NV_N,2048,0.50
7,NV_N,2049,0.50
7,NV_N,2050,0.50
7,NV_N,2051,0.50
7,NV_N,2052,0.50
7,NV_N,2053,0.50
7,NV_N,2054,0.50
7,NV_N,2055,0.50
7,NV_N,2056,0.50
7,NV_N,2057,0.50
7,NV_N,2058,0.50
7,NV_N,2059,0.50
7,NV_N,2060,0.50
7,NV_N,2061,0.50
7,NV_N,2062,0.50
7,NV_N,2063,0.50
7,NV_N,2064,0.50
7,NV_N,2065,0.50
7,NV_N,2066,0.50
7,NV_N,2067,0.50
7,NV_N,2068,0.50
7,NV_N,2069,0.50
7,NV_N,2070,0.50
7,NV_N,2071,0.50
7,NV_N,2072,0.50
7,NV_N,2073,0.50
7,NV_N,2074,0.50
7,NV_N,2075,0.50
7,NV_N,2076,0.50
7,NV_N,2077,0.50
7,NV_N,2078,0.50
7,NV_N,2079,0.50
7,NV_N,2080,0.50
7,NV_S,2010,0.12
7,NV_S,2011,0.14
7,NV_S,2012,0.16
7,NV_S,2013,0.18
7,NV_S,2014,0.20
7,NV_S,2015,0.22
7,NV_S,2016,0.23
7,NV_S,2017,0.25
7,NV_S,2018,0.27
7,NV_S,2019,0.29
7,NV_S,2020,0.31
7,NV_S,2021,0.33
7,NV_S,2022,0.35
7,NV_S,2023,0.37
7,NV_S,2024,0.39
7,NV_S,2025,0.41
7,NV_S,2026,0.42
7,NV_S,2027,0.44
7,NV_S,2028,0.46
7,NV_S,2029,0.48
7,NV_S,2030,0.50
7,NV_S,2031,0.50
7,NV_S,2032,0.50
7,NV_S,2033,0.50
7,NV_S,2034,0.50
7,NV_S,2035,0.50
7,NV_S,2036,0.50
7,NV_S,2037,0.50
7,NV_S,2038,0.50
7,NV_S,2039,0.50
7,NV_S,2040,0.50
7,NV_S,2041,0.50
7,NV_S,2042,0.50
7,NV_S,2043,0.50
7,NV_S,2044,0.50
7,NV_S,2045,0.50
7,NV_S,2046,0.50
7,NV_S,2047,0.50
7,NV_S,2048,0.50
7,NV_S,2049,0.50
7,NV_S,2050,0.50
7,NV_S,2051,0.50
7,NV_S,2052,0.50
7,NV_S,2053,0.50
7,NV_S,2054,0.50
7,NV_S,2055,0.50
7,NV_S,2056,0.50
7,NV_S,2057,0.50
7,NV_S,2058,0.50
7,NV_S,2059,0.50
7,NV_S,2060,0.50
7,NV_S,2061,0.50
7,NV_S,2062,0.50
7,NV_S,2063,0.50
7,NV_S,2064,0.50
7,NV_S,2065,0.50
7,NV_S,2066,0.50
7,NV_S,2067,0.50
7,NV_S,2068,0.50
7,NV_S,2069,0.50
7,NV_S,2070,0.50
7,NV_S,2071,0.50
7,NV_S,2072,0.50
7,NV_S,2073,0.50
7,NV_S,2074,0.50
7,NV_S,2075,0.50
7,NV_S,2076,0.50
7,NV_S,2077,0.50
7,NV_S,2078,0.50
7,NV_S,2079,0.50
7,NV_S,2080,0.50
7,OR_E,2010,0.00
7,OR_E,2011,0.02
7,OR_E,2012,0.03
7,OR_E,2013,0.05
7,OR_E,2014,0.07
7,OR_E,2015,0.08
7,OR_E,2016,0.10
7,OR_E,2017,0.12
7,OR_E,2018,0.13
7,OR_E,2019,0.15
7,OR_E,2020,0.17
7,OR_E,2021,0.18
7,OR_E,2022,0.20
7,OR_E,2023,0.22
7,OR_E,2024,0.23
7,OR_E,2025,0.25
7,OR_E,2026,0.27
7,OR_E,2027,0.28
7,OR_E,2028,0.30
7,OR_E,2029,0.32
7,OR_E,2030,0.33
7,OR_E,2031,0.35
7,OR_E,2032,0.37
7,OR_E,2033,0.38
7,OR_E,2034,0.40
7,OR_E,2035,0.42
7,OR_E,2036,0.43
7,OR_E,2037,0.45
7,OR_E,2038,0.47
7,OR_E,2039,0.48
7,OR_E,2040,0.50
7,OR_E,2041,0.50
7,OR_E,2042,0.50
7,OR_E,2043,0.50
7,OR_E,2044,0.50
7,OR_E,2045,0.50
7,OR_E,2046,0.50
7,OR_E,2047,0.50
7,OR_E,2048,0.50
7,OR_E,2049,0.50
7,OR_E,2050,0.50
7,OR_E,2051,0.50
7,OR_E,2052,0.50
7,OR_E,2053,0.50
7,OR_E,2054,0.50
7,OR_E,2055,0.50
7,OR_E,2056,0.50
7,OR_E,2057,0.50
7,OR_E,2058,0.50
7,OR_E,2059,0.50
7,OR_E,2060,0.50
7,OR_E,2061,0.50
7,OR_E,2062,0.50
7,OR_E,2063,0.50
7,OR_E,2064,0.50
7,OR_E,2065,0.50
7,OR_E,2066,0.50
7,OR_E,2067,0.50
7,OR_E,2068,0.50
7,OR_E,2069,0.50
7,OR_E,2070,0.50
7,OR_E,2071,0.50
7,OR_E,2072,0.50
7,OR_E,2073,0.50
7,OR_E,2074,0.50
7,OR_E,2075,0.50
7,OR_E,2076,0.50
7,OR_E,2077,0.50
7,OR_E,2078,0.50
7,OR_E,2079,0.50
7,OR_E,2080,0.50
7,OR_PDX,2010,0.00
7,OR_PDX,2011,0.02
7,OR_PDX,2012,0.03
7,OR_PDX,2013,0.05
7,OR_PDX,2014,0.07
7,OR_PDX,2015,0.08
7,OR_PDX,2016,0.10
7,OR_PDX,2017,0.12
7,OR_PDX,2018,0.13
7,OR_PDX,2019,0.15
7,OR_PDX,2020,0.17
7,OR_PDX,2021,0.18
7,OR_PDX,2022,0.20
7,OR_PDX,2023,0.22
7,OR_PDX,2024,0.23
7,OR_PDX,2025,0.25
7,OR_PDX,2026,0.27
7,OR_PDX,2027,0.28
7,OR_PDX,2028,0.30
7,OR_PDX,2029,0.32
7,OR_PDX,2030,0.33
7,OR_PDX,2031,0.35
7,OR_PDX,2032,0.37
7,OR_PDX,2033,0.38
7,OR_PDX,2034,0.40
7,OR_PDX,2035,0.42
7,OR_PDX,2036,0.43
7,OR_PDX,2037,0.45
7,OR_PDX,2038,0.47
7,OR_PDX,2039,0.48
7,OR_PDX,2040,0.50
7,OR_PDX,2041,0.50
7,OR_PDX,2042,0.50
7,OR_PDX,2043,0.50
7,OR_PDX,2044,0.50
7,OR_PDX,2045,0.50
7,OR_PDX,2046,0.50
7,OR_PDX,2047,0.50
7,OR_PDX,2048,0.50
7,OR_PDX,2049,0.50
7,OR_PDX,2050,0.50
7,OR_PDX,2051,0.50
7,OR_PDX,2052,0.50
7,OR_PDX,2053,0.50
7,OR_PDX,2054,0.50
7,OR_PDX,2055,0.50
7,OR_PDX,2056,0.50
7,OR_PDX,2057,0.50
7,OR_PDX,2058,0.50
7,OR_PDX,2059,0.50
7,OR_PDX,2060,0.50
7,OR_PDX,2061,0.50
7,OR_PDX,2062,0.50
7,OR_PDX,2063,0.50
7,OR_PDX,2064,0.50
7,OR_PDX,2065,0.50
7,OR_PDX,2066,0.50
7,OR_PDX,2067,0.50
7,OR_PDX,2068,0.50
7,OR_PDX,2069,0.50
7,OR_PDX,2070,0.50
7,OR_PDX,2071,0.50
7,OR_PDX,2072,0.50
7,OR_PDX,2073,0.50
7,OR_PDX,2074,0.50
7,OR_PDX,2075,0.50
7,OR_PDX,2076,0.50
7,OR_PDX,2077,0.50
7,OR_PDX,2078,0.50
7,OR_PDX,2079,0.50
7,OR_PDX,2080,0.50
7,OR_W,2010,0.00
7,OR_W,2011,0.02
7,OR_W,2012,0.03
7,OR_W,2013,0.05
7,OR_W,2014,0.07
7,OR_W,2015,0.08
7,OR_W,2016,0.10
7,OR_W,2017,0.12
7,OR_W,2018,0.13
7,OR_W,2019,0.15
7,OR_W,2020,0.17
7,OR_W,2021,0.18
7,OR_W,2022,0.20
7,OR_W,2023,0.22
7,OR_W,2024,0.23
7,OR_W,2025,0.25
7,OR_W,2026,0.27
7,OR_W,2027,0.28
7,OR_W,2028,0.30
7,OR_W,2029,0.32
7,OR_W,2030,0.33
7,OR_W,2031,0.35
7,OR_W,2032,0.37
7,OR_W,2033,0.38
7,OR_W,2034,0.40
7,OR_W,2035,0.42
7,OR_W,2036,0.43
7,OR_W,2037,0.45
7,OR_W,2038,0.47
7,OR_W,2039,0.48
7,OR_W,2040,0.50
7,OR_W,2041,0.50
7,OR_W,2042,0.50
7,OR_W,2043,0.50
7,OR_W,2044,0.50
7,OR_W,2045,0.50
7,OR_W,2046,0.50
7,OR_W,2047,0.50
7,OR_W,2048,0.50
7,OR_W,2049,0.50
7,OR_W,2050,0.50
7,OR_W,2051,0.50
7,OR_W,2052,0.50
7,OR_W,2053,0.50
7,OR_W,2054,0.50
7,OR_W,2055,0.50
7,OR_W,2056,0.50
7,OR_W,2057,0.50
7,OR_W,2058,0.50
7,OR_W,2059,0.50
7,OR_W,2060,0.50
7,OR_W,2061,0.50
7,OR_W,2062,0.50
7,OR_W,2063,0.50
7,OR_W,2064,0.50
7,OR_W,2065,0.50
7,OR_W,2066,0.50
7,OR_W,2067,0.50
7,OR_W,2068,0.50
7,OR_W,2069,0.50
7,OR_W,2070,0.50
7,OR_W,2071,0.50
7,OR_W,2072,0.50
7,OR_W,2073,0.50
7,OR_W,2074,0.50
7,OR_W,2075,0.50
7,OR_W,2076,0.50
7,OR_W,2077,0.50
7,OR_W,2078,0.50
7,OR_W,2079,0.50
7,OR_W,2080,0.50
7,OR_WA_BPA,2010,0.00
7,OR_WA_BPA,2011,0.02
7,OR_WA_BPA,2012,0.03
7,OR_WA_BPA,2013,0.05
7,OR_WA_BPA,2014,0.07
7,OR_WA_BPA,2015,0.08
7,OR_WA_BPA,2016,0.10
7,OR_WA_BPA,2017,0.12
7,OR_WA_BPA,2018,0.13
7,OR_WA_BPA,2019,0.15
7,OR_WA_BPA,2020,0.17
7,OR_WA_BPA,2021,0.18
7,OR_WA_BPA,2022,0.20
7,OR_WA_BPA,2023,0.22
7,OR_WA_BPA,2024,0.23
7,OR_WA_BPA,2025,0.25
7,OR_WA_BPA,2026,0.27
7,OR_WA_BPA,2027,0.28
7,OR_WA_BPA,2028,0.30
7,OR_WA_BPA,2029,0.32
7,OR_WA_BPA,2030,0.33
7,OR_WA_BPA,2031,0.35
7,OR_WA_BPA,2032,0.37
7,OR_WA_BPA,2033,0.38
7,OR_WA_BPA,2034,0.40
7,OR_WA_BPA,2035,0.42
7,OR_WA_BPA,2036,0.43
7,OR_WA_BPA,2037,0.45
7,OR_WA_BPA,2038,0.47
7,OR_WA_BPA,2039,0.48
7,OR_WA_BPA,2040,0.50
7,OR_WA_BPA,2041,0.50
7,OR_WA_BPA,2042,0.50
7,OR_WA_BPA,2043,0.50
7,OR_WA_BPA,2044,0.50
7,OR_WA_BPA,2045,0.50
7,OR_WA_BPA,2046,0.50
7,OR_WA_BPA,2047,0.50
7,OR_WA_BPA,2048,0.50
7,OR_WA_BPA,2049,0.50
7,OR_WA_BPA,2050,0.50
7,OR_WA_BPA,2051,0.50
7,OR_WA_BPA,2052,0.50
7,OR_WA_BPA,2053,0.50
7,OR_WA_BPA,2054,0.50
7,OR_WA_BPA,2055,0.50
7,OR_WA_BPA,2056,0.50
7,OR_WA_BPA,2057,0.50
7,OR_WA_BPA,2058,0.50
7,OR_WA_BPA,2059,0.50
7,OR_WA_BPA,2060,0.50
7,OR_WA_BPA,2061,0.50
7,OR_WA_BPA,2062,0.50
7,OR_WA_BPA,2063,0.50
7,OR_WA_BPA,2064,0.50
7,OR_WA_BPA,2065,0.50
7,OR_WA_BPA,2066,0.50
7,OR_WA_BPA,2067,0.50
7,OR_WA_BPA,2068,0.50
7,OR_WA_BPA,2069,0.50
7,OR_WA_BPA,2070,0.50
7,OR_WA_BPA,2071,0.50
7,OR_WA_BPA,2072,0.50
7,OR_WA_BPA,2073,0.50
7,OR_WA_BPA,2074,0.50
7,OR_WA_BPA,2075,0.50
7,OR_WA_BPA,2076,0.50
7,OR_WA_BPA,2077,0.50
7,OR_WA_BPA,2078,0.50
7,OR_WA_BPA,2079,0.50
7,OR_WA_BPA,2080,0.50
7,UT_N,2010,0.00
7,UT_N,2011,0.00
7,UT_N,2012,0.00
7,UT_N,2013,0.00
7,UT_N,2014,0.00
7,UT_N,2015,0.00
7,UT_N,2016,0.00
7,UT_N,2017,0.00
7,UT_N,2018,0.00
7,UT_N,2019,0.00
7,UT_N,2020,0.00
7,UT_N,2021,0.00
7,UT_N,2022,0.00
7,UT_N,2023,0.00
7,UT_N,2024,0.00
7,UT_N,2025,0.00
7,UT_N,2026,0.00
7,UT_N,2027,0.00
7,UT_N,2028,0.00
7,UT_N,2029,0.00
7,UT_N,2030,0.00
7,UT_N,2031,0.00
7,UT_N,2032,0.00
7,UT_N,2033,0.00
7,UT_N,2034,0.00
7,UT_N,2035,0.00
7,UT_N,2036,0.00
7,UT_N,2037,0.00
7,UT_N,2038,0.00
7,UT_N,2039,0.00
7,UT_N,2040,0.00
7,UT_N,2041,0.00
7,UT_N,2042,0.00
7,UT_N,2043,0.00
7,UT_N,2044,0.00
7,UT_N,2045,0.00
7,UT_N,2046,0.00
7,UT_N,2047,0.00
7,UT_N,2048,0.00
7,UT_N,2049,0.00
7,UT_N,2050,0.00
7,UT_N,2051,0.00
7,UT_N,2052,0.00
7,UT_N,2053,0.00
7,UT_N,2054,0.00
7,UT_N,2055,0.00
7,UT_N,2056,0.00
7,UT_N,2057,0.00
7,UT_N,2058,0.00
7,UT_N,2059,0.00
7,UT_N,2060,0.00
7,UT_N,2061,0.00
7,UT_N,2062,0.00
7,UT_N,2063,0.00
7,UT_N,2064,0.00
7,UT_N,2065,0.00
7,UT_N,2066,0.00
7,UT_N,2067,0.00
7,UT_N,2068,0.00
7,UT_N,2069,0.00
7,UT_N,2070,0.00
7,UT_N,2071,0.00
7,UT_N,2072,0.00
7,UT_N,2073,0.00
7,UT_N,2074,0.00
7,UT_N,2075,0.00
7,UT_N,2076,0.00
7,UT_N,2077,0.00
7,UT_N,2078,0.00
7,UT_N,2079,0.00
7,UT_N,2080,0.00
7,UT_S,2010,0.00
7,UT_S,2011,0.00
7,UT_S,2012,0.00
7,UT_S,2013,0.00
7,UT_S,2014,0.00
7,UT_S,2015,0.00
7,UT_S,2016,0.00
7,UT_S,2017,0.00
7,UT_S,2018,0.00
7,UT_S,2019,0.00
7,UT_S,2020,0.00
7,UT_S,2021,0.00
7,UT_S,2022,0.00
7,UT_S,2023,0.00
7,UT_S,2024,0.00
7,UT_S,2025,0.00
7,UT_S,2026,0.00
7,UT_S,2027,0.00
7,UT_S,2028,0.00
7,UT_S,2029,0.00
7,UT_S,2030,0.00
7,UT_S,2031,0.00
7,UT_S,2032,0.00
7,UT_S,2033,0.00
7,UT_S,2034,0.00
7,UT_S,2035,0.00
7,UT_S,2036,0.00
7,UT_S,2037,0.00
7,UT_S,2038,0.00
7,UT_S,2039,0.00
7,UT_S,2040,0.00
7,UT_S,2041,0.00
7,UT_S,2042,0.00
7,UT_S,2043,0.00
7,UT_S,2044,0.00
7,UT_S,2045,0.00
7,UT_S,2046,0.00
7,UT_S,2047,0.00
7,UT_S,2048,0.00
7,UT_S,2049,0.00
7,UT_S,2050,0.00
7,UT_S,2051,0.00
7,UT_S,2052,0.00
7,UT_S,2053,0.00
7,UT_S,2054,0.00
7,UT_S,2055,0.00
7,UT_S,2056,0.00
7,UT_S,2057,0.00
7,UT_S,2058,0.00
7,UT_S,2059,0.00
7,UT_S,2060,0.00
7,UT_S,2061,0.00
7,UT_S,2062,0.00
7,UT_S,2063,0.00
7,UT_S,2064,0.00
7,UT_S,2065,0.00
7,UT_S,2066,0.00
7,UT_S,2067,0.00
7,UT_S,2068,0.00
7,UT_S,2069,0.00
7,UT_S,2070,0.00
7,UT_S,2071,0.00
7,UT_S,2072,0.00
7,UT_S,2073,0.00
7,UT_S,2074,0.00
7,UT_S,2075,0.00
7,UT_S,2076,0.00
7,UT_S,2077,0.00
7,UT_S,2078,0.00
7,UT_S,2079,0.00
7,UT_S,2080,0.00
7,WA_ID_AVA,2010,0.00
7,WA_ID_AVA,2011,0.02
7,WA_ID_AVA,2012,0.03
7,WA_ID_AVA,2013,0.05
7,WA_ID_AVA,2014,0.06
7,WA_ID_AVA,2015,0.08
7,WA_ID_AVA,2016,0.09
7,WA_ID_AVA,2017,0.11
7,WA_ID_AVA,2018,0.12
7,WA_ID_AVA,2019,0.14
7,WA_ID_AVA,2020,0.15
7,WA_ID_AVA,2021,0.18
7,WA_ID_AVA,2022,0.22
7,WA_ID_AVA,2023,0.25
7,WA_ID_AVA,2024,0.29
7,WA_ID_AVA,2025,0.32
7,WA_ID_AVA,2026,0.35
7,WA_ID_AVA,2027,0.39
7,WA_ID_AVA,2028,0.42
7,WA_ID_AVA,2029,0.46
7,WA_ID_AVA,2030,0.49
7,WA_ID_AVA,2031,0.52
7,WA_ID_AVA,2032,0.56
7,WA_ID_AVA,2033,0.59
7,WA_ID_AVA,2034,0.63
7,WA_ID_AVA,2035,0.66
7,WA_ID_AVA,2036,0.69
7,WA_ID_AVA,2037,0.73
7,WA_ID_AVA,2038,0.76
7,WA_ID_AVA,2039,0.80
7,WA_ID_AVA,2040,0.83
7,WA_ID_AVA,2041,0.86
7,WA_ID_AVA,2042,0.90
7,WA_ID_AVA,2043,0.93
7,WA_ID_AVA,2044,0.97
7,WA_ID_AVA,2045,1.00
7,WA_ID_AVA,2046,1.00
7,WA_ID_AVA,2047,1.00
7,WA_ID_AVA,2048,1.00
7,WA_ID_AVA,2049,1.00
7,WA_ID_AVA,2050,1.00
7,WA_ID_AVA,2051,1.00
7,WA_ID_AVA,2052,1.00
7,WA_ID_AVA,2053,1.00
7,WA_ID_AVA,2054,1.00
7,WA_ID_AVA,2055,1.00
7,WA_ID_AVA,2056,1.00
7,WA_ID_AVA,2057,1.00
7,WA_ID_AVA,2058,1.00
7,WA_ID_AVA,2059,1.00
7,WA_ID_AVA,2060,1.00
7,WA_ID_AVA,2061,1.00
7,WA_ID_AVA,2062,1.00
7,WA_ID_AVA,2063,1.00
7,WA_ID_AVA,2064,1.00
7,WA_ID_AVA,2065,1.00
7,WA_ID_AVA,2066,1.00
7,WA_ID_AVA,2067,1.00
7,WA_ID_AVA,2068,1.00
7,WA_ID_AVA,2069,1.00
7,WA_ID_AVA,2070,1.00
7,WA_ID_AVA,2071,1.00
7,WA_ID_AVA,2072,1.00
7,WA_ID_AVA,2073,1.00
7,WA_ID_AVA,2074,1.00
7,WA_ID_AVA,2075,1.00
7,WA_ID_AVA,2076,1.00
7,WA_ID_AVA,2077,1.00
7,WA_ID_AVA,2078,1.00
7,WA_ID_AVA,2079,1.00
7,WA_ID_AVA,2080,1.00
7,WA_N_CEN,2010,0.00
7,WA_N_CEN,2011,0.02
7,WA_N_CEN,2012,0.03
7,WA_N_CEN,2013,0.05
7,WA_N_CEN,2014,0.06
7,WA_N_CEN,2015,0.08
7,WA_N_CEN,2016,0.09
7,WA_N_CEN,2017,0.11
7,WA_N_CEN,2018,0.12
7,WA_N_CEN,2019,0.14
7,WA_N_CEN,2020,0.15
7,WA_N_CEN,2021,0.18
7,WA_N_CEN,2022,0.22
7,WA_N_CEN,2023,0.25
7,WA_N_CEN,2024,0.29
7,WA_N_CEN,2025,0.32
7,WA_N_CEN,2026,0.35
7,WA_N_CEN,2027,0.39
7,WA_N_CEN,2028,0.42
7,WA_N_CEN,2029,0.46
7,WA_N_CEN,2030,0.49
7,WA_N_CEN,2031,0.52
7,WA_N_CEN,2032,0.56
7,WA_N_CEN,2033,0.59
7,WA_N_CEN,2034,0.63
7,WA_N_CEN,2035,0.66
7,WA_N_CEN,2036,0.69
7,WA_N_CEN,2037,0.73
7,WA_N_CEN,2038,0.76
7,WA_N_CEN,2039,0.80
7,WA_N_CEN,2040,0.83
7,WA_N_CEN,2041,0.86
7,WA_N_CEN,2042,0.90
7,WA_N_CEN,2043,0.93
7,WA_N_CEN,2044,0.97
7,WA_N_CEN,2045,1.00
7,WA_N_CEN,2046,1.00
7,WA_N_CEN,2047,1.00
7,WA_N_CEN,2048,1.00
7,WA_N_CEN,2049,1.00
7,WA_N_CEN,2050,1.00
7,WA_N_CEN,2051,1.00
7,WA_N_CEN,2052,1.00
7,WA_N_CEN,2053,1.00
7,WA_N_CEN,2054,1.00
7,WA_N_CEN,2055,1.00
7,WA_N_CEN,2056,1.00
7,WA_N_CEN,2057,1.00
7,WA_N_CEN,2058,1.00
7,WA_N_CEN,2059,1.00
7,WA_N_CEN,2060,1.00
7,WA_N_CEN,2061,1.00
7,WA_N_CEN,2062,1.00
7,WA_N_CEN,2063,1.00
7,WA_N_CEN,2064,1.00
7,WA_N_CEN,2065,1.00
7,WA_N_CEN,2066,1.00
7,WA_N_CEN,2067,1.00
7,WA_N_CEN,2068,1.00
7,WA_N_CEN,2069,1.00
7,WA_N_CEN,2070,1.00
7,WA_N_CEN,2071,1.00
7,WA_N_CEN,2072,1.00
7,WA_N_CEN,2073,1.00
7,WA_N_CEN,2074,1.00
7,WA_N_CEN,2075,1.00
7,WA_N_CEN,2076,1.00
7,WA_N_CEN,2077,1.00
7,WA_N_CEN,2078,1.00
7,WA_N_CEN,2079,1.00
7,WA_N_CEN,2080,1.00
7,WA_SEATAC,2010,0.00
7,WA_SEATAC,2011,0.02
7,WA_SEATAC,2012,0.03
7,WA_SEATAC,2013,0.05
7,WA_SEATAC,2014,0.06
7,WA_SEATAC,2015,0.08
7,WA_SEATAC,2016,0.09
7,WA_SEATAC,2017,0.11
7,WA_SEATAC,2018,0.12
7,WA_SEATAC,2019,0.14
7,WA_SEATAC,2020,0.15
7,WA_SEATAC,2021,0.18
7,WA_SEATAC,2022,0.22
7,WA_SEATAC,2023,0.25
7,WA_SEATAC,2024,0.29
7,WA_SEATAC,2025,0.32
7,WA_SEATAC,2026,0.35
7,WA_SEATAC,2027,0.39
7,WA_SEATAC,2028,0.42
7,WA_SEATAC,2029,0.46
7,WA_SEATAC,2030,0.49
7,WA_SEATAC,2031,0.52
7,WA_SEATAC,2032,0.56
7,WA_SEATAC,2033,0.59
7,WA_SEATAC,2034,0.63
7,WA_SEATAC,2035,0.66
7,WA_SEATAC,2036,0.69
7,WA_SEATAC,2037,0.73
7,WA_SEATAC,2038,0.76
7,WA_SEATAC,2039,0.80
7,WA_SEATAC,2040,0.83
7,WA_SEATAC,2041,0.86
7,WA_SEATAC,2042,0.90
7,WA_SEATAC,2043,0.93
7,WA_SEATAC,2044,0.97
7,WA_SEATAC,2045,1.00
7,WA_SEATAC,2046,1.00
7,WA_SEATAC,2047,1.00
7,WA_SEATAC,2048,1.00
7,WA_SEATAC,2049,1.00
7,WA_SEATAC,2050,1.00
7,WA_SEATAC,2051,1.00
7,WA_SEATAC,2052,1.00
7,WA_SEATAC,2053,1.00
7,WA_SEATAC,2054,1.00
7,WA_SEATAC,2055,1.00
7,WA_SEATAC,2056,1.00
7,WA_SEATAC,2057,1.00
7,WA_SEATAC,2058,1.00
7,WA_SEATAC,2059,1.00
7,WA_SEATAC,2060,1.00
7,WA_SEATAC,2061,1.00
7,WA_SEATAC,2062,1.00
7,WA_SEATAC,2063,1.00
7,WA_SEATAC,2064,1.00
7,WA_SEATAC,2065,1.00
7,WA_SEATAC,2066,1.00
7,WA_SEATAC,2067,1.00
7,WA_SEATAC,2068,1.00
7,WA_SEATAC,2069,1.00
7,WA_SEATAC,2070,1.00
7,WA_SEATAC,2071,1.00
7,WA_SEATAC,2072,1.00
7,WA_SEATAC,2073,1.00
7,WA_SEATAC,2074,1.00
7,WA_SEATAC,2075,1.00
7,WA_SEATAC,2076,1.00
7,WA_SEATAC,2077,1.00
7,WA_SEATAC,2078,1.00
7,WA_SEATAC,2079,1.00
7,WA_SEATAC,2080,1.00
7,WA_W,2010,0.00
7,WA_W,2011,0.02
7,WA_W,2012,0.03
7,WA_W,2013,0.05
7,WA_W,2014,0.06
7,WA_W,2015,0.08
7,WA_W,2016,0.09
7,WA_W,2017,0.11
7,WA_W,2018,0.12
7,WA_W,2019,0.14
7,WA_W,2020,0.15
7,WA_W,2021,0.18
7,WA_W,2022,0.22
7,WA_W,2023,0.25
7,WA_W,2024,0.29
7,WA_W,2025,0.32
7,WA_W,2026,0.35
7,WA_W,2027,0.39
7,WA_W,2028,0.42
7,WA_W,2029,0.46
7,WA_W,2030,0.49
7,WA_W,2031,0.52
7,WA_W,2032,0.56
7,WA_W,2033,0.59
7,WA_W,2034,0.63
7,WA_W,2035,0.66
7,WA_W,2036,0.69
7,WA_W,2037,0.73
7,WA_W,2038,0.76
7,WA_W,2039,0.80
7,WA_W,2040,0.83
7,WA_W,2041,0.86
7,WA_W,2042,0.90
7,WA_W,2043,0.93
7,WA_W,2044,0.97
7,WA_W,2045,1.00
7,WA_W,2046,1.00
7,WA_W,2047,1.00
7,WA_W,2048,1.00
7,WA_W,2049,1.00
7,WA_W,2050,1.00
7,WA_W,2051,1.00
7,WA_W,2052,1.00
7,WA_W,2053,1.00
7,WA_W,2054,1.00
7,WA_W,2055,1.00
7,WA_W,2056,1.00
7,WA_W,2057,1.00
7,WA_W,2058,1.00
7,WA_W,2059,1.00
7,WA_W,2060,1.00
7,WA_W,2061,1.00
7,WA_W,2062,1.00
7,WA_W,2063,1.00
7,WA_W,2064,1.00
7,WA_W,2065,1.00
7,WA_W,2066,1.00
7,WA_W,2067,1.00
7,WA_W,2068,1.00
7,WA_W,2069,1.00
7,WA_W,2070,1.00
7,WA_W,2071,1.00
7,WA_W,2072,1.00
7,WA_W,2073,1.00
7,WA_W,2074,1.00
7,WA_W,2075,1.00
7,WA_W,2076,1.00
7,WA_W,2077,1.00
7,WA_W,2078,1.00
7,WA_W,2079,1.00
7,WA_W,2080,1.00
7,WY_NE,2010,0.00
7,WY_NE,2011,0.00
7,WY_NE,2012,0.00
7,WY_NE,2013,0.00
7,WY_NE,2014,0.00
7,WY_NE,2015,0.00
7,WY_NE,2016,0.00
7,WY_NE,2017,0.00
7,WY_NE,2018,0.00
7,WY_NE,2019,0.00
7,WY_NE,2020,0.00
7,WY_NE,2021,0.00
7,WY_NE,2022,0.00
7,WY_NE,2023,0.00
7,WY_NE,2024,0.00
7,WY_NE,2025,0.00
7,WY_NE,2026,0.00
7,WY_NE,2027,0.00
7,WY_NE,2028,0.00
7,WY_NE,2029,0.00
7,WY_NE,2030,0.00
7,WY_NE,2031,0.00
7,WY_NE,2032,0.00
7,WY_NE,2033,0.00
7,WY_NE,2034,0.00
7,WY_NE,2035,0.00
7,WY_NE,2036,0.00
7,WY_NE,2037,0.00
7,WY_NE,2038,0.00
7,WY_NE,2039,0.00
7,WY_NE,2040,0.00
7,WY_NE,2041,0.00
7,WY_NE,2042,0.00
7,WY_NE,2043,0.00
7,WY_NE,2044,0.00
7,WY_NE,2045,0.00
7,WY_NE,2046,0.00
7,WY_NE,2047,0.00
7,WY_NE,2048,0.00
7,WY_NE,2049,0.00
7,WY_NE,2050,0.00
7,WY_NE,2051,0.00
7,WY_NE,2052,0.00
7,WY_NE,2053,0.00
7,WY_NE,2054,0.00
7,WY_NE,2055,0.00
7,WY_NE,2056,0.00
7,WY_NE,2057,0.00
7,WY_NE,2058,0.00
7,WY_NE,2059,0.00
7,WY_NE,2060,0.00
7,WY_NE,2061,0.00
7,WY_NE,2062,0.00
7,WY_NE,2063,0.00
7,WY_NE,2064,0.00
7,WY_NE,2065,0.00
7,WY_NE,2066,0.00
7,WY_NE,2067,0.00
7,WY_NE,2068,0.00
7,WY_NE,2069,0.00
7,WY_NE,2070,0.00
7,WY_NE,2071,0.00
7,WY_NE,2072,0.00
7,WY_NE,2073,0.00
7,WY_NE,2074,0.00
7,WY_NE,2075,0.00
7,WY_NE,2076,0.00
7,WY_NE,2077,0.00
7,WY_NE,2078,0.00
7,WY_NE,2079,0.00
7,WY_NE,2080,0.00
7,WY_NW,2010,0.00
7,WY_NW,2011,0.00
7,WY_NW,2012,0.00
7,WY_NW,2013,0.00
7,WY_NW,2014,0.00
7,WY_NW,2015,0.00
7,WY_NW,2016,0.00
7,WY_NW,2017,0.00
7,WY_NW,2018,0.00
7,WY_NW,2019,0.00
7,WY_NW,2020,0.00
7,WY_NW,2021,0.00
7,WY_NW,2022,0.00
7,WY_NW,2023,0.00
7,WY_NW,2024,0.00
7,WY_NW,2025,0.00
7,WY_NW,2026,0.00
7,WY_NW,2027,0.00
7,WY_NW,2028,0.00
7,WY_NW,2029,0.00
7,WY_NW,2030,0.00
7,WY_NW,2031,0.00
7,WY_NW,2032,0.00
7,WY_NW,2033,0.00
7,WY_NW,2034,0.00
7,WY_NW,2035,0.00
7,WY_NW,2036,0.00
7,WY_NW,2037,0.00
7,WY_NW,2038,0.00
7,WY_NW,2039,0.00
7,WY_NW,2040,0.00
7,WY_NW,2041,0.00
7,WY_NW,2042,0.00
7,WY_NW,2043,0.00
7,WY_NW,2044,0.00
7,WY_NW,2045,0.00
7,WY_NW,2046,0.00
7,WY_NW,2047,0.00
7,WY_NW,2048,0.00
7,WY_NW,2049,0.00
7,WY_NW,2050,0.00
7,WY_NW,2051,0.00
7,WY_NW,2052,0.00
7,WY_NW,2053,0.00
7,WY_NW,2054,0.00
7,WY_NW,2055,0.00
7,WY_NW,2056,0.00
7,WY_NW,2057,0.00
7,WY_NW,2058,0.00
7,WY_NW,2059,0.00
7,WY_NW,2060,0.00
7,WY_NW,2061,0.00
7,WY_NW,2062,0.00
7,WY_NW,2063,0.00
7,WY_NW,2064,0.00
7,WY_NW,2065,0.00
7,WY_NW,2066,0.00
7,WY_NW,2067,0.00
7,WY_NW,2068,0.00
7,WY_NW,2069,0.00
7,WY_NW,2070,0.00
7,WY_NW,2071,0.00
7,WY_NW,2072,0.00
7,WY_NW,2073,0.00
7,WY_NW,2074,0.00
7,WY_NW,2075,0.00
7,WY_NW,2076,0.00
7,WY_NW,2077,0.00
7,WY_NW,2078,0.00
7,WY_NW,2079,0.00
7,WY_NW,2080,0.00
7,WY_SE,2010,0.00
7,WY_SE,2011,0.00
7,WY_SE,2012,0.00
7,WY_SE,2013,0.00
7,WY_SE,2014,0.00
7,WY_SE,2015,0.00
7,WY_SE,2016,0.00
7,WY_SE,2017,0.00
7,WY_SE,2018,0.00
7,WY_SE,2019,0.00
7,WY_SE,2020,0.00
7,WY_SE,2021,0.00
7,WY_SE,2022,0.00
7,WY_SE,2023,0.00
7,WY_SE,2024,0.00
7,WY_SE,2025,0.00
7,WY_SE,2026,0.00
7,WY_SE,2027,0.00
7,WY_SE,2028,0.00
7,WY_SE,2029,0.00
7,WY_SE,2030,0.00
7,WY_SE,2031,0.00
7,WY_SE,2032,0.00
7,WY_SE,2033,0.00
7,WY_SE,2034,0.00
7,WY_SE,2035,0.00
7,WY_SE,2036,0.00
7,WY_SE,2037,0.00
7,WY_SE,2038,0.00
7,WY_SE,2039,0.00
7,WY_SE,2040,0.00
7,WY_SE,2041,0.00
7,WY_SE,2042,0.00
7,WY_SE,2043,0.00
7,WY_SE,2044,0.00
7,WY_SE,2045,0.00
7,WY_SE,2046,0.00
7,WY_SE,2047,0.00
7,WY_SE,2048,0.00
7,WY_SE,2049,0.00
7,WY_SE,2050,0.00
7,WY_SE,2051,0.00
7,WY_SE,2052,0.00
7,WY_SE,2053,0.00
7,WY_SE,2054,0.00
7,WY_SE,2055,0.00
7,WY_SE,2056,0.00
7,WY_SE,2057,0.00
7,WY_SE,2058,0.00
7,WY_SE,2059,0.00
7,WY_SE,2060,0.00
7,WY_SE,2061,0.00
7,WY_SE,2062,0.00
7,WY_SE,2063,0.00
7,WY_SE,2064,0.00
7,WY_SE,2065,0.00
7,WY_SE,2066,0.00
7,WY_SE,2067,0.00
7,WY_SE,2068,0.00
7,WY_SE,2069,0.00
7,WY_SE,2070,0.00
7,WY_SE,2071,0.00
7,WY_SE,2072,0.00
7,WY_SE,2073,0.00
7,WY_SE,2074,0.00
7,WY_SE,2075,0.00
7,WY_SE,2076,0.00
7,WY_SE,2077,0.00
7,WY_SE,2078,0.00
7,WY_SE,2079,0.00
7,WY_SE,2080,0.00
7,WY_SW,2010,0.00
7,WY_SW,2011,0.00
7,WY_SW,2012,0.00
7,WY_SW,2013,0.00
7,WY_SW,2014,0.00
7,WY_SW,2015,0.00
7,WY_SW,2016,0.00
7,WY_SW,2017,0.00
7,WY_SW,2018,0.00
7,WY_SW,2019,0.00
7,WY_SW,2020,0.00
7,WY_SW,2021,0.00
7,WY_SW,2022,0.00
7,WY_SW,2023,0.00
7,WY_SW,2024,0.00
7,WY_SW,2025,0.00
7,WY_SW,2026,0.00
7,WY_SW,2027,0.00
7,WY_SW,2028,0.00
7,WY_SW,2029,0.00
7,WY_SW,2030,0.00
7,WY_SW,2031,0.00
7,WY_SW,2032,0.00
7,WY_SW,2033,0.00
7,WY_SW,2034,0.00
7,WY_SW,2035,0.00
7,WY_SW,2036,0.00
7,WY_SW,2037,0.00
7,WY_SW,2038,0.00
7,WY_SW,2039,0.00
7,WY_SW,2040,0.00
7,WY_SW,2041,0.00
7,WY_SW,2042,0.00
7,WY_SW,2043,0.00
7,WY_SW,2044,0.00
7,WY_SW,2045,0.00
7,WY_SW,2046,0.00
7,WY_SW,2047,0.00
7,WY_SW,2048,0.00
7,WY_SW,2049,0.00
7,WY_SW,2050,0.00
7,WY_SW,2051,0.00
7,WY_SW,2052,0.00
7,WY_SW,2053,0.00
7,WY_SW,2054,0.00
7,WY_SW,2055,0.00
7,WY_SW,2056,0.00
7,WY_SW,2057,0.00
7,WY_SW,2058,0.00
7,WY_SW,2059,0.00
7,WY_SW,2060,0.00
7,WY_SW,2061,0.00
7,WY_SW,2062,0.00
7,WY_SW,2063,0.00
7,WY_SW,2064,0.00
7,WY_SW,2065,0.00
7,WY_SW,2066,0.00
7,WY_SW,2067,0.00
7,WY_SW,2068,0.00
7,WY_SW,2069,0.00
7,WY_SW,2070,0.00
7,WY_SW,2071,0.00
7,WY_SW,2072,0.00
7,WY_SW,2073,0.00
7,WY_SW,2074,0.00
7,WY_SW,2075,0.00
7,WY_SW,2076,0.00
7,WY_SW,2077,0.00
7,WY_SW,2078,0.00
7,WY_SW,2079,0.00
7,WY_SW,2080,0.00