rps_scenario_id,load_zone,year,rps_target
6,AZ_APS_E,2010,0.025
6,AZ_APS_E,2011,0.03
6,AZ_APS_E,2012,0.035
6,AZ_APS_E,2013,0.04
6,AZ_APS_E,2014,0.045
6,AZ_APS_E,2015,0.05
6,AZ_APS_E,2016,0.06
6,AZ_APS_E,2017,0.07
6,AZ_APS_E,2018,0.08
6,AZ_APS_E,2019,0.09
6,AZ_APS_E,2020,0.1
6,AZ_APS_E,2021,0.11
6,AZ_APS_E,2022,0.12
6,AZ_APS_E,2023,0.13
6,AZ_APS_E,2024,0.14
6,AZ_APS_E,2025,0.15
6,AZ_APS_E,2026,0.15
6,AZ_APS_E,2027,0.15
6,AZ_APS_E,2028,0.15
6,AZ_APS_E,2029,0.15
6,AZ_APS_E,2030,0.15
6,AZ_APS_E,2031,0.15
6,AZ_APS_E,2032,0.15
6,AZ_APS_E,2033,0.15
6,AZ_APS_E,2034,0.15
6,AZ_APS_E,2035,0.15
6,AZ_APS_E,2036,0.15
6,AZ_APS_E,2037,0.15
6,AZ_APS_E,2038,0.15
6,AZ_APS_E,2039,0.15
6,AZ_APS_E,2040,0.15
6,AZ_APS_E,2041,0.15
6,AZ_APS_E,2042,0.15
6,AZ_APS_E,2043,0.15
6,AZ_APS_E,2044,0.15
6,AZ_APS_E,2045,0.15
6,AZ_APS_E,2046,0.15
6,AZ_APS_E,2047,0.15
6,AZ_APS_E,2048,0.15
6,AZ_APS_E,2049,0.15
6,AZ_APS_E,2050,0.15
6,AZ_APS_E,2051,0.15
6,AZ_APS_E,2052,0.15
6,AZ_APS_E,2053,0.15
6,AZ_APS_E,2054,0.15
6,AZ_APS_E,2055,0.15
6,AZ_APS_E,2056,0.15
6,AZ_APS_E,2057,0.15
6,AZ_APS_E,2058,0.15
6,AZ_APS_E,2059,0.15
6,AZ_APS_E,2060,0.15
6,AZ_APS_E,2061,0.15
6,AZ_APS_E,2062,0.15
6,AZ_APS_E,2063,0.15
6,AZ_APS_E,2064,0.15
6,AZ_APS_E,2065,0.15
6,AZ_APS_E,2066,0.15
6,AZ_APS_E,2067,0.15
6,AZ_APS_E,2068,0.15
6,AZ_APS_E,2069,0.15
6,AZ_APS_E,2070,0.15
6,AZ_APS_E,2071,0.15
6,AZ_APS_E,2072,0.15
6,AZ_APS_E,2073,0.15
6,AZ_APS_E,2074,0.15
6,AZ_APS_E,2075,0.15
6,AZ_APS_E,2076,0.15
6,AZ_APS_E,2077,0.15
6,AZ_APS_E,2078,0.15
6,AZ_APS_E,2079,0.15
6,AZ_APS_E,2080,0.15
6,AZ_APS_N,2010,0.025
6,AZ_APS_N,2011,0.03
6,AZ_APS_N,2012,0.035
6,AZ_APS_N,2013,0.04
6,AZ_APS_N,2014,0.045
6,AZ_APS_N,2015,0.05
6,AZ_APS_N,2016,0.06
6,AZ_APS_N,2017,0.07
6,AZ_APS_N,2018,0.08
6,AZ_APS_N,2019,0.09
6,AZ_APS_N,2020,0.1
6,AZ_APS_N,2021,0.11
6,AZ_APS_N,2022,0.12
6,AZ_APS_N,2023,0.13
6,AZ_APS_N,2024,0.14
6,AZ_APS_N,2025,0.15
6,AZ_APS_N,2026,0.15
6,AZ_APS_N,2027,0.15
6,AZ_APS_N,2028,0.15
6,AZ_APS_N,2029,0.15
6,AZ_APS_N,2030,0.15
6,AZ_APS_N,2031,0.15
6,AZ_APS_N,2032,0.15
6,AZ_APS_N,2033,0.15
6,AZ_APS_N,2034,0.15
6,AZ_APS_N,2035,0.15
6,AZ_APS_N,2036,0.15
6,AZ_APS_N,2037,0.15
6,AZ_APS_N,2038,0.15
6,AZ_APS_N,2039,0.15
6,AZ_APS_N,2040,0.15
6,AZ_APS_N,2041,0.15
6,AZ_APS_N,2042,0.15
6,AZ_APS_N,2043,0.15
6,AZ_APS_N,2044,0.15
6,AZ_APS_N,2045,0.15
6,AZ_APS_N,2046,0.15
6,AZ_APS_N,2047,0.15
6,AZ_APS_N,2048,0.15
6,AZ_APS_N,2049,0.15
6,AZ_APS_N,2050,0.15
6,AZ_APS_N,2051,0.15
6,AZ_APS_N,2052,0.15
6,AZ_APS_N,2053,0.15
6,AZ_APS_N,2054,0.15
6,AZ_APS_N,2055,0.15
6,AZ_APS_N,2056,0.15
6,AZ_APS_N,2057,0.15
6,AZ_APS_N,2058,0.15
6,AZ_APS_N,2059,0.15
6,AZ_APS_N,2060,0.15
6,AZ_APS_N,2061,0.15
6,AZ_APS_N,2062,0.15
6,AZ_APS_N,2063,0.15
6,AZ_APS_N,2064,0.15
6,AZ_APS_N,2065,0.15
6,AZ_APS_N,2066,0.15
6,AZ_APS_N,2067,0.15
6,AZ_APS_N,2068,0.15
6,AZ_APS_N,2069,0.15
6,AZ_APS_N,2070,0.15
6,AZ_APS_N,2071,0.15
6,AZ_APS_N,2072,0.15
6,AZ_APS_N,2073,0.15
6,AZ_APS_N,2074,0.15
6,AZ_APS_N,2075,0.15
6,AZ_APS_N,2076,0.15
6,AZ_APS_N,2077,0.15
6,AZ_APS_N,2078,0.15
6,AZ_APS_N,2079,0.15
6,AZ_APS_N,2080,0.15
6,AZ_APS_SW,2010,0.025
6,AZ_APS_SW,2011,0.03
6,AZ_APS_SW,2012,0.035
6,AZ_APS_SW,2013,0.04
6,AZ_APS_SW,2014,0.045
6,AZ_APS_SW,2015,0.05
6,AZ_APS_SW,2016,0.06
6,AZ_APS_SW,2017,0.07
6,AZ_APS_SW,2018,0.08
6,AZ_APS_SW,2019,0.09
6,AZ_APS_SW,2020,0.1
6,AZ_APS_SW,2021,0.11
6,AZ_APS_SW,2022,0.12
6,AZ_APS_SW,2023,0.13
6,AZ_APS_SW,2024,0.14
6,AZ_APS_SW,2025,0.15
6,AZ_APS_SW,2026,0.15
6,AZ_APS_SW,2027,0.15
6,AZ_APS_SW,2028,0.15
6,AZ_APS_SW,2029,0.15
6,AZ_APS_SW,2030,0.15
6,AZ_APS_SW,2031,0.15
6,AZ_APS_SW,2032,0.15
6,AZ_APS_SW,2033,0.15
6,AZ_APS_SW,2034,0.15
6,AZ_APS_SW,2035,0.15
6,AZ_APS_SW,2036,0.15
6,AZ_APS_SW,2037,0.15
6,AZ_APS_SW,2038,0.15
6,AZ_APS_SW,2039,0.15
6,AZ_APS_SW,2040,0.15
6,AZ_APS_SW,2041,0.15
6,AZ_APS_SW,2042,0.15
6,AZ_APS_SW,2043,0.15
6,AZ_APS_SW,2044,0.15
6,AZ_APS_SW,2045,0.15
6,AZ_APS_SW,2046,0.15
6,AZ_APS_SW,2047,0.15
6,AZ_APS_SW,2048,0.15
6,AZ_APS_SW,2049,0.15
6,AZ_APS_SW,2050,0.15
6,AZ_APS_SW,2051,0.15
6,AZ_APS_SW,2052,0.15
6,AZ_APS_SW,2053,0.15
6,AZ_APS_SW,2054,0.15
6,AZ_APS_SW,2055,0.15
6,AZ_APS_SW,2056,0.15
6,AZ_APS_SW,2057,0.15
6,AZ_APS_SW,2058,0.15
6,AZ_APS_SW,2059,0.15
6,AZ_APS_SW,2060,0.15
6,AZ_APS_SW,2061,0.15
6,AZ_APS_SW,2062,0.15
6,AZ_APS_SW,2063,0.15
6,AZ_APS_SW,2064,0.15
6,AZ_APS_SW,2065,0.15
6,AZ_APS_SW,2066,0.15
6,AZ_APS_SW,2067,0.15
6,AZ_APS_SW,2068,0.15
6,AZ_APS_SW,2069,0.15
6,AZ_APS_SW,2070,0.15
6,AZ_APS_SW,2071,0.15
6,AZ_APS_SW,2072,0.15
6,AZ_APS_SW,2073,0.15
6,AZ_APS_SW,2074,0.15
6,AZ_APS_SW,2075,0.15
6,AZ_APS_SW,2076,0.15
6,AZ_APS_SW,2077,0.15
6,AZ_APS_SW,2078,0.15
6,AZ_APS_SW,2079,0.15
6,AZ_APS_SW,2080,0.15
6,AZ_NM_N,2010,0
6,AZ_NM_N,2011,0
6,AZ_NM_N,2012,0
6,AZ_NM_N,2013,0
6,AZ_NM_N,2014,0
6,AZ_NM_N,2015,0
6,AZ_NM_N,2016,0
6,AZ_NM_N,2017,0
6,AZ_NM_N,2018,0
6,AZ_NM_N,2019,0
6,AZ_NM_N,2020,0
6,AZ_NM_N,2021,0
6,AZ_NM_N,2022,0
6,AZ_NM_N,2023,0
6,AZ_NM_N,2024,0
6,AZ_NM_N,2025,0
6,AZ_NM_N,2026,0
6,AZ_NM_N,2027,0
6,AZ_NM_N,2028,0
6,AZ_NM_N,2029,0
6,AZ_NM_N,2030,0
6,AZ_NM_N,2031,0
6,AZ_NM_N,2032,0
6,AZ_NM_N,2033,0
6,AZ_NM_N,2034,0
6,AZ_NM_N,2035,0
6,AZ_NM_N,2036,0
6,AZ_NM_N,2037,0
6,AZ_NM_N,2038,0
6,AZ_NM_N,2039,0
6,AZ_NM_N,2040,0
6,AZ_NM_N,2041,0
6,AZ_NM_N,2042,0
6,AZ_NM_N,2043,0
6,AZ_NM_N,2044,0
6,AZ_NM_N,2045,0
6,AZ_NM_N,2046,0
6,AZ_NM_N,2047,0
6,AZ_NM_N,2048,0
6,AZ_NM_N,2049,0
6,AZ_NM_N,2050,0
6,AZ_NM_N,2051,0
6,AZ_NM_N,2052,0
6,AZ_NM_N,2053,0
6,AZ_NM_N,2054,0
6,AZ_NM_N,2055,0
6,AZ_NM_N,2056,0
6,AZ_NM_N,2057,0
6,AZ_NM_N,2058,0
6,AZ_NM_N,2059,0
6,AZ_NM_N,2060,0
6,AZ_NM_N,2061,0
6,AZ_NM_N,2062,0
6,AZ_NM_N,2063,0
6,AZ_NM_N,2064,0
6,AZ_NM_N,2065,0
6,AZ_NM_N,2066,0
6,AZ_NM_N,2067,0
6,AZ_NM_N,2068,0
6,AZ_NM_N,2069,0
6,AZ_NM_N,2070,0
6,AZ_NM_N,2071,0
6,AZ_NM_N,2072,0
6,AZ_NM_N,2073,0
6,AZ_NM_N,2074,0
6,AZ_NM_N,2075,0
6,AZ_NM_N,2076,0
6,AZ_NM_N,2077,0
6,AZ_NM_N,2078,0
6,AZ_NM_N,2079,0
6,AZ_NM_N,2080,0
6,AZ_NW,2010,0.025013
6,AZ_NW,2011,0.0300126
6,AZ_NW,2012,0.0350123
6,AZ_NW,2013,0.0400119
6,AZ_NW,2014,0.0450127
6,AZ_NW,2015,0.0500136
6,AZ_NW,2016,0.0600141
6,AZ_NW,2017,0.0700148
6,AZ_NW,2018,0.0800156
6,AZ_NW,2019,0.0900163
6,AZ_NW,2020,0.100017
6,AZ_NW,2021,0.110016
6,AZ_NW,2022,0.120016
6,AZ_NW,2023,0.130015
6,AZ_NW,2024,0.140014
6,AZ_NW,2025,0.150013
6,AZ_NW,2026,0.150013
6,AZ_NW,2027,0.150013
6,AZ_NW,2028,0.150013
6,AZ_NW,2029,0.150013
6,AZ_NW,2030,0.150013
6,AZ_NW,2031,0.150013
6,AZ_NW,2032,0.150013
6,AZ_NW,2033,0.150013
6,AZ_NW,2034,0.150013
6,AZ_NW,2035,0.150013
6,AZ_NW,2036,0.150013
6,AZ_NW,2037,0.150013
6,AZ_NW,2038,0.150013
6,AZ_NW,2039,0.150013
6,AZ_NW,2040,0.150013
6,AZ_NW,2041,0.150013
6,AZ_NW,2042,0.150013
6,AZ_NW,2043,0.150013
6,AZ_NW,2044,0.150013
6,AZ_NW,2045,0.150013
6,AZ_NW,2046,0.150013
6,AZ_NW,2047,0.150013
6,AZ_NW,2048,0.150013
6,AZ_NW,2049,0.150013
6,AZ_NW,2050,0.150013
6,AZ_NW,2051,0.150013
6,AZ_NW,2052,0.150013
6,AZ_NW,2053,0.150013
6,AZ_NW,2054,0.150013
6,AZ_NW,2055,0.150013
6,AZ_NW,2056,0.150013
6,AZ_NW,2057,0.150013
6,AZ_NW,2058,0.150013
6,AZ_NW,2059,0.150013
6,AZ_NW,2060,0.150013
6,AZ_NW,2061,0.150013
6,AZ_NW,2062,0.150013
6,AZ_NW,2063,0.150013
6,AZ_NW,2064,0.150013
6,AZ_NW,2065,0.150013
6,AZ_NW,2066,0.150013
6,AZ_NW,2067,0.150013
6,AZ_NW,2068,0.150013
6,AZ_NW,2069,0.150013
6,AZ_NW,2070,0.150013
6,AZ_NW,2071,0.150013
6,AZ_NW,2072,0.150013
6,AZ_NW,2073,0.150013
6,AZ_NW,2074,0.150013
6,AZ_NW,2075,0.150013
6,AZ_NW,2076,0.150013
6,AZ_NW,2077,0.150013
6,AZ_NW,2078,0.150013
6,AZ_NW,2079,0.150013
6,AZ_NW,2080,0.150013
6,AZ_PHX,2010,0.025
6,AZ_PHX,2011,0.03
6,AZ_PHX,2012,0.035
6,AZ_PHX,2013,0.04
6,AZ_PHX,2014,0.045
6,AZ_PHX,2015,0.05
6,AZ_PHX,2016,0.06
6,AZ_PHX,2017,0.07
6,AZ_PHX,2018,0.08
6,AZ_PHX,2019,0.09
6,AZ_PHX,2020,0.1
6,AZ_PHX,2021,0.11
6,AZ_PHX,2022,0.12
6,AZ_PHX,2023,0.13
6,AZ_PHX,2024,0.14
6,AZ_PHX,2025,0.15
6,AZ_PHX,2026,0.15
6,AZ_PHX,2027,0.15
6,AZ_PHX,2028,0.15
6,AZ_PHX,2029,0.15
6,AZ_PHX,2030,0.15
6,AZ_PHX,2031,0.15
6,AZ_PHX,2032,0.15
6,AZ_PHX,2033,0.15
6,AZ_PHX,2034,0.15
6,AZ_PHX,2035,0.15
6,AZ_PHX,2036,0.15
6,AZ_PHX,2037,0.15
6,AZ_PHX,2038,0.15
6,AZ_PHX,2039,0.15
6,AZ_PHX,2040,0.15
6,AZ_PHX,2041,0.15
6,AZ_PHX,2042,0.15
6,AZ_PHX,2043,0.15
6,AZ_PHX,2044,0.15
6,AZ_PHX,2045,0.15
6,AZ_PHX,2046,0.15
6,AZ_PHX,2047,0.15
6,AZ_PHX,2048,0.15
6,AZ_PHX,2049,0.15
6,AZ_PHX,2050,0.15
6,AZ_PHX,2051,0.15
6,AZ_PHX,2052,0.15
6,AZ_PHX,2053,0.15
6,AZ_PHX,2054,0.15
6,AZ_PHX,2055,0.15
6,AZ_PHX,2056,0.15
6,AZ_PHX,2057,0.15
6,AZ_PHX,2058,0.15
6,AZ_PHX,2059,0.15
6,AZ_PHX,2060,0.15
6,AZ_PHX,2061,0.15
6,AZ_PHX,2062,0.15
6,AZ_PHX,2063,0.15
6,AZ_PHX,2064,0.15
6,AZ_PHX,2065,0.15
6,AZ_PHX,2066,0.15
6,AZ_PHX,2067,0.15
6,AZ_PHX,2068,0.15
6,AZ_PHX,2069,0.15
6,AZ_PHX,2070,0.15
6,AZ_PHX,2071,0.15
6,AZ_PHX,2072,0.15
6,AZ_PHX,2073,0.15
6,AZ_PHX,2074,0.15
6,AZ_PHX,2075,0.15
6,AZ_PHX,2076,0.15
6,AZ_PHX,2077,0.15
6,AZ_PHX,2078,0.15
6,AZ_PHX,2079,0.15
6,AZ_PHX,2080,0.15
6,AZ_SE,2010,0.025
6,AZ_SE,2011,0.03
6,AZ_SE,2012,0.035
6,AZ_SE,2013,0.04
6,AZ_SE,2014,0.045
6,AZ_SE,2015,0.05
6,AZ_SE,2016,0.06
6,AZ_SE,2017,0.07
6,AZ_SE,2018,0.08
6,AZ_SE,2019,0.09
6,AZ_SE,2020,0.1
6,AZ_SE,2021,0.11
6,AZ_SE,2022,0.12
6,AZ_SE,2023,0.13
6,AZ_SE,2024,0.14
6,AZ_SE,2025,0.15
6,AZ_SE,2026,0.15
6,AZ_SE,2027,0.15
6,AZ_SE,2028,0.15
6,AZ_SE,2029,0.15
6,AZ_SE,2030,0.15
6,AZ_SE,2031,0.15
6,AZ_SE,2032,0.15
6,AZ_SE,2033,0.15
6,AZ_SE,2034,0.15
6,AZ_SE,2035,0.15
6,AZ_SE,2036,0.15
6,AZ_SE,2037,0.15
6,AZ_SE,2038,0.15
6,AZ_SE,2039,0.15
6,AZ_SE,2040,0.15
6,AZ_SE,2041,0.15
6,AZ_SE,2042,0.15
6,AZ_SE,2043,0.15
6,AZ_SE,2044,0.15
6,AZ_SE,2045,0.15
6,AZ_SE,2046,0.15
6,AZ_SE,2047,0.15
6,AZ_SE,2048,0.15
6,AZ_SE,2049,0.15
6,AZ_SE,2050,0.15
6,AZ_SE,2051,0.15
6,AZ_SE,2052,0.15
6,AZ_SE,2053,0.15
6,AZ_SE,2054,0.15
6,AZ_SE,2055,0.15
6,AZ_SE,2056,0.15
6,AZ_SE,2057,0.15
6,AZ_SE,2058,0.15
6,AZ_SE,2059,0.15
6,AZ_SE,2060,0.15
6,AZ_SE,2061,0.15
6,AZ_SE,2062,0.15
6,AZ_SE,2063,0.15
6,AZ_SE,2064,0.15
6,AZ_SE,2065,0.15
6,AZ_SE,2066,0.15
6,AZ_SE,2067,0.15
6,AZ_SE,2068,0.15
6,AZ_SE,2069,0.15
6,AZ_SE,2070,0.15
6,AZ_SE,2071,0.15
6,AZ_SE,2072,0.15
6,AZ_SE,2073,0.15
6,AZ_SE,2074,0.15
6,AZ_SE,2075,0.15
6,AZ_SE,2076,0.15
6,AZ_SE,2077,0.15
6,AZ_SE,2078,0.15
6,AZ_SE,2079,0.15
6,AZ_SE,2080,0.15
6,CA_IID,2010,0.2
6,CA_IID,2011,0.2
6,CA_IID,2012,0.2
6,CA_IID,2013,0.2
6,CA_IID,2014,0.216667
6,CA_IID,2015,0.233333
6,CA_IID,2016,0.25
6,CA_IID,2017,0.27
6,CA_IID,2018,0.29
6,CA_IID,2019,0.31
6,CA_IID,2020,0.33
6,CA_IID,2021,0.347
6,CA_IID,2022,0.364
6,CA_IID,2023,0.381
6,CA_IID,2024,0.44
6,CA_IID,2025,0.47
6,CA_IID,2026,0.5
6,CA_IID,2027,0.52
6,CA_IID,2028,0.55
6,CA_IID,2029,0.57
6,CA_IID,2030,0.6
6,CA_IID,2031,0.6
6,CA_IID,2032,0.6
6,CA_IID,2033,0.6
6,CA_IID,2034,0.6
6,CA_IID,2035,0.6
6,CA_IID,2036,0.6
6,CA_IID,2037,0.6
6,CA_IID,2038,0.6
6,CA_IID,2039,0.6
6,CA_IID,2040,0.6
6,CA_IID,2041,0.6
6,CA_IID,2042,0.6
6,CA_IID,2043,0.6
6,CA_IID,2044,0.6
6,CA_IID,2045,0.6
6,CA_IID,2046,0.6
6,CA_IID,2047,0.6
6,CA_IID,2048,0.6
6,CA_IID,2049,0.6
6,CA_IID,2050,0.6
6,CA_IID,2051,0.6
6,CA_IID,2052,0.6
6,CA_IID,2053,0.6
6,CA_IID,2054,0.6
6,CA_IID,2055,0.6
6,CA_IID,2056,0.6
6,CA_IID,2057,0.6
6,CA_IID,2058,0.6
6,CA_IID,2059,0.6
6,CA_IID,2060,0.6
6,CA_IID,2061,0.6
6,CA_IID,2062,0.6
6,CA_IID,2063,0.6
6,CA_IID,2064,0.6
6,CA_IID,2065,0.6
6,CA_IID,2066,0.6
6,CA_IID,2067,0.6
6,CA_IID,2068,0.6
6,CA_IID,2069,0.6
6,CA_IID,2070,0.6
6,CA_IID,2071,0.6
6,CA_IID,2072,0.6
6,CA_IID,2073,0.6
6,CA_IID,2074,0.6
6,CA_IID,2075,0.6
6,CA_IID,2076,0.6
6,CA_IID,2077,0.6
6,CA_IID,2078,0.6
6,CA_IID,2079,0.6
6,CA_IID,2080,0.6
6,CA_LADWP,2010,0.2
6,CA_LADWP,2011,0.2
6,CA_LADWP,2012,0.2
6,CA_LADWP,2013,0.2
6,CA_LADWP,2014,0.216667
6,CA_LADWP,2015,0.233333
6,CA_LADWP,2016,0.25
6,CA_LADWP,2017,0.27
6,CA_LADWP,2018,0.29
6,CA_LADWP,2019,0.31
6,CA_LADWP,2020,0.33
6,CA_LADWP,2021,0.347
6,CA_LADWP,2022,0.364
6,CA_LADWP,2023,0.381
6,CA_LADWP,2024,0.44
6,CA_LADWP,2025,0.47
6,CA_LADWP,2026,0.5
6,CA_LADWP,2027,0.52
6,CA_LADWP,2028,0.55
6,CA_LADWP,2029,0.57
6,CA_LADWP,2030,0.6
6,CA_LADWP,2031,0.6
6,CA_LADWP,2032,0.6
6,CA_LADWP,2033,0.6
6,CA_LADWP,2034,0.6
6,CA_LADWP,2035,0.6
6,CA_LADWP,2036,0.6
6,CA_LADWP,2037,0.6
6,CA_LADWP,2038,0.6
6,CA_LADWP,2039,0.6
6,CA_LADWP,2040,0.6
6,CA_LADWP,2041,0.6
6,CA_LADWP,2042,0.6
6,CA_LADWP,2043,0.6
6,CA_LADWP,2044,0.6
6,CA_LADWP,2045,0.6
6,CA_LADWP,2046,0.6
6,CA_LADWP,2047,0.6
6,CA_LADWP,2048,0.6
6,CA_LADWP,2049,0.6
6,CA_LADWP,2050,0.6
6,CA_LADWP,2051,0.6
6,CA_LADWP,2052,0.6
6,CA_LADWP,2053,0.6
6,CA_LADWP,2054,0.6
6,CA_LADWP,2055,0.6
6,CA_LADWP,2056,0.6
6,CA_LADWP,2057,0.6
6,CA_LADWP,2058,0.6
6,CA_LADWP,2059,0.6
6,CA_LADWP,2060,0.6
6,CA_LADWP,2061,0.6
6,CA_LADWP,2062,0.6
6,CA_LADWP,2063,0.6
6,CA_LADWP,2064,0.6
6,CA_LADWP,2065,0.6
6,CA_LADWP,2066,0.6
6,CA_LADWP,2067,0.6
6,CA_LADWP,2068,0.6
6,CA_LADWP,2069,0.6
6,CA_LADWP,2070,0.6
6,CA_LADWP,2071,0.6
6,CA_LADWP,2072,0.6
6,CA_LADWP,2073,0.6
6,CA_LADWP,2074,0.6
6,CA_LADWP,2075,0.6
6,CA_LADWP,2076,0.6
6,CA_LADWP,2077,0.6
6,CA_LADWP,2078,0.6
6,CA_LADWP,2079,0.6
6,CA_LADWP,2080,0.6
6,CAN_ALB,2010,0
6,CAN_ALB,2011,0
6,CAN_ALB,2012,0
6,CAN_ALB,2013,0
6,CAN_ALB,2014,0
6,CAN_ALB,2015,0
6,CAN_ALB,2016,0
6,CAN_ALB,2017,0
6,CAN_ALB,2018,0
6,CAN_ALB,2019,0
6,CAN_ALB,2020,0
6,CAN_ALB,2021,0
6,CAN_ALB,2022,0
6,CAN_ALB,2023,0
6,CAN_ALB,2024,0
6,CAN_ALB,2025,0
6,CAN_ALB,2026,0
6,CAN_ALB,2027,0
6,CAN_ALB,2028,0
6,CAN_ALB,2029,0
6,CAN_ALB,2030,0
6,CAN_ALB,2031,0
6,CAN_ALB,2032,0
6,CAN_ALB,2033,0
6,CAN_ALB,2034,0
6,CAN_ALB,2035,0
6,CAN_ALB,2036,0
6,CAN_ALB,2037,0
6,CAN_ALB,2038,0
6,CAN_ALB,2039,0
6,CAN_ALB,2040,0
6,CAN_ALB,2041,0
6,CAN_ALB,2042,0
6,CAN_ALB,2043,0
6,CAN_ALB,2044,0
6,CAN_ALB,2045,0
6,CAN_ALB,2046,0
6,CAN_ALB,2047,0
6,CAN_ALB,2048,0
6,CAN_ALB,2049,0
6,CAN_ALB,2050,0
6,CAN_ALB,2051,0
6,CAN_ALB,2052,0
6,CAN_ALB,2053,0
6,CAN_ALB,2054,0
6,CAN_ALB,2055,0
6,CAN_ALB,2056,0
6,CAN_ALB,2057,0
6,CAN_ALB,2058,0
6,CAN_ALB,2059,0
6,CAN_ALB,2060,0
6,CAN_ALB,2061,0
6,CAN_ALB,2062,0
6,CAN_ALB,2063,0
6,CAN_ALB,2064,0
6,CAN_ALB,2065,0
6,CAN_ALB,2066,0
6,CAN_ALB,2067,0
6,CAN_ALB,2068,0
6,CAN_ALB,2069,0
6,CAN_ALB,2070,0
6,CAN_ALB,2071,0
6,CAN_ALB,2072,0
6,CAN_ALB,2073,0
6,CAN_ALB,2074,0
6,CAN_ALB,2075,0
6,CAN_ALB,2076,0
6,CAN_ALB,2077,0
6,CAN_ALB,2078,0
6,CAN_ALB,2079,0
6,CAN_ALB,2080,0
6,CAN_BC,2010,0
6,CAN_BC,2011,0
6,CAN_BC,2012,0
6,CAN_BC,2013,0
6,CAN_BC,2014,0
6,CAN_BC,2015,0
6,CAN_BC,2016,0
6,CAN_BC,2017,0
6,CAN_BC,2018,0
6,CAN_BC,2019,0
6,CAN_BC,2020,0
6,CAN_BC,2021,0
6,CAN_BC,2022,0
6,CAN_BC,2023,0
6,CAN_BC,2024,0
6,CAN_BC,2025,0
6,CAN_BC,2026,0
6,CAN_BC,2027,0
6,CAN_BC,2028,0
6,CAN_BC,2029,0
6,CAN_BC,2030,0
6,CAN_BC,2031,0
6,CAN_BC,2032,0
6,CAN_BC,2033,0
6,CAN_BC,2034,0
6,CAN_BC,2035,0
6,CAN_BC,2036,0
6,CAN_BC,2037,0
6,CAN_BC,2038,0
6,CAN_BC,2039,0
6,CAN_BC,2040,0
6,CAN_BC,2041,0
6,CAN_BC,2042,0
6,CAN_BC,2043,0
6,CAN_BC,2044,0
6,CAN_BC,2045,0
6,CAN_BC,2046,0
6,CAN_BC,2047,0
6,CAN_BC,2048,0
6,CAN_BC,2049,0
6,CAN_BC,2050,0
6,CAN_BC,2051,0
6,CAN_BC,2052,0
6,CAN_BC,2053,0
6,CAN_BC,2054,0
6,CAN_BC,2055,0
6,CAN_BC,2056,0
6,CAN_BC,2057,0
6,CAN_BC,2058,0
6,CAN_BC,2059,0
6,CAN_BC,2060,0
6,CAN_BC,2061,0
6,CAN_BC,2062,0
6,CAN_BC,2063,0
6,CAN_BC,2064,0
6,CAN_BC,2065,0
6,CAN_BC,2066,0
6,CAN_BC,2067,0
6,CAN_BC,2068,0
6,CAN_BC,2069,0
6,CAN_BC,2070,0
6,CAN_BC,2071,0
6,CAN_BC,2072,0
6,CAN_BC,2073,0
6,CAN_BC,2074,0
6,CAN_BC,2075,0
6,CAN_BC,2076,0
6,CAN_BC,2077,0
6,CAN_BC,2078,0
6,CAN_BC,2079,0
6,CAN_BC,2080,0
6,CA_PGE_BAY,2010,0.2
6,CA_PGE_BAY,2011,0.2
6,CA_PGE_BAY,2012,0.2
6,CA_PGE_BAY,2013,0.2
6,CA_PGE_BAY,2014,0.216667
6,CA_PGE_BAY,2015,0.233333
6,CA_PGE_BAY,2016,0.25
6,CA_PGE_BAY,2017,0.27
6,CA_PGE_BAY,2018,0.29
6,CA_PGE_BAY,2019,0.31
6,CA_PGE_BAY,2020,0.33
6,CA_PGE_BAY,2021,0.347
6,CA_PGE_BAY,2022,0.364
6,CA_PGE_BAY,2023,0.381
6,CA_PGE_BAY,2024,0.44
6,CA_PGE_BAY,2025,0.47
6,CA_PGE_BAY,2026,0.5
6,CA_PGE_BAY,2027,0.52
6,CA_PGE_BAY,2028,0.55
6,CA_PGE_BAY,2029,0.57
6,CA_PGE_BAY,2030,0.6
6,CA_PGE_BAY,2031,0.6
6,CA_PGE_BAY,2032,0.6
6,CA_PGE_BAY,2033,0.6
6,CA_PGE_BAY,2034,0.6
6,CA_PGE_BAY,2035,0.6
6,CA_PGE_BAY,2036,0.6
6,CA_PGE_BAY,2037,0.6
6,CA_PGE_BAY,2038,0.6
6,CA_PGE_BAY,2039,0.6
6,CA_PGE_BAY,2040,0.6
6,CA_PGE_BAY,2041,0.6
6,CA_PGE_BAY,2042,0.6
6,CA_PGE_BAY,2043,0.6
6,CA_PGE_BAY,2044,0.6
6,CA_PGE_BAY,2045,0.6
6,CA_PGE_BAY,2046,0.6
6,CA_PGE_BAY,2047,0.6
6,CA_PGE_BAY,2048,0.6
6,CA_PGE_BAY,2049,0.6
6,CA_PGE_BAY,2050,0.6
6,CA_PGE_BAY,2051,0.6
6,CA_PGE_BAY,2052,0.6
6,CA_PGE_BAY,2053,0.6
6,CA_PGE_BAY,2054,0.6
6,CA_PGE_BAY,2055,0.6
6,CA_PGE_BAY,2056,0.6
6,CA_PGE_BAY,2057,0.6
6,CA_PGE_BAY,2058,0.6
6,CA_PGE_BAY,2059,0.6
6,CA_PGE_BAY,2060,0.6
6,CA_PGE_BAY,2061,0.6
6,CA_PGE_BAY,2062,0.6
6,CA_PGE_BAY,2063,0.6
6,CA_PGE_BAY,2064,0.6
6,CA_PGE_BAY,2065,0.6
6,CA_PGE_BAY,2066,0.6
6,CA_PGE_BAY,2067,0.6
6,CA_PGE_BAY,2068,0.6
6,CA_PGE_BAY,2069,0.6
6,CA_PGE_BAY,2070,0.6
6,CA_PGE_BAY,2071,0.6
6,CA_PGE_BAY,2072,0.6
6,CA_PGE_BAY,2073,0.6
6,CA_PGE_BAY,2074,0.6
6,CA_PGE_BAY,2075,0.6
6,CA_PGE_BAY,2076,0.6
6,CA_PGE_BAY,2077,0.6
6,CA_PGE_BAY,2078,0.6
6,CA_PGE_BAY,2079,0.6
6,CA_PGE_BAY,2080,0.6
6,CA_PGE_CEN,2010,0.2
6,CA_PGE_CEN,2011,0.2
6,CA_PGE_CEN,2012,0.2
6,CA_PGE_CEN,2013,0.2
6,CA_PGE_CEN,2014,0.216667
6,CA_PGE_CEN,2015,0.233333
6,CA_PGE_CEN,2016,0.25
6,CA_PGE_CEN,2017,0.27
6,CA_PGE_CEN,2018,0.29
6,CA_PGE_CEN,2019,0.31
6,CA_PGE_CEN,2020,0.33
6,CA_PGE_CEN,2021,0.347
6,CA_PGE_CEN,2022,0.364
6,CA_PGE_CEN,2023,0.381
6,CA_PGE_CEN,2024,0.44
6,CA_PGE_CEN,2025,0.47
6,CA_PGE_CEN,2026,0.5
6,CA_PGE_CEN,2027,0.52
6,CA_PGE_CEN,2028,0.55
6,CA_PGE_CEN,2029,0.57
6,CA_PGE_CEN,2030,0.6
6,CA_PGE_CEN,2031,0.6
6,CA_PGE_CEN,2032,0.6
6,CA_PGE_CEN,2033,0.6
6,CA_PGE_CEN,2034,0.6
6,CA_PGE_CEN,2035,0.6
6,CA_PGE_CEN,2036,0.6
6,CA_PGE_CEN,2037,0.6
6,CA_PGE_CEN,2038,0.6
6,CA_PGE_CEN,2039,0.6
6,CA_PGE_CEN,2040,0.6
6,CA_PGE_CEN,2041,0.6
6,CA_PGE_CEN,2042,0.6
6,CA_PGE_CEN,2043,0.6
6,CA_PGE_CEN,2044,0.6
6,CA_PGE_CEN,2045,0.6
6,CA_PGE_CEN,2046,0.6
6,CA_PGE_CEN,2047,0.6
6,CA_PGE_CEN,2048,0.6
6,CA_PGE_CEN,2049,0.6
6,CA_PGE_CEN,2050,0.6
6,CA_PGE_CEN,2051,0.6
6,CA_PGE_CEN,2052,0.6
6,CA_PGE_CEN,2053,0.6
6,CA_PGE_CEN,2054,0.6
6,CA_PGE_CEN,2055,0.6
6,CA_PGE_CEN,2056,0.6
6,CA_PGE_CEN,2057,0.6
6,CA_PGE_CEN,2058,0.6
6,CA_PGE_CEN,2059,0.6
6,CA_PGE_CEN,2060,0.6
6,CA_PGE_CEN,2061,0.6
6,CA_PGE_CEN,2062,0.6
6,CA_PGE_CEN,2063,0.6
6,CA_PGE_CEN,2064,0.6
6,CA_PGE_CEN,2065,0.6
6,CA_PGE_CEN,2066,0.6
6,CA_PGE_CEN,2067,0.6
6,CA_PGE_CEN,2068,0.6
6,CA_PGE_CEN,2069,0.6
6,CA_PGE_CEN,2070,0.6
6,CA_PGE_CEN,2071,0.6
6,CA_PGE_CEN,2072,0.6
6,CA_PGE_CEN,2073,0.6
6,CA_PGE_CEN,2074,0.6
6,CA_PGE_CEN,2075,0.6
6,CA_PGE_CEN,2076,0.6
6,CA_PGE_CEN,2077,0.6
6,CA_PGE_CEN,2078,0.6
6,CA_PGE_CEN,2079,0.6
6,CA_PGE_CEN,2080,0.6
6,CA_PGE_N,2010,0.2
6,CA_PGE_N,2011,0.2
6,CA_PGE_N,2012,0.2
6,CA_PGE_N,2013,0.2
6,CA_PGE_N,2014,0.216667
6,CA_PGE_N,2015,0.233333
6,CA_PGE_N,2016,0.25
6,CA_PGE_N,2017,0.27
6,CA_PGE_N,2018,0.29
6,CA_PGE_N,2019,0.31
6,CA_PGE_N,2020,0.33
6,CA_PGE_N,2021,0.347
6,CA_PGE_N,2022,0.364
6,CA_PGE_N,2023,0.381
6,CA_PGE_N,2024,0.44
6,CA_PGE_N,2025,0.47
6,CA_PGE_N,2026,0.5
6,CA_PGE_N,2027,0.52
6,CA_PGE_N,2028,0.55
6,CA_PGE_N,2029,0.57
6,CA_PGE_N,2030,0.6
6,CA_PGE_N,2031,0.6
6,CA_PGE_N,2032,0.6
6,CA_PGE_N,2033,0.6
6,CA_PGE_N,2034,0.6
6,CA_PGE_N,2035,0.6
6,CA_PGE_N,2036,0.6
6,CA_PGE_N,2037,0.6
6,CA_PGE_N,2038,0.6
6,CA_PGE_N,2039,0.6
6,CA_PGE_N,2040,0.6
6,CA_PGE_N,2041,0.6
6,CA_PGE_N,2042,0.6
6,CA_PGE_N,2043,0.6
6,CA_PGE_N,2044,0.6
6,CA_PGE_N,2045,0.6
6,CA_PGE_N,2046,0.6
6,CA_PGE_N,2047,0.6
6,CA_PGE_N,2048,0.6
6,CA_PGE_N,2049,0.6
6,CA_PGE_N,2050,0.6
6,CA_PGE_N,2051,0.6
6,CA_PGE_N,2052,0.6
6,CA_PGE_N,2053,0.6
6,CA_PGE_N,2054,0.6
6,CA_PGE_N,2055,0.6
6,CA_PGE_N,2056,0.6
6,CA_PGE_N,2057,0.6
6,CA_PGE_N,2058,0.6
6,CA_PGE_N,2059,0.6
6,CA_PGE_N,2060,0.6
6,CA_PGE_N,2061,0.6
6,CA_PGE_N,2062,0.6
6,CA_PGE_N,2063,0.6
6,CA_PGE_N,2064,0.6
6,CA_PGE_N,2065,0.6
6,CA_PGE_N,2066,0.6
6,CA_PGE_N,2067,0.6
6,CA_PGE_N,2068,0.6
6,CA_PGE_N,2069,0.6
6,CA_PGE_N,2070,0.6
6,CA_PGE_N,2071,0.6
6,CA_PGE_N,2072,0.6
6,CA_PGE_N,2073,0.6
6,CA_PGE_N,2074,0.6
6,CA_PGE_N,2075,0.6
6,CA_PGE_N,2076,0.6
6,CA_PGE_N,2077,0.6
6,CA_PGE_N,2078,0.6
6,CA_PGE_N,2079,0.6
6,CA_PGE_N,2080,0.6
6,CA_PGE_S,2010,0.2
6,CA_PGE_S,2011,0.2
6,CA_PGE_S,2012,0.2
6,CA_PGE_S,2013,0.2
6,CA_PGE_S,2014,0.216667
6,CA_PGE_S,2015,0.233333
6,CA_PGE_S,2016,0.25
6,CA_PGE_S,2017,0.27
6,CA_PGE_S,2018,0.29
6,CA_PGE_S,2019,0.31
6,CA_PGE_S,2020,0.33
6,CA_PGE_S,2021,0.347
6,CA_PGE_S,2022,0.364
6,CA_PGE_S,2023,0.381
6,CA_PGE_S,2024,0.44
6,CA_PGE_S,2025,0.47
6,CA_PGE_S,2026,0.5
6,CA_PGE_S,2027,0.52
6,CA_PGE_S,2028,0.55
6,CA_PGE_S,2029,0.57
6,CA_PGE_S,2030,0.6
6,CA_PGE_S,2031,0.6
6,CA_PGE_S,2032,0.6
6,CA_PGE_S,2033,0.6
6,CA_PGE_S,2034,0.6
6,CA_PGE_S,2035,0.6
6,CA_PGE_S,2036,0.6
6,CA_PGE_S,2037,0.6
6,CA_PGE_S,2038,0.6
6,CA_PGE_S,2039,0.6
6,CA_PGE_S,2040,0.6
6,CA_PGE_S,2041,0.6
6,CA_PGE_S,2042,0.6
6,CA_PGE_S,2043,0.6
6,CA_PGE_S,2044,0.6
6,CA_PGE_S,2045,0.6
6,CA_PGE_S,2046,0.6
6,CA_PGE_S,2047,0.6
6,CA_PGE_S,2048,0.6
6,CA_PGE_S,2049,0.6
6,CA_PGE_S,2050,0.6
6,CA_PGE_S,2051,0.6
6,CA_PGE_S,2052,0.6
6,CA_PGE_S,2053,0.6
6,CA_PGE_S,2054,0.6
6,CA_PGE_S,2055,0.6
6,CA_PGE_S,2056,0.6
6,CA_PGE_S,2057,0.6
6,CA_PGE_S,2058,0.6
6,CA_PGE_S,2059,0.6
6,CA_PGE_S,2060,0.6
6,CA_PGE_S,2061,0.6
6,CA_PGE_S,2062,0.6
6,CA_PGE_S,2063,0.6
6,CA_PGE_S,2064,0.6
6,CA_PGE_S,2065,0.6
6,CA_PGE_S,2066,0.6
6,CA_PGE_S,2067,0.6
6,CA_PGE_S,2068,0.6
6,CA_PGE_S,2069,0.6
6,CA_PGE_S,2070,0.6
6,CA_PGE_S,2071,0.6
6,CA_PGE_S,2072,0.6
6,CA_PGE_S,2073,0.6
6,CA_PGE_S,2074,0.6
6,CA_PGE_S,2075,0.6
6,CA_PGE_S,2076,0.6
6,CA_PGE_S,2077,0.6
6,CA_PGE_S,2078,0.6
6,CA_PGE_S,2079,0.6
6,CA_PGE_S,2080,0.6
6,CA_SCE_CEN,2010,0.2
6,CA_SCE_CEN,2011,0.2
6,CA_SCE_CEN,2012,0.2
6,CA_SCE_CEN,2013,0.2
6,CA_SCE_CEN,2014,0.216666
6,CA_SCE_CEN,2015,0.233333
6,CA_SCE_CEN,2016,0.25
6,CA_SCE_CEN,2017,0.27
6,CA_SCE_CEN,2018,0.29
6,CA_SCE_CEN,2019,0.31
6,CA_SCE_CEN,2020,0.33
6,CA_SCE_CEN,2021,0.347
6,CA_SCE_CEN,2022,0.364
6,CA_SCE_CEN,2023,0.381
6,CA_SCE_CEN,2024,0.44
6,CA_SCE_CEN,2025,0.47
6,CA_SCE_CEN,2026,0.5
6,CA_SCE_CEN,2027,0.52
6,CA_SCE_CEN,2028,0.55
6,CA_SCE_CEN,2029,0.57
6,CA_SCE_CEN,2030,0.6
6,CA_SCE_CEN,2031,0.6
6,CA_SCE_CEN,2032,0.6
6,CA_SCE_CEN,2033,0.6
6,CA_SCE_CEN,2034,0.6
6,CA_SCE_CEN,2035,0.6
6,CA_SCE_CEN,2036,0.6
6,CA_SCE_CEN,2037,0.6
6,CA_SCE_CEN,2038,0.6
6,CA_SCE_CEN,2039,0.6
6,CA_SCE_CEN,2040,0.6
6,CA_SCE_CEN,2041,0.6
6,CA_SCE_CEN,2042,0.6
6,CA_SCE_CEN,2043,0.6
6,CA_SCE_CEN,2044,0.6
6,CA_SCE_CEN,2045,0.6
6,CA_SCE_CEN,2046,0.6
6,CA_SCE_CEN,2047,0.6
6,CA_SCE_CEN,2048,0.6
6,CA_SCE_CEN,2049,0.6
6,CA_SCE_CEN,2050,0.6
6,CA_SCE_CEN,2051,0.6
6,CA_SCE_CEN,2052,0.6
6,CA_SCE_CEN,2053,0.6
6,CA_SCE_CEN,2054,0.6
6,CA_SCE_CEN,2055,0.6
6,CA_SCE_CEN,2056,0.6
6,CA_SCE_CEN,2057,0.6
6,CA_SCE_CEN,2058,0.6
6,CA_SCE_CEN,2059,0.6
6,CA_SCE_CEN,2060,0.6
6,CA_SCE_CEN,2061,0.6
6,CA_SCE_CEN,2062,0.6
6,CA_SCE_CEN,2063,0.6
6,CA_SCE_CEN,2064,0.6
6,CA_SCE_CEN,2065,0.6
6,CA_SCE_CEN,2066,0.6
6,CA_SCE_CEN,2067,0.6
6,CA_SCE_CEN,2068,0.6
6,CA_SCE_CEN,2069,0.6
6,CA_SCE_CEN,2070,0.6
6,CA_SCE_CEN,2071,0.6
6,CA_SCE_CEN,2072,0.6
6,CA_SCE_CEN,2073,0.6
6,CA_SCE_CEN,2074,0.6
6,CA_SCE_CEN,2075,0.6
6,CA_SCE_CEN,2076,0.6
6,CA_SCE_CEN,2077,0.6
6,CA_SCE_CEN,2078,0.6
6,CA_SCE_CEN,2079,0.6
6,CA_SCE_CEN,2080,0.6
6,CA_SCE_S,2010,0.2
6,CA_SCE_S,2011,0.2
6,CA_SCE_S,2012,0.2
6,CA_SCE_S,2013,0.2
6,CA_SCE_S,2014,0.216666
6,CA_SCE_S,2015,0.233333
6,CA_SCE_S,2016,0.25
6,CA_SCE_S,2017,0.27
6,CA_SCE_S,2018,0.29
6,CA_SCE_S,2019,0.31
6,CA_SCE_S,2020,0.33
6,CA_SCE_S,2021,0.347
6,CA_SCE_S,2022,0.364
6,CA_SCE_S,2023,0.381
6,CA_SCE_S,2024,0.44
6,CA_SCE_S,2025,0.47
6,CA_SCE_S,2026,0.5
6,CA_SCE_S,2027,0.52
6,CA_SCE_S,2028,0.55
6,CA_SCE_S,2029,0.57
6,CA_SCE_S,2030,0.6
6,CA_SCE_S,2031,0.6
6,CA_SCE_S,2032,0.6
6,CA_SCE_S,2033,0.6
6,CA_SCE_S,2034,0.6
6,CA_SCE_S,2035,0.6
6,CA_SCE_S,2036,0.6
6,CA_SCE_S,2037,0.6
6,CA_SCE_S,2038,0.6
6,CA_SCE_S,2039,0.6
6,CA_SCE_S,2040,0.6
6,CA_SCE_S,2041,0.6
6,CA_SCE_S,2042,0.6
6,CA_SCE_S,2043,0.6
6,CA_SCE_S,2044,0.6
6,CA_SCE_S,2045,0.6
6,CA_SCE_S,2046,0.6
6,CA_SCE_S,2047,0.6
6,CA_SCE_S,2048,0.6
6,CA_SCE_S,2049,0.6
6,CA_SCE_S,2050,0.6
6,CA_SCE_S,2051,0.6
6,CA_SCE_S,2052,0.6
6,CA_SCE_S,2053,0.6
6,CA_SCE_S,2054,0.6
6,CA_SCE_S,2055,0.6
6,CA_SCE_S,2056,0.6
6,CA_SCE_S,2057,0.6
6,CA_SCE_S,2058,0.6
6,CA_SCE_S,2059,0.6
6,CA_SCE_S,2060,0.6
6,CA_SCE_S,2061,0.6
6,CA_SCE_S,2062,0.6
6,CA_SCE_S,2063,0.6
6,CA_SCE_S,2064,0.6
6,CA_SCE_S,2065,0.6
6,CA_SCE_S,2066,0.6
6,CA_SCE_S,2067,0.6
6,CA_SCE_S,2068,0.6
6,CA_SCE_S,2069,0.6
6,CA_SCE_S,2070,0.6
6,CA_SCE_S,2071,0.6
6,CA_SCE_S,2072,0.6
6,CA_SCE_S,2073,0.6
6,CA_SCE_S,2074,0.6
6,CA_SCE_S,2075,0.6
6,CA_SCE_S,2076,0.6
6,CA_SCE_S,2077,0.6
6,CA_SCE_S,2078,0.6
6,CA_SCE_S,2079,0.6
6,CA_SCE_S,2080,0.6
6,CA_SCE_SE,2010,0.2
6,CA_SCE_SE,2011,0.2
6,CA_SCE_SE,2012,0.2
6,CA_SCE_SE,2013,0.2
6,CA_SCE_SE,2014,0.216666
6,CA_SCE_SE,2015,0.233333
6,CA_SCE_SE,2016,0.25
6,CA_SCE_SE,2017,0.27
6,CA_SCE_SE,2018,0.29
6,CA_SCE_SE,2019,0.31
6,CA_SCE_SE,2020,0.33
6,CA_SCE_SE,2021,0.347
6,CA_SCE_SE,2022,0.364
6,CA_SCE_SE,2023,0.381
6,CA_SCE_SE,2024,0.44
6,CA_SCE_SE,2025,0.47
6,CA_SCE_SE,2026,0.5
6,CA_SCE_SE,2027,0.52
6,CA_SCE_SE,2028,0.55
6,CA_SCE_SE,2029,0.57
6,CA_SCE_SE,2030,0.6
6,CA_SCE_SE,2031,0.6
6,CA_SCE_SE,2032,0.6
6,CA_SCE_SE,2033,0.6
6,CA_SCE_SE,2034,0.6
6,CA_SCE_SE,2035,0.6
6,CA_SCE_SE,2036,0.6
6,CA_SCE_SE,2037,0.6
6,CA_SCE_SE,2038,0.6
6,CA_SCE_SE,2039,0.6
6,CA_SCE_SE,2040,0.6
6,CA_SCE_SE,2041,0.6
6,CA_SCE_SE,2042,0.6
6,CA_SCE_SE,2043,0.6
6,CA_SCE_SE,2044,0.6
6,CA_SCE_SE,2045,0.6
6,CA_SCE_SE,2046,0.6
6,CA_SCE_SE,2047,0.6
6,CA_SCE_SE,2048,0.6
6,CA_SCE_SE,2049,0.6
6,CA_SCE_SE,2050,0.6
6,CA_SCE_SE,2051,0.6
6,CA_SCE_SE,2052,0.6
6,CA_SCE_SE,2053,0.6
6,CA_SCE_SE,2054,0.6
6,CA_SCE_SE,2055,0.6
6,CA_SCE_SE,2056,0.6
6,CA_SCE_SE,2057,0.6
6,CA_SCE_SE,2058,0.6
6,CA_SCE_SE,2059,0.6
6,CA_SCE_SE,2060,0.6
6,CA_SCE_SE,2061,0.6
6,CA_SCE_SE,2062,0.6
6,CA_SCE_SE,2063,0.6
6,CA_SCE_SE,2064,0.6
6,CA_SCE_SE,2065,0.6
6,CA_SCE_SE,2066,0.6
6,CA_SCE_SE,2067,0.6
6,CA_SCE_SE,2068,0.6
6,CA_SCE_SE,2069,0.6
6,CA_SCE_SE,2070,0.6
6,CA_SCE_SE,2071,0.6
6,CA_SCE_SE,2072,0.6
6,CA_SCE_SE,2073,0.6
6,CA_SCE_SE,2074,0.6
6,CA_SCE_SE,2075,0.6
6,CA_SCE_SE,2076,0.6
6,CA_SCE_SE,2077,0.6
6,CA_SCE_SE,2078,0.6
6,CA_SCE_SE,2079,0.6
6,CA_SCE_SE,2080,0.6
6,CA_SCE_VLY,2010,0.2
6,CA_SCE_VLY,2011,0.2
6,CA_SCE_VLY,2012,0.2
6,CA_SCE_VLY,2013,0.2
6,CA_SCE_VLY,2014,0.216666
6,CA_SCE_VLY,2015,0.233333
6,CA_SCE_VLY,2016,0.25
6,CA_SCE_VLY,2017,0.27
6,CA_SCE_VLY,2018,0.29
6,CA_SCE_VLY,2019,0.31
6,CA_SCE_VLY,2020,0.33
6,CA_SCE_VLY,2021,0.347
6,CA_SCE_VLY,2022,0.364
6,CA_SCE_VLY,2023,0.381
6,CA_SCE_VLY,2024,0.44
6,CA_SCE_VLY,2025,0.47
6,CA_SCE_VLY,2026,0.5
6,CA_SCE_VLY,2027,0.52
6,CA_SCE_VLY,2028,0.55
6,CA_SCE_VLY,2029,0.57
6,CA_SCE_VLY,2030,0.6
6,CA_SCE_VLY,2031,0.6
6,CA_SCE_VLY,2032,0.6
6,CA_SCE_VLY,2033,0.6
6,CA_SCE_VLY,2034,0.6
6,CA_SCE_VLY,2035,0.6
6,CA_SCE_VLY,2036,0.6
6,CA_SCE_VLY,2037,0.6
6,CA_SCE_VLY,2038,0.6
6,CA_SCE_VLY,2039,0.6
6,CA_SCE_VLY,2040,0.6
6,CA_SCE_VLY,2041,0.6
6,CA_SCE_VLY,2042,0.6
6,CA_SCE_VLY,2043,0.6
6,CA_SCE_VLY,2044,0.6
6,CA_SCE_VLY,2045,0.6
6,CA_SCE_VLY,2046,0.6
6,CA_SCE_VLY,2047,0.6
6,CA_SCE_VLY,2048,0.6
6,CA_SCE_VLY,2049,0.6
6,CA_SCE_VLY,2050,0.6
6,CA_SCE_VLY,2051,0.6
6,CA_SCE_VLY,2052,0.6
6,CA_SCE_VLY,2053,0.6
6,CA_SCE_VLY,2054,0.6
6,CA_SCE_VLY,2055,0.6
6,CA_SCE_VLY,2056,0.6
6,CA_SCE_VLY,2057,0.6
6,CA_SCE_VLY,2058,0.6
6,CA_SCE_VLY,2059,0.6
6,CA_SCE_VLY,2060,0.6
6,CA_SCE_VLY,2061,0.6
6,CA_SCE_VLY,2062,0.6
6,CA_SCE_VLY,2063,0.6
6,CA_SCE_VLY,2064,0.6
6,CA_SCE_VLY,2065,0.6
6,CA_SCE_VLY,2066,0.6
6,CA_SCE_VLY,2067,0.6
6,CA_SCE_VLY,2068,0.6
6,CA_SCE_VLY,2069,0.6
6,CA_SCE_VLY,2070,0.6
6,CA_SCE_VLY,2071,0.6
6,CA_SCE_VLY,2072,0.6
6,CA_SCE_VLY,2073,0.6
6,CA_SCE_VLY,2074,0.6
6,CA_SCE_VLY,2075,0.6
6,CA_SCE_VLY,2076,0.6
6,CA_SCE_VLY,2077,0.6
6,CA_SCE_VLY,2078,0.6
6,CA_SCE_VLY,2079,0.6
6,CA_SCE_VLY,2080,0.6
6,CA_SDGE,2010,0.2
6,CA_SDGE,2011,0.2
6,CA_SDGE,2012,0.2
6,CA_SDGE,2013,0.2
6,CA_SDGE,2014,0.216667
6,CA_SDGE,2015,0.233333
6,CA_SDGE,2016,0.25
6,CA_SDGE,2017,0.27
6,CA_SDGE,2018,0.29
6,CA_SDGE,2019,0.31
6,CA_SDGE,2020,0.33
6,CA_SDGE,2021,0.347
6,CA_SDGE,2022,0.364
6,CA_SDGE,2023,0.381
6,CA_SDGE,2024,0.44
6,CA_SDGE,2025,0.47
6,CA_SDGE,2026,0.5
6,CA_SDGE,2027,0.52
6,CA_SDGE,2028,0.55
6,CA_SDGE,2029,0.57
6,CA_SDGE,2030,0.6
6,CA_SDGE,2031,0.6
6,CA_SDGE,2032,0.6
6,CA_SDGE,2033,0.6
6,CA_SDGE,2034,0.6
6,CA_SDGE,2035,0.6
6,CA_SDGE,2036,0.6
6,CA_SDGE,2037,0.6
6,CA_SDGE,2038,0.6
6,CA_SDGE,2039,0.6
6,CA_SDGE,2040,0.6
6,CA_SDGE,2041,0.6
6,CA_SDGE,2042,0.6
6,CA_SDGE,2043,0.6
6,CA_SDGE,2044,0.6
6,CA_SDGE,2045,0.6
6,CA_SDGE,2046,0.6
6,CA_SDGE,2047,0.6
6,CA_SDGE,2048,0.6
6,CA_SDGE,2049,0.6
6,CA_SDGE,2050,0.6
6,CA_SDGE,2051,0.6
6,CA_SDGE,2052,0.6
6,CA_SDGE,2053,0.6
6,CA_SDGE,2054,0.6
6,CA_SDGE,2055,0.6
6,CA_SDGE,2056,0.6
6,CA_SDGE,2057,0.6
6,CA_SDGE,2058,0.6
6,CA_SDGE,2059,0.6
6,CA_SDGE,2060,0.6
6,CA_SDGE,2061,0.6
6,CA_SDGE,2062,0.6
6,CA_SDGE,2063,0.6
6,CA_SDGE,2064,0.6
6,CA_SDGE,2065,0.6
6,CA_SDGE,2066,0.6
6,CA_SDGE,2067,0.6
6,CA_SDGE,2068,0.6
6,CA_SDGE,2069,0.6
6,CA_SDGE,2070,0.6
6,CA_SDGE,2071,0.6
6,CA_SDGE,2072,0.6
6,CA_SDGE,2073,0.6
6,CA_SDGE,2074,0.6
6,CA_SDGE,2075,0.6
6,CA_SDGE,2076,0.6
6,CA_SDGE,2077,0.6
6,CA_SDGE,2078,0.6
6,CA_SDGE,2079,0.6
6,CA_SDGE,2080,0.6
6,CA_SMUD,2010,0.2
6,CA_SMUD,2011,0.2
6,CA_SMUD,2012,0.2
6,CA_SMUD,2013,0.2
6,CA_SMUD,2014,0.216667
6,CA_SMUD,2015,0.233333
6,CA_SMUD,2016,0.25
6,CA_SMUD,2017,0.27
6,CA_SMUD,2018,0.29
6,CA_SMUD,2019,0.31
6,CA_SMUD,2020,0.33
6,CA_SMUD,2021,0.347
6,CA_SMUD,2022,0.364
6,CA_SMUD,2023,0.381
6,CA_SMUD,2024,0.44
6,CA_SMUD,2025,0.47
6,CA_SMUD,2026,0.5
6,CA_SMUD,2027,0.52
6,CA_SMUD,2028,0.55
6,CA_SMUD,2029,0.57
6,CA_SMUD,2030,0.6
6,CA_SMUD,2031,0.6
6,CA_SMUD,2032,0.6
6,CA_SMUD,2033,0.6
6,CA_SMUD,2034,0.6
6,CA_SMUD,2035,0.6
6,CA_SMUD,2036,0.6
6,CA_SMUD,2037,0.6
6,CA_SMUD,2038,0.6
6,CA_SMUD,2039,0.6
6,CA_SMUD,2040,0.6
6,CA_SMUD,2041,0.6
6,CA_SMUD,2042,0.6
6,CA_SMUD,2043,0.6
6,CA_SMUD,2044,0.6
6,CA_SMUD,2045,0.6
6,CA_SMUD,2046,0.6
6,CA_SMUD,2047,0.6
6,CA_SMUD,2048,0.6
6,CA_SMUD,2049,0.6
6,CA_SMUD,2050,0.6
6,CA_SMUD,2051,0.6
6,CA_SMUD,2052,0.6
6,CA_SMUD,2053,0.6
6,CA_SMUD,2054,0.6
6,CA_SMUD,2055,0.6
6,CA_SMUD,2056,0.6
6,CA_SMUD,2057,0.6
6,CA_SMUD,2058,0.6
6,CA_SMUD,2059,0.6
6,CA_SMUD,2060,0.6
6,CA_SMUD,2061,0.6
6,CA_SMUD,2062,0.6
6,CA_SMUD,2063,0.6
6,CA_SMUD,2064,0.6
6,CA_SMUD,2065,0.6
6,CA_SMUD,2066,0.6
6,CA_SMUD,2067,0.6
6,CA_SMUD,2068,0.6
6,CA_SMUD,2069,0.6
6,CA_SMUD,2070,0.6
6,CA_SMUD,2071,0.6
6,CA_SMUD,2072,0.6
6,CA_SMUD,2073,0.6
6,CA_SMUD,2074,0.6
6,CA_SMUD,2075,0.6
6,CA_SMUD,2076,0.6
6,CA_SMUD,2077,0.6
6,CA_SMUD,2078,0.6
6,CA_SMUD,2079,0.6
6,CA_SMUD,2080,0.6
6,CO_DEN,2010,0.05
6,CO_DEN,2011,0.12
6,CO_DEN,2012,0.12
6,CO_DEN,2013,0.12
6,CO_DEN,2014,0.12
6,CO_DEN,2015,0.2
6,CO_DEN,2016,0.2
6,CO_DEN,2017,0.2
6,CO_DEN,2018,0.2
6,CO_DEN,2019,0.2
6,CO_DEN,2020,0.3
6,CO_DEN,2021,0.3
6,CO_DEN,2022,0.3
6,CO_DEN,2023,0.3
6,CO_DEN,2024,0.3
6,CO_DEN,2025,0.3
6,CO_DEN,2026,0.3
6,CO_DEN,2027,0.3
6,CO_DEN,2028,0.3
6,CO_DEN,2029,0.3
6,CO_DEN,2030,0.3
6,CO_DEN,2031,0.3
6,CO_DEN,2032,0.3
6,CO_DEN,2033,0.3
6,CO_DEN,2034,0.3
6,CO_DEN,2035,0.3
6,CO_DEN,2036,0.3
6,CO_DEN,2037,0.3
6,CO_DEN,2038,0.3
6,CO_DEN,2039,0.3
6,CO_DEN,2040,0.3
6,CO_DEN,2041,0.3
6,CO_DEN,2042,0.3
6,CO_DEN,2043,0.3
6,CO_DEN,2044,0.3
6,CO_DEN,2045,0.3
6,CO_DEN,2046,0.3
6,CO_DEN,2047,0.3
6,CO_DEN,2048,0.3
6,CO_DEN,2049,0.3
6,CO_DEN,2050,0.3
6,CO_DEN,2051,0.3
6,CO_DEN,2052,0.3
6,CO_DEN,2053,0.3
6,CO_DEN,2054,0.3
6,CO_DEN,2055,0.3
6,CO_DEN,2056,0.3
6,CO_DEN,2057,0.3
6,CO_DEN,2058,0.3
6,CO_DEN,2059,0.3
6,CO_DEN,2060,0.3
6,CO_DEN,2061,0.3
6,CO_DEN,2062,0.3
6,CO_DEN,2063,0.3
6,CO_DEN,2064,0.3
6,CO_DEN,2065,0.3
6,CO_DEN,2066,0.3
6,CO_DEN,2067,0.3
6,CO_DEN,2068,0.3
6,CO_DEN,2069,0.3
6,CO_DEN,2070,0.3
6,CO_DEN,2071,0.3
6,CO_DEN,2072,0.3
6,CO_DEN,2073,0.3
6,CO_DEN,2074,0.3
6,CO_DEN,2075,0.3
6,CO_DEN,2076,0.3
6,CO_DEN,2077,0.3
6,CO_DEN,2078,0.3
6,CO_DEN,2079,0.3
6,CO_DEN,2080,0.3
6,CO_E,2010,0
6,CO_E,2011,0
6,CO_E,2012,0
6,CO_E,2013,0
6,CO_E,2014,0
6,CO_E,2015,0
6,CO_E,2016,0
6,CO_E,2017,0
6,CO_E,2018,0
6,CO_E,2019,0
6,CO_E,2020,0
6,CO_E,2021,0
6,CO_E,2022,0
6,CO_E,2023,0
6,CO_E,2024,0
6,CO_E,2025,0
6,CO_E,2026,0
6,CO_E,2027,0
6,CO_E,2028,0
6,CO_E,2029,0
6,CO_E,2030,0
6,CO_E,2031,0
6,CO_E,2032,0
6,CO_E,2033,0
6,CO_E,2034,0
6,CO_E,2035,0
6,CO_E,2036,0
6,CO_E,2037,0
6,CO_E,2038,0
6,CO_E,2039,0
6,CO_E,2040,0
6,CO_E,2041,0
6,CO_E,2042,0
6,CO_E,2043,0
6,CO_E,2044,0
6,CO_E,2045,0
6,CO_E,2046,0
6,CO_E,2047,0
6,CO_E,2048,0
6,CO_E,2049,0
6,CO_E,2050,0
6,CO_E,2051,0
6,CO_E,2052,0
6,CO_E,2053,0
6,CO_E,2054,0
6,CO_E,2055,0
6,CO_E,2056,0
6,CO_E,2057,0
6,CO_E,2058,0
6,CO_E,2059,0
6,CO_E,2060,0
6,CO_E,2061,0
6,CO_E,2062,0
6,CO_E,2063,0
6,CO_E,2064,0
6,CO_E,2065,0
6,CO_E,2066,0
6,CO_E,2067,0
6,CO_E,2068,0
6,CO_E,2069,0
6,CO_E,2070,0
6,CO_E,2071,0
6,CO_E,2072,0
6,CO_E,2073,0
6,CO_E,2074,0
6,CO_E,2075,0
6,CO_E,2076,0
6,CO_E,2077,0
6,CO_E,2078,0
6,CO_E,2079,0
6,CO_E,2080,0
6,CO_NW,2010,0.05
6,CO_NW,2011,0.12
6,CO_NW,2012,0.12
6,CO_NW,2013,0.12
6,CO_NW,2014,0.12
6,CO_NW,2015,0.2
6,CO_NW,2016,0.2
6,CO_NW,2017,0.2
6,CO_NW,2018,0.2
6,CO_NW,2019,0.2
6,CO_NW,2020,0.3
6,CO_NW,2021,0.3
6,CO_NW,2022,0.3
6,CO_NW,2023,0.3
6,CO_NW,2024,0.3
6,CO_NW,2025,0.3
6,CO_NW,2026,0.3
6,CO_NW,2027,0.3
6,CO_NW,2028,0.3
6,CO_NW,2029,0.3
6,CO_NW,2030,0.3
6,CO_NW,2031,0.3
6,CO_NW,2032,0.3
6,CO_NW,2033,0.3
6,CO_NW,2034,0.3
6,CO_NW,2035,0.3
6,CO_NW,2036,0.3
6,CO_NW,2037,0.3
6,CO_NW,2038,0.3
6,CO_NW,2039,0.3
6,CO_NW,2040,0.3
6,CO_NW,2041,0.3
6,CO_NW,2042,0.3
6,CO_NW,2043,0.3
6,CO_NW,2044,0.3
6,CO_NW,2045,0.3
6,CO_NW,2046,0.3
6,CO_NW,2047,0.3
6,CO_NW,2048,0.3
6,CO_NW,2049,0.3
6,CO_NW,2050,0.3
6,CO_NW,2051,0.3
6,CO_NW,2052,0.3
6,CO_NW,2053,0.3
6,CO_NW,2054,0.3
6,CO_NW,2055,0.3
6,CO_NW,2056,0.3
6,CO_NW,2057,0.3
6,CO_NW,2058,0.3
6,CO_NW,2059,0.3
6,CO_NW,2060,0.3
6,CO_NW,2061,0.3
6,CO_NW,2062,0.3
6,CO_NW,2063,0.3
6,CO_NW,2064,0.3
6,CO_NW,2065,0.3
6,CO_NW,2066,0.3
6,CO_NW,2067,0.3
6,CO_NW,2068,0.3
6,CO_NW,2069,0.3
6,CO_NW,2070,0.3
6,CO_NW,2071,0.3
6,CO_NW,2072,0.3
6,CO_NW,2073,0.3
6,CO_NW,2074,0.3
6,CO_NW,2075,0.3
6,CO_NW,2076,0.3
6,CO_NW,2077,0.3
6,CO_NW,2078,0.3
6,CO_NW,2079,0.3
6,CO_NW,2080,0.3
6,CO_SW,2010,0
6,CO_SW,2011,0
6,CO_SW,2012,0
6,CO_SW,2013,0
6,CO_SW,2014,0
6,CO_SW,2015,0
6,CO_SW,2016,0
6,CO_SW,2017,0
6,CO_SW,2018,0
6,CO_SW,2019,0
6,CO_SW,2020,0
6,CO_SW,2021,0
6,CO_SW,2022,0
6,CO_SW,2023,0
6,CO_SW,2024,0
6,CO_SW,2025,0
6,CO_SW,2026,0
6,CO_SW,2027,0
6,CO_SW,2028,0
6,CO_SW,2029,0
6,CO_SW,2030,0
6,CO_SW,2031,0
6,CO_SW,2032,0
6,CO_SW,2033,0
6,CO_SW,2034,0
6,CO_SW,2035,0
6,CO_SW,2036,0
6,CO_SW,2037,0
6,CO_SW,2038,0
6,CO_SW,2039,0
6,CO_SW,2040,0
6,CO_SW,2041,0
6,CO_SW,2042,0
6,CO_SW,2043,0
6,CO_SW,2044,0
6,CO_SW,2045,0
6,CO_SW,2046,0
6,CO_SW,2047,0
6,CO_SW,2048,0
6,CO_SW,2049,0
6,CO_SW,2050,0
6,CO_SW,2051,0
6,CO_SW,2052,0
6,CO_SW,2053,0
6,CO_SW,2054,0
6,CO_SW,2055,0
6,CO_SW,2056,0
6,CO_SW,2057,0
6,CO_SW,2058,0
6,CO_SW,2059,0
6,CO_SW,2060,0
6,CO_SW,2061,0
6,CO_SW,2062,0
6,CO_SW,2063,0
6,CO_SW,2064,0
6,CO_SW,2065,0
6,CO_SW,2066,0
6,CO_SW,2067,0
6,CO_SW,2068,0
6,CO_SW,2069,0
6,CO_SW,2070,0
6,CO_SW,2071,0
6,CO_SW,2072,0
6,CO_SW,2073,0
6,CO_SW,2074,0
6,CO_SW,2075,0
6,CO_SW,2076,0
6,CO_SW,2077,0
6,CO_SW,2078,0
6,CO_SW,2079,0
6,CO_SW,2080,0
6,ID_E,2010,0.000290812
6,ID_E,2011,0.000290812
6,ID_E,2012,0.000290812
6,ID_E,2013,0.000290812
6,ID_E,2014,0.000290812
6,ID_E,2015,0.000436218
6,ID_E,2016,0.000436218
6,ID_E,2017,0.000436218
6,ID_E,2018,0.000436218
6,ID_E,2019,0.000436218
6,ID_E,2020,0.000436218
6,ID_E,2021,0.000436218
6,ID_E,2022,0.000436218
6,ID_E,2023,0.000436218
6,ID_E,2024,0.000436218
6,ID_E,2025,0.000436218
6,ID_E,2026,0.000436218
6,ID_E,2027,0.000436218
6,ID_E,2028,0.000436218
6,ID_E,2029,0.000436218
6,ID_E,2030,0.000436218
6,ID_E,2031,0.000436218
6,ID_E,2032,0.000436218
6,ID_E,2033,0.000436218
6,ID_E,2034,0.000436218
6,ID_E,2035,0.000436218
6,ID_E,2036,0.000436218
6,ID_E,2037,0.000436218
6,ID_E,2038,0.000436218
6,ID_E,2039,0.000436218
6,ID_E,2040,0.000436218
6,ID_E,2041,0.000436218
6,ID_E,2042,0.000436218
6,ID_E,2043,0.000436218
6,ID_E,2044,0.000436218
6,ID_E,2045,0.000436218
6,ID_E,2046,0.000436218
6,ID_E,2047,0.000436218
6,ID_E,2048,0.000436218
6,ID_E,2049,0.000436218
6,ID_E,2050,0.000436218
6,ID_E,2051,0.000436218
6,ID_E,2052,0.000436218
6,ID_E,2053,0.000436218
6,ID_E,2054,0.000436218
6,ID_E,2055,0.000436218
6,ID_E,2056,0.000436218
6,ID_E,2057,0.000436218
6,ID_E,2058,0.000436218
6,ID_E,2059,0.000436218
6,ID_E,2060,0.000436218
6,ID_E,2061,0.000436218
6,ID_E,2062,0.000436218
6,ID_E,2063,0.000436218
6,ID_E,2064,0.000436218
6,ID_E,2065,0.000436218
6,ID_E,2066,0.000436218
6,ID_E,2067,0.000436218
6,ID_E,2068,0.000436218
6,ID_E,2069,0.000436218
6,ID_E,2070,0.000436218
6,ID_E,2071,0.000436218
6,ID_E,2072,0.000436218
6,ID_E,2073,0.000436218
6,ID_E,2074,0.000436218
6,ID_E,2075,0.000436218
6,ID_E,2076,0.000436218
6,ID_E,2077,0.000436218
6,ID_E,2078,0.000436218
6,ID_E,2079,0.000436218
6,ID_E,2080,0.000436218
6,ID_S_OR_E,2010,0
6,ID_S_OR_E,2011,0.00470842
6,ID_S_OR_E,2012,0.00470842
6,ID_S_OR_E,2013,0.00470842
6,ID_S_OR_E,2014,0.00470842
6,ID_S_OR_E,2015,0.0141253
6,ID_S_OR_E,2016,0.0141253
6,ID_S_OR_E,2017,0.0141253
6,ID_S_OR_E,2018,0.0141253
6,ID_S_OR_E,2019,0.0141253
6,ID_S_OR_E,2020,0.0188337
6,ID_S_OR_E,2021,0.0188337
6,ID_S_OR_E,2022,0.0188337
6,ID_S_OR_E,2023,0.0188337
6,ID_S_OR_E,2024,0.0188337
6,ID_S_OR_E,2025,0.0235421
6,ID_S_OR_E,2026,0.0235421
6,ID_S_OR_E,2027,0.0235421
6,ID_S_OR_E,2028,0.0235421
6,ID_S_OR_E,2029,0.0235421
6,ID_S_OR_E,2030,0.0235421
6,ID_S_OR_E,2031,0.0235421
6,ID_S_OR_E,2032,0.0235421
6,ID_S_OR_E,2033,0.0235421
6,ID_S_OR_E,2034,0.0235421
6,ID_S_OR_E,2035,0.0235421
6,ID_S_OR_E,2036,0.0235421
6,ID_S_OR_E,2037,0.0235421
6,ID_S_OR_E,2038,0.0235421
6,ID_S_OR_E,2039,0.0235421
6,ID_S_OR_E,2040,0.0235421
6,ID_S_OR_E,2041,0.0235421
6,ID_S_OR_E,2042,0.0235421
6,ID_S_OR_E,2043,0.0235421
6,ID_S_OR_E,2044,0.0235421
6,ID_S_OR_E,2045,0.0235421
6,ID_S_OR_E,2046,0.0235421
6,ID_S_OR_E,2047,0.0235421
6,ID_S_OR_E,2048,0.0235421
6,ID_S_OR_E,2049,0.0235421
6,ID_S_OR_E,2050,0.0235421
6,ID_S_OR_E,2051,0.0235421
6,ID_S_OR_E,2052,0.0235421
6,ID_S_OR_E,2053,0.0235421
6,ID_S_OR_E,2054,0.0235421
6,ID_S_OR_E,2055,0.0235421
6,ID_S_OR_E,2056,0.0235421
6,ID_S_OR_E,2057,0.0235421
6,ID_S_OR_E,2058,0.0235421
6,ID_S_OR_E,2059,0.0235421
6,ID_S_OR_E,2060,0.0235421
6,ID_S_OR_E,2061,0.0235421
6,ID_S_OR_E,2062,0.0235421
6,ID_S_OR_E,2063,0.0235421
6,ID_S_OR_E,2064,0.0235421
6,ID_S_OR_E,2065,0.0235421
6,ID_S_OR_E,2066,0.0235421
6,ID_S_OR_E,2067,0.0235421
6,ID_S_OR_E,2068,0.0235421
6,ID_S_OR_E,2069,0.0235421
6,ID_S_OR_E,2070,0.0235421
6,ID_S_OR_E,2071,0.0235421
6,ID_S_OR_E,2072,0.0235421
6,ID_S_OR_E,2073,0.0235421
6,ID_S_OR_E,2074,0.0235421
6,ID_S_OR_E,2075,0.0235421
6,ID_S_OR_E,2076,0.0235421
6,ID_S_OR_E,2077,0.0235421
6,ID_S_OR_E,2078,0.0235421
6,ID_S_OR_E,2079,0.0235421
6,ID_S_OR_E,2080,0.0235421
6,MEX_BAJA,2010,0
6,MEX_BAJA,2011,0
6,MEX_BAJA,2012,0
6,MEX_BAJA,2013,0
6,MEX_BAJA,2014,0
6,MEX_BAJA,2015,0
6,MEX_BAJA,2016,0
6,MEX_BAJA,2017,0
6,MEX_BAJA,2018,0
6,MEX_BAJA,2019,0
6,MEX_BAJA,2020,0
6,MEX_BAJA,2021,0
6,MEX_BAJA,2022,0
6,MEX_BAJA,2023,0
6,MEX_BAJA,2024,0
6,MEX_BAJA,2025,0
6,MEX_BAJA,2026,0
6,MEX_BAJA,2027,0
6,MEX_BAJA,2028,0
6,MEX_BAJA,2029,0
6,MEX_BAJA,2030,0
6,MEX_BAJA,2031,0
6,MEX_BAJA,2032,0
6,MEX_BAJA,2033,0
6,MEX_BAJA,2034,0
6,MEX_BAJA,2035,0
6,MEX_BAJA,2036,0
6,MEX_BAJA,2037,0
6,MEX_BAJA,2038,0
6,MEX_BAJA,2039,0
6,MEX_BAJA,2040,0
6,MEX_BAJA,2041,0
6,MEX_BAJA,2042,0
6,MEX_BAJA,2043,0
6,MEX_BAJA,2044,0
6,MEX_BAJA,2045,0
6,MEX_BAJA,2046,0
6,MEX_BAJA,2047,0
6,MEX_BAJA,2048,0
6,MEX_BAJA,2049,0
6,MEX_BAJA,2050,0
6,MEX_BAJA,2051,0
6,MEX_BAJA,2052,0
6,MEX_BAJA,2053,0
6,MEX_BAJA,2054,0
6,MEX_BAJA,2055,0
6,MEX_BAJA,2056,0
6,MEX_BAJA,2057,0
6,MEX_BAJA,2058,0
6,MEX_BAJA,2059,0
6,MEX_BAJA,2060,0
6,MEX_BAJA,2061,0
6,MEX_BAJA,2062,0
6,MEX_BAJA,2063,0
6,MEX_BAJA,2064,0
6,MEX_BAJA,2065,0
6,MEX_BAJA,2066,0
6,MEX_BAJA,2067,0
6,MEX_BAJA,2068,0
6,MEX_BAJA,2069,0
6,MEX_BAJA,2070,0
6,MEX_BAJA,2071,0
6,MEX_BAJA,2072,0
6,MEX_BAJA,2073,0
6,MEX_BAJA,2074,0
6,MEX_BAJA,2075,0
6,MEX_BAJA,2076,0
6,MEX_BAJA,2077,0
6,MEX_BAJA,2078,0
6,MEX_BAJA,2079,0
6,MEX_BAJA,2080,0
6,MT_NE,2010,0.1
6,MT_NE,2011,0.1
6,MT_NE,2012,0.1
6,MT_NE,2013,0.1
6,MT_NE,2014,0.1
6,MT_NE,2015,0.15
6,MT_NE,2016,0.15
6,MT_NE,2017,0.15
6,MT_NE,2018,0.15
6,MT_NE,2019,0.15
6,MT_NE,2020,0.15
6,MT_NE,2021,0.15
6,MT_NE,2022,0.15
6,MT_NE,2023,0.15
6,MT_NE,2024,0.15
6,MT_NE,2025,0.15
6,MT_NE,2026,0.15
6,MT_NE,2027,0.15
6,MT_NE,2028,0.15
6,MT_NE,2029,0.15
6,MT_NE,2030,0.15
6,MT_NE,2031,0.15
6,MT_NE,2032,0.15
6,MT_NE,2033,0.15
6,MT_NE,2034,0.15
6,MT_NE,2035,0.15
6,MT_NE,2036,0.15
6,MT_NE,2037,0.15
6,MT_NE,2038,0.15
6,MT_NE,2039,0.15
6,MT_NE,2040,0.15
6,MT_NE,2041,0.15
6,MT_NE,2042,0.15
6,MT_NE,2043,0.15
6,MT_NE,2044,0.15
6,MT_NE,2045,0.15
6,MT_NE,2046,0.15
6,MT_NE,2047,0.15
6,MT_NE,2048,0.15
6,MT_NE,2049,0.15
6,MT_NE,2050,0.15
6,MT_NE,2051,0.15
6,MT_NE,2052,0.15
6,MT_NE,2053,0.15
6,MT_NE,2054,0.15
6,MT_NE,2055,0.15
6,MT_NE,2056,0.15
6,MT_NE,2057,0.15
6,MT_NE,2058,0.15
6,MT_NE,2059,0.15
6,MT_NE,2060,0.15
6,MT_NE,2061,0.15
6,MT_NE,2062,0.15
6,MT_NE,2063,0.15
6,MT_NE,2064,0.15
6,MT_NE,2065,0.15
6,MT_NE,2066,0.15
6,MT_NE,2067,0.15
6,MT_NE,2068,0.15
6,MT_NE,2069,0.15
6,MT_NE,2070,0.15
6,MT_NE,2071,0.15
6,MT_NE,2072,0.15
6,MT_NE,2073,0.15
6,MT_NE,2074,0.15
6,MT_NE,2075,0.15
6,MT_NE,2076,0.15
6,MT_NE,2077,0.15
6,MT_NE,2078,0.15
6,MT_NE,2079,0.15
6,MT_NE,2080,0.15
6,MT_NW,2010,0.1
6,MT_NW,2011,0.1
6,MT_NW,2012,0.1
6,MT_NW,2013,0.1
6,MT_NW,2014,0.1
6,MT_NW,2015,0.15
6,MT_NW,2016,0.15
6,MT_NW,2017,0.15
6,MT_NW,2018,0.15
6,MT_NW,2019,0.15
6,MT_NW,2020,0.15
6,MT_NW,2021,0.15
6,MT_NW,2022,0.15
6,MT_NW,2023,0.15
6,MT_NW,2024,0.15
6,MT_NW,2025,0.15
6,MT_NW,2026,0.15
6,MT_NW,2027,0.15
6,MT_NW,2028,0.15
6,MT_NW,2029,0.15
6,MT_NW,2030,0.15
6,MT_NW,2031,0.15
6,MT_NW,2032,0.15
6,MT_NW,2033,0.15
6,MT_NW,2034,0.15
6,MT_NW,2035,0.15
6,MT_NW,2036,0.15
6,MT_NW,2037,0.15
6,MT_NW,2038,0.15
6,MT_NW,2039,0.15
6,MT_NW,2040,0.15
6,MT_NW,2041,0.15
6,MT_NW,2042,0.15
6,MT_NW,2043,0.15
6,MT_NW,2044,0.15
6,MT_NW,2045,0.15
6,MT_NW,2046,0.15
6,MT_NW,2047,0.15
6,MT_NW,2048,0.15
6,MT_NW,2049,0.15
6,MT_NW,2050,0.15
6,MT_NW,2051,0.15
6,MT_NW,2052,0.15
6,MT_NW,2053,0.15
6,MT_NW,2054,0.15
6,MT_NW,2055,0.15
6,MT_NW,2056,0.15
6,MT_NW,2057,0.15
6,MT_NW,2058,0.15
6,MT_NW,2059,0.15
6,MT_NW,2060,0.15
6,MT_NW,2061,0.15
6,MT_NW,2062,0.15
6,MT_NW,2063,0.15
6,MT_NW,2064,0.15
6,MT_NW,2065,0.15
6,MT_NW,2066,0.15
6,MT_NW,2067,0.15
6,MT_NW,2068,0.15
6,MT_NW,2069,0.15
6,MT_NW,2070,0.15
6,MT_NW,2071,0.15
6,MT_NW,2072,0.15
6,MT_NW,2073,0.15
6,MT_NW,2074,0.15
6,MT_NW,2075,0.15
6,MT_NW,2076,0.15
6,MT_NW,2077,0.15
6,MT_NW,2078,0.15
6,MT_NW,2079,0.15
6,MT_NW,2080,0.15
6,MT_SE,2010,0.0995343
6,MT_SE,2011,0.0995343
6,MT_SE,2012,0.0995343
6,MT_SE,2013,0.0995343
6,MT_SE,2014,0.0995343
6,MT_SE,2015,0.149301
6,MT_SE,2016,0.149301
6,MT_SE,2017,0.149301
6,MT_SE,2018,0.149301
6,MT_SE,2019,0.149301
6,MT_SE,2020,0.149301
6,MT_SE,2021,0.149301
6,MT_SE,2022,0.149301
6,MT_SE,2023,0.149301
6,MT_SE,2024,0.149301
6,MT_SE,2025,0.149301
6,MT_SE,2026,0.149301
6,MT_SE,2027,0.149301
6,MT_SE,2028,0.149301
6,MT_SE,2029,0.149301
6,MT_SE,2030,0.149301
6,MT_SE,2031,0.149301
6,MT_SE,2032,0.149301
6,MT_SE,2033,0.149301
6,MT_SE,2034,0.149301
6,MT_SE,2035,0.149301
6,MT_SE,2036,0.149301
6,MT_SE,2037,0.149301
6,MT_SE,2038,0.149301
6,MT_SE,2039,0.149301
6,MT_SE,2040,0.149301
6,MT_SE,2041,0.149301
6,MT_SE,2042,0.149301
6,MT_SE,2043,0.149301
6,MT_SE,2044,0.149301
6,MT_SE,2045,0.149301
6,MT_SE,2046,0.149301
6,MT_SE,2047,0.149301
6,MT_SE,2048,0.149301
6,MT_SE,2049,0.149301
6,MT_SE,2050,0.149301
6,MT_SE,2051,0.149301
6,MT_SE,2052,0.149301
6,MT_SE,2053,0.149301
6,MT_SE,2054,0.149301
6,MT_SE,2055,0.149301
6,MT_SE,2056,0.149301
6,MT_SE,2057,0.149301
6,MT_SE,2058,0.149301
6,MT_SE,2059,0.149301
6,MT_SE,2060,0.149301
6,MT_SE,2061,0.149301
6,MT_SE,2062,0.149301
6,MT_SE,2063,0.149301
6,MT_SE,2064,0.149301
6,MT_SE,2065,0.149301
6,MT_SE,2066,0.149301
6,MT_SE,2067,0.149301
6,MT_SE,2068,0.149301
6,MT_SE,2069,0.149301
6,MT_SE,2070,0.149301
6,MT_SE,2071,0.149301
6,MT_SE,2072,0.149301
6,MT_SE,2073,0.149301
6,MT_SE,2074,0.149301
6,MT_SE,2075,0.149301
6,MT_SE,2076,0.149301
6,MT_SE,2077,0.149301
6,MT_SE,2078,0.149301
6,MT_SE,2079,0.149301
6,MT_SE,2080,0.149301
6,MT_SW,2010,0.0969268
6,MT_SW,2011,0.0969268
6,MT_SW,2012,0.0969268
6,MT_SW,2013,0.0969268
6,MT_SW,2014,0.0969268
6,MT_SW,2015,0.14539
6,MT_SW,2016,0.14539
6,MT_SW,2017,0.14539
6,MT_SW,2018,0.14539
6,MT_SW,2019,0.14539
6,MT_SW,2020,0.14539
6,MT_SW,2021,0.14539
6,MT_SW,2022,0.14539
6,MT_SW,2023,0.14539
6,MT_SW,2024,0.14539
6,MT_SW,2025,0.14539
6,MT_SW,2026,0.14539
6,MT_SW,2027,0.14539
6,MT_SW,2028,0.14539
6,MT_SW,2029,0.14539
6,MT_SW,2030,0.14539
6,MT_SW,2031,0.14539
6,MT_SW,2032,0.14539
6,MT_SW,2033,0.14539
6,MT_SW,2034,0.14539
6,MT_SW,2035,0.14539
6,MT_SW,2036,0.14539
6,MT_SW,2037,0.14539
6,MT_SW,2038,0.14539
6,MT_SW,2039,0.14539
6,MT_SW,2040,0.14539
6,MT_SW,2041,0.14539
6,MT_SW,2042,0.14539
6,MT_SW,2043,0.14539
6,MT_SW,2044,0.14539
6,MT_SW,2045,0.14539
6,MT_SW,2046,0.14539
6,MT_SW,2047,0.14539
6,MT_SW,2048,0.14539
6,MT_SW,2049,0.14539
6,MT_SW,2050,0.14539
6,MT_SW,2051,0.14539
6,MT_SW,2052,0.14539
6,MT_SW,2053,0.14539
6,MT_SW,2054,0.14539
6,MT_SW,2055,0.14539
6,MT_SW,2056,0.14539
6,MT_SW,2057,0.14539
6,MT_SW,2058,0.14539
6,MT_SW,2059,0.14539
6,MT_SW,2060,0.14539
6,MT_SW,2061,0.14539
6,MT_SW,2062,0.14539
6,MT_SW,2063,0.14539
6,MT_SW,2064,0.14539
6,MT_SW,2065,0.14539
6,MT_SW,2066,0.14539
6,MT_SW,2067,0.14539
6,MT_SW,2068,0.14539
6,MT_SW,2069,0.14539
6,MT_SW,2070,0.14539
6,MT_SW,2071,0.14539
6,MT_SW,2072,0.14539
6,MT_SW,2073,0.14539
6,MT_SW,2074,0.14539
6,MT_SW,2075,0.14539
6,MT_SW,2076,0.14539
6,MT_SW,2077,0.14539
6,MT_SW,2078,0.14539
6,MT_SW,2079,0.14539
6,MT_SW,2080,0.14539
6,NM_N,2010,0
6,NM_N,2011,0.1
6,NM_N,2012,0.1
6,NM_N,2013,0.1
6,NM_N,2014,0.1
6,NM_N,2015,0.15
6,NM_N,2016,0.15
6,NM_N,2017,0.15
6,NM_N,2018,0.15
6,NM_N,2019,0.15
6,NM_N,2020,0.2
6,NM_N,2021,0.2
6,NM_N,2022,0.2
6,NM_N,2023,0.2
6,NM_N,2024,0.2
6,NM_N,2025,0.2
6,NM_N,2026,0.2
6,NM_N,2027,0.2
6,NM_N,2028,0.2
6,NM_N,2029,0.2
6,NM_N,2030,0.2
6,NM_N,2031,0.2
6,NM_N,2032,0.2
6,NM_N,2033,0.2
6,NM_N,2034,0.2
6,NM_N,2035,0.2
6,NM_N,2036,0.2
6,NM_N,2037,0.2
6,NM_N,2038,0.2
6,NM_N,2039,0.2
6,NM_N,2040,0.2
6,NM_N,2041,0.2
6,NM_N,2042,0.2
6,NM_N,2043,0.2
6,NM_N,2044,0.2
6,NM_N,2045,0.2
6,NM_N,2046,0.2
6,NM_N,2047,0.2
6,NM_N,2048,0.2
6,NM_N,2049,0.2
6,NM_N,2050,0.2
6,NM_N,2051,0.2
6,NM_N,2052,0.2
6,NM_N,2053,0.2
6,NM_N,2054,0.2
6,NM_N,2055,0.2
6,NM_N,2056,0.2
6,NM_N,2057,0.2
6,NM_N,2058,0.2
6,NM_N,2059,0.2
6,NM_N,2060,0.2
6,NM_N,2061,0.2
6,NM_N,2062,0.2
6,NM_N,2063,0.2
6,NM_N,2064,0.2
6,NM_N,2065,0.2
6,NM_N,2066,0.2
6,NM_N,2067,0.2
6,NM_N,2068,0.2
6,NM_N,2069,0.2
6,NM_N,2070,0.2
6,NM_N,2071,0.2
6,NM_N,2072,0.2
6,NM_N,2073,0.2
6,NM_N,2074,0.2
6,NM_N,2075,0.2
6,NM_N,2076,0.2
6,NM_N,2077,0.2
6,NM_N,2078,0.2
6,NM_N,2079,0.2
6,NM_N,2080,0.2
6,NM_S_TX_EPE,2010,0.0184512
6,NM_S_TX_EPE,2011,0.0565485
6,NM_S_TX_EPE,2012,0.0565485
6,NM_S_TX_EPE,2013,0.0611986
6,NM_S_TX_EPE,2014,0.0611986
6,NM_S_TX_EPE,2015,0.0802483
6,NM_S_TX_EPE,2016,0.0802483
6,NM_S_TX_EPE,2017,0.0802483
6,NM_S_TX_EPE,2018,0.0802483
6,NM_S_TX_EPE,2019,0.0802483
6,NM_S_TX_EPE,2020,0.0968296
6,NM_S_TX_EPE,2021,0.0968296
6,NM_S_TX_EPE,2022,0.0968296
6,NM_S_TX_EPE,2023,0.0968296
6,NM_S_TX_EPE,2024,0.0968296
6,NM_S_TX_EPE,2025,0.11147
6,NM_S_TX_EPE,2026,0.11147
6,NM_S_TX_EPE,2027,0.11147
6,NM_S_TX_EPE,2028,0.11147
6,NM_S_TX_EPE,2029,0.11147
6,NM_S_TX_EPE,2030,0.11147
6,NM_S_TX_EPE,2031,0.11147
6,NM_S_TX_EPE,2032,0.11147
6,NM_S_TX_EPE,2033,0.11147
6,NM_S_TX_EPE,2034,0.11147
6,NM_S_TX_EPE,2035,0.11147
6,NM_S_TX_EPE,2036,0.11147
6,NM_S_TX_EPE,2037,0.11147
6,NM_S_TX_EPE,2038,0.11147
6,NM_S_TX_EPE,2039,0.11147
6,NM_S_TX_EPE,2040,0.11147
6,NM_S_TX_EPE,2041,0.11147
6,NM_S_TX_EPE,2042,0.11147
6,NM_S_TX_EPE,2043,0.11147
6,NM_S_TX_EPE,2044,0.11147
6,NM_S_TX_EPE,2045,0.11147
6,NM_S_TX_EPE,2046,0.11147
6,NM_S_TX_EPE,2047,0.11147
6,NM_S_TX_EPE,2048,0.11147
6,NM_S_TX_EPE,2049,0.11147
6,NM_S_TX_EPE,2050,0.11147
6,NM_S_TX_EPE,2051,0.11147
6,NM_S_TX_EPE,2052,0.11147
6,NM_S_TX_EPE,2053,0.11147
6,NM_S_TX_EPE,2054,0.11147
6,NM_S_TX_EPE,2055,0.11147
6,NM_S_TX_EPE,2056,0.11147
6,NM_S_TX_EPE,2057,0.11147
6,NM_S_TX_EPE,2058,0.11147
6,NM_S_TX_EPE,2059,0.11147
6,NM_S_TX_EPE,2060,0.11147
6,NM_S_TX_EPE,2061,0.11147
6,NM_S_TX_EPE,2062,0.11147
6,NM_S_TX_EPE,2063,0.11147
6,NM_S_TX_EPE,2064,0.11147
6,NM_S_TX_EPE,2065,0.11147
6,NM_S_TX_EPE,2066,0.11147
6,NM_S_TX_EPE,2067,0.11147
6,NM_S_TX_EPE,2068,0.11147
6,NM_S_TX_EPE,2069,0.11147
6,NM_S_TX_EPE,2070,0.11147
6,NM_S_TX_EPE,2071,0.11147
6,NM_S_TX_EPE,2072,0.11147
6,NM_S_TX_EPE,2073,0.11147
6,NM_S_TX_EPE,2074,0.11147
6,NM_S_TX_EPE,2075,0.11147
6,NM_S_TX_EPE,2076,0.11147
6,NM_S_TX_EPE,2077,0.11147
6,NM_S_TX_EPE,2078,0.11147
6,NM_S_TX_EPE,2079,0.11147
6,NM_S_TX_EPE,2080,0.11147
6,NV_N,2010,0.120777
6,NV_N,2011,0.150434
6,NV_N,2012,0.150434
6,NV_N,2013,0.180091
6,NV_N,2014,0.18027
6,NV_N,2015,0.200221
6,NV_N,2016,0.2004
6,NV_N,2017,0.200615
6,NV_N,2018,0.20083
6,NV_N,2019,0.201045
6,NV_N,2020,0.221031
6,NV_N,2021,0.221031
6,NV_N,2022,0.221031
6,NV_N,2023,0.221031
6,NV_N,2024,0.221031
6,NV_N,2025,0.250688
6,NV_N,2026,0.250688
6,NV_N,2027,0.250688
6,NV_N,2028,0.250688
6,NV_N,2029,0.250688
6,NV_N,2030,0.250688
6,NV_N,2031,0.250688
6,NV_N,2032,0.250688
6,NV_N,2033,0.250688
6,NV_N,2034,0.250688
6,NV_N,2035,0.250688
6,NV_N,2036,0.250688
6,NV_N,2037,0.250688
6,NV_N,2038,0.250688
6,NV_N,2039,0.250688
6,NV_N,2040,0.250688
6,NV_N,2041,0.250688
6,NV_N,2042,0.250688
6,NV_N,2043,0.250688
6,NV_N,2044,0.250688
6,NV_N,2045,0.250688
6,NV_N,2046,0.250688
6,NV_N,2047,0.250688
6,NV_N,2048,0.250688
6,NV_N,2049,0.250688
6,NV_N,2050,0.250688
6,NV_N,2051,0.250688
6,NV_N,2052,0.250688
6,NV_N,2053,0.250688
6,NV_N,2054,0.250688
6,NV_N,2055,0.250688
6,NV_N,2056,0.250688
6,NV_N,2057,0.250688
6,NV_N,2058,0.250688
6,NV_N,2059,0.250688
6,NV_N,2060,0.250688
6,NV_N,2061,0.250688
6,NV_N,2062,0.250688
6,NV_N,2063,0.250688
6,NV_N,2064,0.250688
6,NV_N,2065,0.250688
6,NV_N,2066,0.250688
6,NV_N,2067,0.250688
6,NV_N,2068,0.250688
6,NV_N,2069,0.250688
6,NV_N,2070,0.250688
6,NV_N,2071,0.250688
6,NV_N,2072,0.250688
6,NV_N,2073,0.250688
6,NV_N,2074,0.250688
6,NV_N,2075,0.250688
6,NV_N,2076,0.250688
6,NV_N,2077,0.250688
6,NV_N,2078,0.250688
6,NV_N,2079,0.250688
6,NV_N,2080,0.250688
6,NV_S,2010,0.120777
6,NV_S,2011,0.150434
6,NV_S,2012,0.150434
6,NV_S,2013,0.180091
6,NV_S,2014,0.18027
6,NV_S,2015,0.200221
6,NV_S,2016,0.2004
6,NV_S,2017,0.200615
6,NV_S,2018,0.20083
6,NV_S,2019,0.201045
6,NV_S,2020,0.221031
6,NV_S,2021,0.221031
6,NV_S,2022,0.221031
6,NV_S,2023,0.221031
6,NV_S,2024,0.221031
6,NV_S,2025,0.250688
6,NV_S,2026,0.250688
6,NV_S,2027,0.250688
6,NV_S,2028,0.250688
6,NV_S,2029,0.250688
6,NV_S,2030,0.250688
6,NV_S,2031,0.250688
6,NV_S,2032,0.250688
6,NV_S,2033,0.250688
6,NV_S,2034,0.250688
6,NV_S,2035,0.250688
6,NV_S,2036,0.250688
6,NV_S,2037,0.250688
6,NV_S,2038,0.250688
6,NV_S,2039,0.250688
6,NV_S,2040,0.250688
6,NV_S,2041,0.250688
6,NV_S,2042,0.250688
6,NV_S,2043,0.250688
6,NV_S,2044,0.250688
6,NV_S,2045,0.250688
6,NV_S,2046,0.250688
6,NV_S,2047,0.250688
6,NV_S,2048,0.250688
6,NV_S,2049,0.250688
6,NV_S,2050,0.250688
6,NV_S,2051,0.250688
6,NV_S,2052,0.250688
6,NV_S,2053,0.250688
6,NV_S,2054,0.250688
6,NV_S,2055,0.250688
6,NV_S,2056,0.250688
6,NV_S,2057,0.250688
6,NV_S,2058,0.250688
6,NV_S,2059,0.250688
6,NV_S,2060,0.250688
6,NV_S,2061,0.250688
6,NV_S,2062,0.250688
6,NV_S,2063,0.250688
6,NV_S,2064,0.250688
6,NV_S,2065,0.250688
6,NV_S,2066,0.250688
6,NV_S,2067,0.250688
6,NV_S,2068,0.250688
6,NV_S,2069,0.250688
6,NV_S,2070,0.250688
6,NV_S,2071,0.250688
6,NV_S,2072,0.250688
6,NV_S,2073,0.250688
6,NV_S,2074,0.250688
6,NV_S,2075,0.250688
6,NV_S,2076,0.250688
6,NV_S,2077,0.250688
6,NV_S,2078,0.250688
6,NV_S,2079,0.250688
6,NV_S,2080,0.250688
6,OR_E,2010,0.0139459
6,OR_E,2011,0.0604594
6,OR_E,2012,0.0604594
6,OR_E,2013,0.0604594
6,OR_E,2014,0.0616216
6,OR_E,2015,0.155811
6,OR_E,2016,0.156973
6,OR_E,2017,0.158368
6,OR_E,2018,0.159762
6,OR_E,2019,0.161157
6,OR_E,2020,0.209065
6,OR_E,2021,0.209065
6,OR_E,2022,0.209065
6,OR_E,2023,0.209065
6,OR_E,2024,0.209065
6,OR_E,2025,0.255578
6,OR_E,2026,0.271873
6,OR_E,2027,0.288168
6,OR_E,2028,0.304462
6,OR_E,2029,0.320757
6,OR_E,2030,0.337052
6,OR_E,2031,0.353347
6,OR_E,2032,0.369642
6,OR_E,2033,0.385936
6,OR_E,2034,0.402231
6,OR_E,2035,0.418526
6,OR_E,2036,0.434821
6,OR_E,2037,0.451116
6,OR_E,2038,0.46741
6,OR_E,2039,0.483705
6,OR_E,2040,0.5
6,OR_E,2041,0.5
6,OR_E,2042,0.5
6,OR_E,2043,0.5
6,OR_E,2044,0.5
6,OR_E,2045,0.5
6,OR_E,2046,0.5
6,OR_E,2047,0.5
6,OR_E,2048,0.5
6,OR_E,2049,0.5
6,OR_E,2050,0.5
6,OR_E,2051,0.5
6,OR_E,2052,0.5
6,OR_E,2053,0.5
6,OR_E,2054,0.5
6,OR_E,2055,0.5
6,OR_E,2056,0.5
6,OR_E,2057,0.5
6,OR_E,2058,0.5
6,OR_E,2059,0.5
6,OR_E,2060,0.5
6,OR_E,2061,0.5
6,OR_E,2062,0.5
6,OR_E,2063,0.5
6,OR_E,2064,0.5
6,OR_E,2065,0.5
6,OR_E,2066,0.5
6,OR_E,2067,0.5
6,OR_E,2068,0.5
6,OR_E,2069,0.5
6,OR_E,2070,0.5
6,OR_E,2071,0.5
6,OR_E,2072,0.5
6,OR_E,2073,0.5
6,OR_E,2074,0.5
6,OR_E,2075,0.5
6,OR_E,2076,0.5
6,OR_E,2077,0.5
6,OR_E,2078,0.5
6,OR_E,2079,0.5
6,OR_E,2080,0.5
6,OR_PDX,2010,0
6,OR_PDX,2011,0.0409945
6,OR_PDX,2012,0.0463978
6,OR_PDX,2013,0.0463978
6,OR_PDX,2014,0.0463978
6,OR_PDX,2015,0.128387
6,OR_PDX,2016,0.139193
6,OR_PDX,2017,0.139193
6,OR_PDX,2018,0.139193
6,OR_PDX,2019,0.139193
6,OR_PDX,2020,0.190995
6,OR_PDX,2021,0.190995
6,OR_PDX,2022,0.190995
6,OR_PDX,2023,0.190995
6,OR_PDX,2024,0.190995
6,OR_PDX,2025,0.231989
6,OR_PDX,2026,0.249856
6,OR_PDX,2027,0.267724
6,OR_PDX,2028,0.285591
6,OR_PDX,2029,0.303459
6,OR_PDX,2030,0.321326
6,OR_PDX,2031,0.339193
6,OR_PDX,2032,0.357061
6,OR_PDX,2033,0.374928
6,OR_PDX,2034,0.392796
6,OR_PDX,2035,0.410663
6,OR_PDX,2036,0.42853
6,OR_PDX,2037,0.446398
6,OR_PDX,2038,0.464265
6,OR_PDX,2039,0.482133
6,OR_PDX,2040,0.5
6,OR_PDX,2041,0.5
6,OR_PDX,2042,0.5
6,OR_PDX,2043,0.5
6,OR_PDX,2044,0.5
6,OR_PDX,2045,0.5
6,OR_PDX,2046,0.5
6,OR_PDX,2047,0.5
6,OR_PDX,2048,0.5
6,OR_PDX,2049,0.5
6,OR_PDX,2050,0.5
6,OR_PDX,2051,0.5
6,OR_PDX,2052,0.5
6,OR_PDX,2053,0.5
6,OR_PDX,2054,0.5
6,OR_PDX,2055,0.5
6,OR_PDX,2056,0.5
6,OR_PDX,2057,0.5
6,OR_PDX,2058,0.5
6,OR_PDX,2059,0.5
6,OR_PDX,2060,0.5
6,OR_PDX,2061,0.5
6,OR_PDX,2062,0.5
6,OR_PDX,2063,0.5
6,OR_PDX,2064,0.5
6,OR_PDX,2065,0.5
6,OR_PDX,2066,0.5
6,OR_PDX,2067,0.5
6,OR_PDX,2068,0.5
6,OR_PDX,2069,0.5
6,OR_PDX,2070,0.5
6,OR_PDX,2071,0.5
6,OR_PDX,2072,0.5
6,OR_PDX,2073,0.5
6,OR_PDX,2074,0.5
6,OR_PDX,2075,0.5
6,OR_PDX,2076,0.5
6,OR_PDX,2077,0.5
6,OR_PDX,2078,0.5
6,OR_PDX,2079,0.5
6,OR_PDX,2080,0.5
6,OR_W,2010,0.00910818
6,OR_W,2011,0.0568311
6,OR_W,2012,0.0568311
6,OR_W,2013,0.0568311
6,OR_W,2014,0.0575902
6,OR_W,2015,0.153795
6,OR_W,2016,0.154554
6,OR_W,2017,0.155465
6,OR_W,2018,0.156376
6,OR_W,2019,0.157287
6,OR_W,2020,0.20592
6,OR_W,2021,0.20592
6,OR_W,2022,0.20592
6,OR_W,2023,0.20592
6,OR_W,2024,0.20592
6,OR_W,2025,0.253643
6,OR_W,2026,0.271873
6,OR_W,2027,0.288168
6,OR_W,2028,0.304462
6,OR_W,2029,0.320757
6,OR_W,2030,0.337052
6,OR_W,2031,0.353347
6,OR_W,2032,0.369642
6,OR_W,2033,0.385936
6,OR_W,2034,0.402231
6,OR_W,2035,0.418526
6,OR_W,2036,0.434821
6,OR_W,2037,0.451116
6,OR_W,2038,0.46741
6,OR_W,2039,0.483705
6,OR_W,2040,0.5
6,OR_W,2041,0.5
6,OR_W,2042,0.5
6,OR_W,2043,0.5
6,OR_W,2044,0.5
6,OR_W,2045,0.5
6,OR_W,2046,0.5
6,OR_W,2047,0.5
6,OR_W,2048,0.5
6,OR_W,2049,0.5
6,OR_W,2050,0.5
6,OR_W,2051,0.5
6,OR_W,2052,0.5
6,OR_W,2053,0.5
6,OR_W,2054,0.5
6,OR_W,2055,0.5
6,OR_W,2056,0.5
6,OR_W,2057,0.5
6,OR_W,2058,0.5
6,OR_W,2059,0.5
6,OR_W,2060,0.5
6,OR_W,2061,0.5
6,OR_W,2062,0.5
6,OR_W,2063,0.5
6,OR_W,2064,0.5
6,OR_W,2065,0.5
6,OR_W,2066,0.5
6,OR_W,2067,0.5
6,OR_W,2068,0.5
6,OR_W,2069,0.5
6,OR_W,2070,0.5
6,OR_W,2071,0.5
6,OR_W,2072,0.5
6,OR_W,2073,0.5
6,OR_W,2074,0.5
6,OR_W,2075,0.5
6,OR_W,2076,0.5
6,OR_W,2077,0.5
6,OR_W,2078,0.5
6,OR_W,2079,0.5
6,OR_W,2080,0.5
6,OR_WA_BPA,2010,0
6,OR_WA_BPA,2011,0.00993766
6,OR_WA_BPA,2012,0.0339751
6,OR_WA_BPA,2013,0.0339751
6,OR_WA_BPA,2014,0.0339751
6,OR_WA_BPA,2015,0.0538504
6,OR_WA_BPA,2016,0.101925
6,OR_WA_BPA,2017,0.101925
6,OR_WA_BPA,2018,0.101925
6,OR_WA_BPA,2019,0.101925
6,OR_WA_BPA,2020,0.159938
6,OR_WA_BPA,2021,0.159938
6,OR_WA_BPA,2022,0.159938
6,OR_WA_BPA,2023,0.159938
6,OR_WA_BPA,2024,0.159938
6,OR_WA_BPA,2025,0.169875
6,OR_WA_BPA,2026,0.169875
6,OR_WA_BPA,2027,0.169875
6,OR_WA_BPA,2028,0.169875
6,OR_WA_BPA,2029,0.169875
6,OR_WA_BPA,2030,0.169875
6,OR_WA_BPA,2031,0.169875
6,OR_WA_BPA,2032,0.169875
6,OR_WA_BPA,2033,0.169875
6,OR_WA_BPA,2034,0.169875
6,OR_WA_BPA,2035,0.169875
6,OR_WA_BPA,2036,0.169875
6,OR_WA_BPA,2037,0.169875
6,OR_WA_BPA,2038,0.169875
6,OR_WA_BPA,2039,0.169875
6,OR_WA_BPA,2040,0.169875
6,OR_WA_BPA,2041,0.169875
6,OR_WA_BPA,2042,0.169875
6,OR_WA_BPA,2043,0.169875
6,OR_WA_BPA,2044,0.169875
6,OR_WA_BPA,2045,0.169875
6,OR_WA_BPA,2046,0.169875
6,OR_WA_BPA,2047,0.169875
6,OR_WA_BPA,2048,0.169875
6,OR_WA_BPA,2049,0.169875
6,OR_WA_BPA,2050,0.169875
6,OR_WA_BPA,2051,0.169875
6,OR_WA_BPA,2052,0.169875
6,OR_WA_BPA,2053,0.169875
6,OR_WA_BPA,2054,0.169875
6,OR_WA_BPA,2055,0.169875
6,OR_WA_BPA,2056,0.169875
6,OR_WA_BPA,2057,0.169875
6,OR_WA_BPA,2058,0.169875
6,OR_WA_BPA,2059,0.169875
6,OR_WA_BPA,2060,0.169875
6,OR_WA_BPA,2061,0.169875
6,OR_WA_BPA,2062,0.169875
6,OR_WA_BPA,2063,0.169875
6,OR_WA_BPA,2064,0.169875
6,OR_WA_BPA,2065,0.169875
6,OR_WA_BPA,2066,0.169875
6,OR_WA_BPA,2067,0.169875
6,OR_WA_BPA,2068,0.169875
6,OR_WA_BPA,2069,0.169875
6,OR_WA_BPA,2070,0.169875
6,OR_WA_BPA,2071,0.169875
6,OR_WA_BPA,2072,0.169875
6,OR_WA_BPA,2073,0.169875
6,OR_WA_BPA,2074,0.169875
6,OR_WA_BPA,2075,0.169875
6,OR_WA_BPA,2076,0.169875
6,OR_WA_BPA,2077,0.169875
6,OR_WA_BPA,2078,0.169875
6,OR_WA_BPA,2079,0.169875
6,OR_WA_BPA,2080,0.169875
6,UT_N,2010,0
6,UT_N,2011,0
6,UT_N,2012,0
6,UT_N,2013,0
6,UT_N,2014,0
6,UT_N,2015,0
6,UT_N,2016,0
6,UT_N,2017,0
6,UT_N,2018,0
6,UT_N,2019,0
6,UT_N,2020,0
6,UT_N,2021,0
6,UT_N,2022,0
6,UT_N,2023,0
6,UT_N,2024,0
6,UT_N,2025,0
6,UT_N,2026,0
6,UT_N,2027,0
6,UT_N,2028,0
6,UT_N,2029,0
6,UT_N,2030,0
6,UT_N,2031,0
6,UT_N,2032,0
6,UT_N,2033,0
6,UT_N,2034,0
6,UT_N,2035,0
6,UT_N,2036,0
6,UT_N,2037,0
6,UT_N,2038,0
6,UT_N,2039,0
6,UT_N,2040,0
6,UT_N,2041,0
6,UT_N,2042,0
6,UT_N,2043,0
6,UT_N,2044,0
6,UT_N,2045,0
6,UT_N,2046,0
6,UT_N,2047,0
6,UT_N,2048,0
6,UT_N,2049,0
6,UT_N,2050,0
6,UT_N,2051,0
6,UT_N,2052,0
6,UT_N,2053,0
6,UT_N,2054,0
6,UT_N,2055,0
6,UT_N,2056,0
6,UT_N,2057,0
6,UT_N,2058,0
6,UT_N,2059,0
6,UT_N,2060,0
6,UT_N,2061,0
6,UT_N,2062,0
6,UT_N,2063,0
6,UT_N,2064,0
6,UT_N,2065,0
6,UT_N,2066,0
6,UT_N,2067,0
6,UT_N,2068,0
6,UT_N,2069,0
6,UT_N,2070,0
6,UT_N,2071,0
6,UT_N,2072,0
6,UT_N,2073,0
6,UT_N,2074,0
6,UT_N,2075,0
6,UT_N,2076,0
6,UT_N,2077,0
6,UT_N,2078,0
6,UT_N,2079,0
6,UT_N,2080,0
6,UT_S,2010,0.000247836
6,UT_S,2011,0.000594805
6,UT_S,2012,0.000594805
6,UT_S,2013,0.000594805
6,UT_S,2014,0.000594805
6,UT_S,2015,0.000991342
6,UT_S,2016,0.000991342
6,UT_S,2017,0.000991342
6,UT_S,2018,0.000991342
6,UT_S,2019,0.000991342
6,UT_S,2020,0.00148701
6,UT_S,2021,0.00148701
6,UT_S,2022,0.00148701
6,UT_S,2023,0.00148701
6,UT_S,2024,0.00148701
6,UT_S,2025,0.00148701
6,UT_S,2026,0.00148701
6,UT_S,2027,0.00148701
6,UT_S,2028,0.00148701
6,UT_S,2029,0.00148701
6,UT_S,2030,0.00148701
6,UT_S,2031,0.00148701
6,UT_S,2032,0.00148701
6,UT_S,2033,0.00148701
6,UT_S,2034,0.00148701
6,UT_S,2035,0.00148701
6,UT_S,2036,0.00148701
6,UT_S,2037,0.00148701
6,UT_S,2038,0.00148701
6,UT_S,2039,0.00148701
6,UT_S,2040,0.00148701
6,UT_S,2041,0.00148701
6,UT_S,2042,0.00148701
6,UT_S,2043,0.00148701
6,UT_S,2044,0.00148701
6,UT_S,2045,0.00148701
6,UT_S,2046,0.00148701
6,UT_S,2047,0.00148701
6,UT_S,2048,0.00148701
6,UT_S,2049,0.00148701
6,UT_S,2050,0.00148701
6,UT_S,2051,0.00148701
6,UT_S,2052,0.00148701
6,UT_S,2053,0.00148701
6,UT_S,2054,0.00148701
6,UT_S,2055,0.00148701
6,UT_S,2056,0.00148701
6,UT_S,2057,0.00148701
6,UT_S,2058,0.00148701
6,UT_S,2059,0.00148701
6,UT_S,2060,0.00148701
6,UT_S,2061,0.00148701
6,UT_S,2062,0.00148701
6,UT_S,2063,0.00148701
6,UT_S,2064,0.00148701
6,UT_S,2065,0.00148701
6,UT_S,2066,0.00148701
6,UT_S,2067,0.00148701
6,UT_S,2068,0.00148701
6,UT_S,2069,0.00148701
6,UT_S,2070,0.00148701
6,UT_S,2071,0.00148701
6,UT_S,2072,0.00148701
6,UT_S,2073,0.00148701
6,UT_S,2074,0.00148701
6,UT_S,2075,0.00148701
6,UT_S,2076,0.00148701
6,UT_S,2077,0.00148701
6,UT_S,2078,0.00148701
6,UT_S,2079,0.00148701
6,UT_S,2080,0.00148701
6,WA_ID_AVA,2010,0
6,WA_ID_AVA,2011,0
6,WA_ID_AVA,2012,0.0195436
6,WA_ID_AVA,2013,0.0195436
6,WA_ID_AVA,2014,0.0195436
6,WA_ID_AVA,2015,0.0195436
6,WA_ID_AVA,2016,0.0586308
6,WA_ID_AVA,2017,0.0586308
6,WA_ID_AVA,2018,0.0586308
6,WA_ID_AVA,2019,0.0586308
6,WA_ID_AVA,2020,0.097718
6,WA_ID_AVA,2021,0.097718
6,WA_ID_AVA,2022,0.097718
6,WA_ID_AVA,2023,0.097718
6,WA_ID_AVA,2024,0.097718
6,WA_ID_AVA,2025,0.097718
6,WA_ID_AVA,2026,0.097718
6,WA_ID_AVA,2027,0.097718
6,WA_ID_AVA,2028,0.097718
6,WA_ID_AVA,2029,0.097718
6,WA_ID_AVA,2030,0.097718
6,WA_ID_AVA,2031,0.097718
6,WA_ID_AVA,2032,0.097718
6,WA_ID_AVA,2033,0.097718
6,WA_ID_AVA,2034,0.097718
6,WA_ID_AVA,2035,0.097718
6,WA_ID_AVA,2036,0.097718
6,WA_ID_AVA,2037,0.097718
6,WA_ID_AVA,2038,0.097718
6,WA_ID_AVA,2039,0.097718
6,WA_ID_AVA,2040,0.097718
6,WA_ID_AVA,2041,0.097718
6,WA_ID_AVA,2042,0.097718
6,WA_ID_AVA,2043,0.097718
6,WA_ID_AVA,2044,0.097718
6,WA_ID_AVA,2045,0.097718
6,WA_ID_AVA,2046,0.097718
6,WA_ID_AVA,2047,0.097718
6,WA_ID_AVA,2048,0.097718
6,WA_ID_AVA,2049,0.097718
6,WA_ID_AVA,2050,0.097718
6,WA_ID_AVA,2051,0.097718
6,WA_ID_AVA,2052,0.097718
6,WA_ID_AVA,2053,0.097718
6,WA_ID_AVA,2054,0.097718
6,WA_ID_AVA,2055,0.097718
6,WA_ID_AVA,2056,0.097718
6,WA_ID_AVA,2057,0.097718
6,WA_ID_AVA,2058,0.097718
6,WA_ID_AVA,2059,0.097718
6,WA_ID_AVA,2060,0.097718
6,WA_ID_AVA,2061,0.097718
6,WA_ID_AVA,2062,0.097718
6,WA_ID_AVA,2063,0.097718
6,WA_ID_AVA,2064,0.097718
6,WA_ID_AVA,2065,0.097718
6,WA_ID_AVA,2066,0.097718
6,WA_ID_AVA,2067,0.097718
6,WA_ID_AVA,2068,0.097718
6,WA_ID_AVA,2069,0.097718
6,WA_ID_AVA,2070,0.097718
6,WA_ID_AVA,2071,0.097718
6,WA_ID_AVA,2072,0.097718
6,WA_ID_AVA,2073,0.097718
6,WA_ID_AVA,2074,0.097718
6,WA_ID_AVA,2075,0.097718
6,WA_ID_AVA,2076,0.097718
6,WA_ID_AVA,2077,0.097718
6,WA_ID_AVA,2078,0.097718
6,WA_ID_AVA,2079,0.097718
6,WA_ID_AVA,2080,0.097718
6,WA_N_CEN,2010,0
6,WA_N_CEN,2011,0
6,WA_N_CEN,2012,0.03
6,WA_N_CEN,2013,0.03
6,WA_N_CEN,2014,0.03
6,WA_N_CEN,2015,0.03
6,WA_N_CEN,2016,0.09
6,WA_N_CEN,2017,0.09
6,WA_N_CEN,2018,0.09
6,WA_N_CEN,2019,0.09
6,WA_N_CEN,2020,0.15
6,WA_N_CEN,2021,0.15
6,WA_N_CEN,2022,0.15
6,WA_N_CEN,2023,0.15
6,WA_N_CEN,2024,0.15
6,WA_N_CEN,2025,0.15
6,WA_N_CEN,2026,0.15
6,WA_N_CEN,2027,0.15
6,WA_N_CEN,2028,0.15
6,WA_N_CEN,2029,0.15
6,WA_N_CEN,2030,0.15
6,WA_N_CEN,2031,0.15
6,WA_N_CEN,2032,0.15
6,WA_N_CEN,2033,0.15
6,WA_N_CEN,2034,0.15
6,WA_N_CEN,2035,0.15
6,WA_N_CEN,2036,0.15
6,WA_N_CEN,2037,0.15
6,WA_N_CEN,2038,0.15
6,WA_N_CEN,2039,0.15
6,WA_N_CEN,2040,0.15
6,WA_N_CEN,2041,0.15
6,WA_N_CEN,2042,0.15
6,WA_N_CEN,2043,0.15
6,WA_N_CEN,2044,0.15
6,WA_N_CEN,2045,0.15
6,WA_N_CEN,2046,0.15
6,WA_N_CEN,2047,0.15
6,WA_N_CEN,2048,0.15
6,WA_N_CEN,2049,0.15
6,WA_N_CEN,2050,0.15
6,WA_N_CEN,2051,0.15
6,WA_N_CEN,2052,0.15
6,WA_N_CEN,2053,0.15
6,WA_N_CEN,2054,0.15
6,WA_N_CEN,2055,0.15
6,WA_N_CEN,2056,0.15
6,WA_N_CEN,2057,0.15
6,WA_N_CEN,2058,0.15
6,WA_N_CEN,2059,0.15
6,WA_N_CEN,2060,0.15
6,WA_N_CEN,2061,0.15
6,WA_N_CEN,2062,0.15
6,WA_N_CEN,2063,0.15
6,WA_N_CEN,2064,0.15
6,WA_N_CEN,2065,0.15
6,WA_N_CEN,2066,0.15
6,WA_N_CEN,2067,0.15
6,WA_N_CEN,2068,0.15
6,WA_N_CEN,2069,0.15
6,WA_N_CEN,2070,0.15
6,WA_N_CEN,2071,0.15
6,WA_N_CEN,2072,0.15
6,WA_N_CEN,2073,0.15
6,WA_N_CEN,2074,0.15
6,WA_N_CEN,2075,0.15
6,WA_N_CEN,2076,0.15
6,WA_N_CEN,2077,0.15
6,WA_N_CEN,2078,0.15
6,WA_N_CEN,2079,0.15
6,WA_N_CEN,2080,0.15
6,WA_SEATAC,2010,0
6,WA_SEATAC,2011,0
6,WA_SEATAC,2012,0.0297233
6,WA_SEATAC,2013,0.0297233
6,WA_SEATAC,2014,0.0297233
6,WA_SEATAC,2015,0.0297233
6,WA_SEATAC,2016,0.0891697
6,WA_SEATAC,2017,0.0891697
6,WA_SEATAC,2018,0.0891697
6,WA_SEATAC,2019,0.0891697
6,WA_SEATAC,2020,0.148616
6,WA_SEATAC,2021,0.148616
6,WA_SEATAC,2022,0.148616
6,WA_SEATAC,2023,0.148616
6,WA_SEATAC,2024,0.148616
6,WA_SEATAC,2025,0.148616
6,WA_SEATAC,2026,0.148616
6,WA_SEATAC,2027,0.148616
6,WA_SEATAC,2028,0.148616
6,WA_SEATAC,2029,0.148616
6,WA_SEATAC,2030,0.148616
6,WA_SEATAC,2031,0.148616
6,WA_SEATAC,2032,0.148616
6,WA_SEATAC,2033,0.148616
6,WA_SEATAC,2034,0.148616
6,WA_SEATAC,2035,0.148616
6,WA_SEATAC,2036,0.148616
6,WA_SEATAC,2037,0.148616
6,WA_SEATAC,2038,0.148616
6,WA_SEATAC,2039,0.148616
6,WA_SEATAC,2040,0.148616
6,WA_SEATAC,2041,0.148616
6,WA_SEATAC,2042,0.148616
6,WA_SEATAC,2043,0.148616
6,WA_SEATAC,2044,0.148616
6,WA_SEATAC,2045,0.148616
6,WA_SEATAC,2046,0.148616
6,WA_SEATAC,2047,0.148616
6,WA_SEATAC,2048,0.148616
6,WA_SEATAC,2049,0.148616
6,WA_SEATAC,2050,0.148616
6,WA_SEATAC,2051,0.148616
6,WA_SEATAC,2052,0.148616
6,WA_SEATAC,2053,0.148616
6,WA_SEATAC,2054,0.148616
6,WA_SEATAC,2055,0.148616
6,WA_SEATAC,2056,0.148616
6,WA_SEATAC,2057,0.148616
6,WA_SEATAC,2058,0.148616
6,WA_SEATAC,2059,0.148616
6,WA_SEATAC,2060,0.148616
6,WA_SEATAC,2061,0.148616
6,WA_SEATAC,2062,0.148616
6,WA_SEATAC,2063,0.148616
6,WA_SEATAC,2064,0.148616
6,WA_SEATAC,2065,0.148616
6,WA_SEATAC,2066,0.148616
6,WA_SEATAC,2067,0.148616
6,WA_SEATAC,2068,0.148616
6,WA_SEATAC,2069,0.148616
6,WA_SEATAC,2070,0.148616
6,WA_SEATAC,2071,0.148616
6,WA_SEATAC,2072,0.148616
6,WA_SEATAC,2073,0.148616
6,WA_SEATAC,2074,0.148616
6,WA_SEATAC,2075,0.148616
6,WA_SEATAC,2076,0.148616
6,WA_SEATAC,2077,0.148616
6,WA_SEATAC,2078,0.148616
6,WA_SEATAC,2079,0.148616
6,WA_SEATAC,2080,0.148616
6,WA_W,2010,0
6,WA_W,2011,0
6,WA_W,2012,0.03
6,WA_W,2013,0.03
6,WA_W,2014,0.03
6,WA_W,2015,0.03
6,WA_W,2016,0.09
6,WA_W,2017,0.09
6,WA_W,2018,0.09
6,WA_W,2019,0.09
6,WA_W,2020,0.15
6,WA_W,2021,0.15
6,WA_W,2022,0.15
6,WA_W,2023,0.15
6,WA_W,2024,0.15
6,WA_W,2025,0.15
6,WA_W,2026,0.15
6,WA_W,2027,0.15
6,WA_W,2028,0.15
6,WA_W,2029,0.15
6,WA_W,2030,0.15
6,WA_W,2031,0.15
6,WA_W,2032,0.15
6,WA_W,2033,0.15
6,WA_W,2034,0.15
6,WA_W,2035,0.15
6,WA_W,2036,0.15
6,WA_W,2037,0.15
6,WA_W,2038,0.15
6,WA_W,2039,0.15
6,WA_W,2040,0.15
6,WA_W,2041,0.15
6,WA_W,2042,0.15
6,WA_W,2043,0.15
6,WA_W,2044,0.15
6,WA_W,2045,0.15
6,WA_W,2046,0.15
6,WA_W,2047,0.15
6,WA_W,2048,0.15
6,WA_W,2049,0.15
6,WA_W,2050,0.15
6,WA_W,2051,0.15
6,WA_W,2052,0.15
6,WA_W,2053,0.15
6,WA_W,2054,0.15
6,WA_W,2055,0.15
6,WA_W,2056,0.15
6,WA_W,2057,0.15
6,WA_W,2058,0.15
6,WA_W,2059,0.15
6,WA_W,2060,0.15
6,WA_W,2061,0.15
6,WA_W,2062,0.15
6,WA_W,2063,0.15
6,WA_W,2064,0.15
6,WA_W,2065,0.15
6,WA_W,2066,0.15
6,WA_W,2067,0.15
6,WA_W,2068,0.15
6,WA_W,2069,0.15
6,WA_W,2070,0.15
6,WA_W,2071,0.15
6,WA_W,2072,0.15
6,WA_W,2073,0.15
6,WA_W,2074,0.15
6,WA_W,2075,0.15
6,WA_W,2076,0.15
6,WA_W,2077,0.15
6,WA_W,2078,0.15
6,WA_W,2079,0.15
6,WA_W,2080,0.15
6,WY_NE,2010,0.000710707
6,WY_NE,2011,0.000710707
6,WY_NE,2012,0.000710707
6,WY_NE,2013,0.000710707
6,WY_NE,2014,0.000710707
6,WY_NE,2015,0.00106606
6,WY_NE,2016,0.00106606
6,WY_NE,2017,0.00106606
6,WY_NE,2018,0.00106606
6,WY_NE,2019,0.00106606
6,WY_NE,2020,0.00106606
6,WY_NE,2021,0.00106606
6,WY_NE,2022,0.00106606
6,WY_NE,2023,0.00106606
6,WY_NE,2024,0.00106606
6,WY_NE,2025,0.00106606
6,WY_NE,2026,0.00106606
6,WY_NE,2027,0.00106606
6,WY_NE,2028,0.00106606
6,WY_NE,2029,0.00106606
6,WY_NE,2030,0.00106606
6,WY_NE,2031,0.00106606
6,WY_NE,2032,0.00106606
6,WY_NE,2033,0.00106606
6,WY_NE,2034,0.00106606
6,WY_NE,2035,0.00106606
6,WY_NE,2036,0.00106606
6,WY_NE,2037,0.00106606
6,WY_NE,2038,0.00106606
6,WY_NE,2039,0.00106606
6,WY_NE,2040,0.00106606
6,WY_NE,2041,0.00106606
6,WY_NE,2042,0.00106606
6,WY_NE,2043,0.00106606
6,WY_NE,2044,0.00106606
6,WY_NE,2045,0.00106606
6,WY_NE,2046,0.00106606
6,WY_NE,2047,0.00106606
6,WY_NE,2048,0.00106606
6,WY_NE,2049,0.00106606
6,WY_NE,2050,0.00106606
6,WY_NE,2051,0.00106606
6,WY_NE,2052,0.00106606
6,WY_NE,2053,0.00106606
6,WY_NE,2054,0.00106606
6,WY_NE,2055,0.00106606
6,WY_NE,2056,0.00106606
6,WY_NE,2057,0.00106606
6,WY_NE,2058,0.00106606
6,WY_NE,2059,0.00106606
6,WY_NE,2060,0.00106606
6,WY_NE,2061,0.00106606
6,WY_NE,2062,0.00106606
6,WY_NE,2063,0.00106606
6,WY_NE,2064,0.00106606
6,WY_NE,2065,0.00106606
6,WY_NE,2066,0.00106606
6,WY_NE,2067,0.00106606
6,WY_NE,2068,0.00106606
6,WY_NE,2069,0.00106606
6,WY_NE,2070,0.00106606
6,WY_NE,2071,0.00106606
6,WY_NE,2072,0.00106606
6,WY_NE,2073,0.00106606
6,WY_NE,2074,0.00106606
6,WY_NE,2075,0.00106606
6,WY_NE,2076,0.00106606
6,WY_NE,2077,0.00106606
6,WY_NE,2078,0.00106606
6,WY_NE,2079,0.00106606
6,WY_NE,2080,0.00106606
6,WY_NW,2010,0
6,WY_NW,2011,0
6,WY_NW,2012,0
6,WY_NW,2013,0
6,WY_NW,2014,0
6,WY_NW,2015,0
6,WY_NW,2016,0
6,WY_NW,2017,0
6,WY_NW,2018,0
6,WY_NW,2019,0
6,WY_NW,2020,0
6,WY_NW,2021,0
6,WY_NW,2022,0
6,WY_NW,2023,0
6,WY_NW,2024,0
6,WY_NW,2025,0
6,WY_NW,2026,0
6,WY_NW,2027,0
6,WY_NW,2028,0
6,WY_NW,2029,0
6,WY_NW,2030,0
6,WY_NW,2031,0
6,WY_NW,2032,0
6,WY_NW,2033,0
6,WY_NW,2034,0
6,WY_NW,2035,0
6,WY_NW,2036,0
6,WY_NW,2037,0
6,WY_NW,2038,0
6,WY_NW,2039,0
6,WY_NW,2040,0
6,WY_NW,2041,0
6,WY_NW,2042,0
6,WY_NW,2043,0
6,WY_NW,2044,0
6,WY_NW,2045,0
6,WY_NW,2046,0
6,WY_NW,2047,0
6,WY_NW,2048,0
6,WY_NW,2049,0
6,WY_NW,2050,0
6,WY_NW,2051,0
6,WY_NW,2052,0
6,WY_NW,2053,0
6,WY_NW,2054,0
6,WY_NW,2055,0
6,WY_NW,2056,0
6,WY_NW,2057,0
6,WY_NW,2058,0
6,WY_NW,2059,0
6,WY_NW,2060,0
6,WY_NW,2061,0
6,WY_NW,2062,0
6,WY_NW,2063,0
6,WY_NW,2064,0
6,WY_NW,2065,0
6,WY_NW,2066,0
6,WY_NW,2067,0
6,WY_NW,2068,0
6,WY_NW,2069,0
6,WY_NW,2070,0
6,WY_NW,2071,0
6,WY_NW,2072,0
6,WY_NW,2073,0
6,WY_NW,2074,0
6,WY_NW,2075,0
6,WY_NW,2076,0
6,WY_NW,2077,0
6,WY_NW,2078,0
6,WY_NW,2079,0
6,WY_NW,2080,0
6,WY_SE,2010,0
6,WY_SE,2011,0
6,WY_SE,2012,0
6,WY_SE,2013,0
6,WY_SE,2014,0
6,WY_SE,2015,0
6,WY_SE,2016,0
6,WY_SE,2017,0
6,WY_SE,2018,0
6,WY_SE,2019,0
6,WY_SE,2020,0
6,WY_SE,2021,0
6,WY_SE,2022,0
6,WY_SE,2023,0
6,WY_SE,2024,0
6,WY_SE,2025,0
6,WY_SE,2026,0
6,WY_SE,2027,0
6,WY_SE,2028,0
6,WY_SE,2029,0
6,WY_SE,2030,0
6,WY_SE,2031,0
6,WY_SE,2032,0
6,WY_SE,2033,0
6,WY_SE,2034,0
6,WY_SE,2035,0
6,WY_SE,2036,0
6,WY_SE,2037,0
6,WY_SE,2038,0
6,WY_SE,2039,0
6,WY_SE,2040,0
6,WY_SE,2041,0
6,WY_SE,2042,0
6,WY_SE,2043,0
6,WY_SE,2044,0
6,WY_SE,2045,0
6,WY_SE,2046,0
6,WY_SE,2047,0
6,WY_SE,2048,0
6,WY_SE,2049,0
6,WY_SE,2050,0
6,WY_SE,2051,0
6,WY_SE,2052,0
6,WY_SE,2053,0
6,WY_SE,2054,0
6,WY_SE,2055,0
6,WY_SE,2056,0
6,WY_SE,2057,0
6,WY_SE,2058,0
6,WY_SE,2059,0
6,WY_SE,2060,0
6,WY_SE,2061,0
6,WY_SE,2062,0
6,WY_SE,2063,0
6,WY_SE,2064,0
6,WY_SE,2065,0
6,WY_SE,2066,0
6,WY_SE,2067,0
6,WY_SE,2068,0
6,WY_SE,2069,0
6,WY_SE,2070,0
6,WY_SE,2071,0
6,WY_SE,2072,0
6,WY_SE,2073,0
6,WY_SE,2074,0
6,WY_SE,2075,0
6,WY_SE,2076,0
6,WY_SE,2077,0
6,WY_SE,2078,0
6,WY_SE,2079,0
6,WY_SE,2080,0
6,WY_SW,2010,0
6,WY_SW,2011,0
6,WY_SW,2012,0
6,WY_SW,2013,0
6,WY_SW,2014,0
6,WY_SW,2015,0
6,WY_SW,2016,0
6,WY_SW,2017,0
6,WY_SW,2018,0
6,WY_SW,2019,0
6,WY_SW,2020,0
6,WY_SW,2021,0
6,WY_SW,2022,0
6,WY_SW,2023,0
6,WY_SW,2024,0
6,WY_SW,2025,0
6,WY_SW,2026,0
6,WY_SW,2027,0
6,WY_SW,2028,0
6,WY_SW,2029,0
6,WY_SW,2030,0
6,WY_SW,2031,0
6,WY_SW,2032,0
6,WY_SW,2033,0
6,WY_SW,2034,0
6,WY_SW,2035,0
6,WY_SW,2036,0
6,WY_SW,2037,0
6,WY_SW,2038,0
6,WY_SW,2039,0
6,WY_SW,2040,0
6,WY_SW,2041,0
6,WY_SW,2042,0
6,WY_SW,2043,0
6,WY_SW,2044,0
6,WY_SW,2045,0
6,WY_SW,2046,0
6,WY_SW,2047,0
6,WY_SW,2048,0
6,WY_SW,2049,0
6,WY_SW,2050,0
6,WY_SW,2051,0
6,WY_SW,2052,0
6,WY_SW,2053,0
6,WY_SW,2054,0
6,WY_SW,2055,0
6,WY_SW,2056,0
6,WY_SW,2057,0
6,WY_SW,2058,0
6,WY_SW,2059,0
6,WY_SW,2060,0
6,WY_SW,2061,0
6,WY_SW,2062,0
6,WY_SW,2063,0
6,WY_SW,2064,0
6,WY_SW,2065,0
6,WY_SW,2066,0
6,WY_SW,2067,0
6,WY_SW,2068,0
6,WY_SW,2069,0
6,WY_SW,2070,0
6,WY_SW,2071,0
6,WY_SW,2072,0
6,WY_SW,2073,0
6,WY_SW,2074,0
6,WY_SW,2075,0
6,WY_SW,2076,0
6,WY_SW,2077,0
6,WY_SW,2078,0
6,WY_SW,2079,0
6,WY_SW,2080,0