generation_project,timestamp,gen_dbid,gen_tech,gen_load_zone,gen_energy_source,tp_weight_in_year_hrs,period,DispatchGen_MW,Energy_GWh_typical_yr,VariableCost_per_yr,DispatchEmissions_tCO2_per_typical_yr
N-Geothermal,2025011500,N-Geothermal,Geothermal,North,Geothermal,1095.7440000000001,2020,0.96858075,1.061316545328,30597.75600180624,0.0
N-Geothermal,2025011512,N-Geothermal,Geothermal,North,Geothermal,1095.7440000000001,2020,0.96858075,1.061316545328,30597.75600180624,0.0
N-Geothermal,2025011600,N-Geothermal,Geothermal,North,Geothermal,1095.7440000000001,2020,0.96858075,1.061316545328,30597.75600180624,0.0
N-Geothermal,2025011612,N-Geothermal,Geothermal,North,Geothermal,1095.7440000000001,2020,0.96858075,1.061316545328,30597.75600180624,0.0
N-Geothermal,2025061500,N-Geothermal,Geothermal,North,Geothermal,2191.5,2020,0.96858075,2.122644713625,61195.84709380875,0.0
N-Geothermal,2025061512,N-Geothermal,Geothermal,North,Geothermal,2191.5,2020,0.96858075,2.122644713625,61195.84709380875,0.0
N-Geothermal,2035011512,N-Geothermal,Geothermal,North,Geothermal,8766.0,2030,0.96858075,8.4905788545,244783.388375235,0.0
N-Coal_IGCC,2025011500,N-Coal_IGCC,Coal_IGCC,North,Coal,1095.7440000000001,2020,0.0,0.0,0.0,0.0
N-Coal_IGCC,2025011512,N-Coal_IGCC,Coal_IGCC,North,Coal,1095.7440000000001,2020,0.0,0.0,0.0,0.0
N-Coal_IGCC,2025011600,N-Coal_IGCC,Coal_IGCC,North,Coal,1095.7440000000001,2020,0.0,0.0,0.0,0.0
N-Coal_IGCC,2025011612,N-Coal_IGCC,Coal_IGCC,North,Coal,1095.7440000000001,2020,0.0,0.0,0.0,0.0
N-Coal_IGCC,2025061500,N-Coal_IGCC,Coal_IGCC,North,Coal,2191.5,2020,0.0,0.0,0.0,0.0
N-Coal_IGCC,2025061512,N-Coal_IGCC,Coal_IGCC,North,Coal,2191.5,2020,0.0,0.0,0.0,0.0
N-Coal_IGCC,2035011512,N-Coal_IGCC,Coal_IGCC,North,Coal,8766.0,2030,0.0,0.0,0.0,0.0
N-Coal_IGCC_CCS,2035011512,N-Coal_IGCC_CCS,Coal_IGCC_CCS,North,Coal,8766.0,2030,0.0,0.0,0.0,0.0
N-Coal_ST,2025011500,N-Coal_ST,Coal_ST,North,Coal,1095.7440000000001,2020,1.692,1.853998848,6303.5960832,1593.8457296486404
N-Coal_ST,2025011512,N-Coal_ST,Coal_ST,North,Coal,1095.7440000000001,2020,1.692,1.853998848,6303.5960832,1593.8457296486404
N-Coal_ST,2025011600,N-Coal_ST,Coal_ST,North,Coal,1095.7440000000001,2020,1.692,1.853998848,6303.5960832,1593.8457296486404
N-Coal_ST,2025011612,N-Coal_ST,Coal_ST,North,Coal,1095.7440000000001,2020,1.692,1.853998848,6303.5960832,1593.8457296486404
N-Coal_ST,2025061500,N-Coal_ST,Coal_ST,North,Coal,2191.5,2020,1.692,3.708018,12607.261199999999,3187.70891424
N-Coal_ST,2025061512,N-Coal_ST,Coal_ST,North,Coal,2191.5,2020,1.692,3.708018,12607.261199999999,3187.70891424
N-Coal_ST,2035011512,N-Coal_ST,Coal_ST,North,Coal,8766.0,2030,0.0,0.0,0.0,0.0
N-NG_CC,2025011500,N-NG_CC,NG_CC,North,NaturalGas,1095.7440000000001,2020,1.88,2.05999872,7030.981631232001,732.8801826178561
N-NG_CC,2025011512,N-NG_CC,NG_CC,North,NaturalGas,1095.7440000000001,2020,1.5632840863252382,1.7129591578863619,5846.500901781942,609.4148546115047
N-NG_CC,2025011600,N-NG_CC,NG_CC,North,NaturalGas,1095.7440000000001,2020,1.88,2.05999872,7030.981631232001,732.8801826178561
N-NG_CC,2025011612,N-NG_CC,NG_CC,North,NaturalGas,1095.7440000000001,2020,1.7744773281415,1.9443728854470799,6636.339095319429,691.744291648717
N-NG_CC,2025061500,N-NG_CC,NG_CC,North,NaturalGas,2191.5,2020,1.5632840863252382,3.4259370751817593,11693.065831302863,1218.8363832073117
N-NG_CC,2025061512,N-NG_CC,NG_CC,North,NaturalGas,2191.5,2020,1.88,4.120019999999999,14062.040261999999,1465.768391346
N-NG_CC,2035011512,N-NG_CC,NG_CC,North,NaturalGas,8766.0,2030,1.88,16.480079999999997,56248.161047999994,5863.073565384
N-NG_CC_CCS,2035011512,N-NG_CC_CCS,NG_CC_CCS,North,NaturalGas,8766.0,2030,0.0,0.0,0.0,0.0
N-NG_GT,2025011500,N-NG_GT,NG_GT,North,NaturalGas,1095.7440000000001,2020,0.0,0.0,0.0,0.0
N-NG_GT,2025011512,N-NG_GT,NG_GT,North,NaturalGas,1095.7440000000001,2020,0.0,0.0,0.0,0.0
N-NG_GT,2025011600,N-NG_GT,NG_GT,North,NaturalGas,1095.7440000000001,2020,0.0,0.0,0.0,0.0
N-NG_GT,2025011612,N-NG_GT,NG_GT,North,NaturalGas,1095.7440000000001,2020,0.0,0.0,0.0,0.0
N-NG_GT,2025061500,N-NG_GT,NG_GT,North,NaturalGas,2191.5,2020,0.0,0.0,0.0,0.0
N-NG_GT,2025061512,N-NG_GT,NG_GT,North,NaturalGas,2191.5,2020,1.7952165044878579,3.9342169695851403,109398.771273254,2168.907849500289
N-NG_GT,2035011512,N-NG_GT,NG_GT,North,NaturalGas,8766.0,2030,0.0,0.0,0.0,0.0
N-Nuclear,2035011512,N-Nuclear,Nuclear,North,Uranium,8766.0,2030,0.0,0.0,0.0,0.0
N-Biomass_IGCC,2025011500,N-Biomass_IGCC,Biomass_IGCC,North,BioSolid,1095.7440000000001,2020,0.0,0.0,0.0,0.0
N-Biomass_IGCC,2025011512,N-Biomass_IGCC,Biomass_IGCC,North,BioSolid,1095.7440000000001,2020,0.0,0.0,0.0,0.0
N-Biomass_IGCC,2025011600,N-Biomass_IGCC,Biomass_IGCC,North,BioSolid,1095.7440000000001,2020,0.0,0.0,0.0,0.0
N-Biomass_IGCC,2025011612,N-Biomass_IGCC,Biomass_IGCC,North,BioSolid,1095.7440000000001,2020,0.0,0.0,0.0,0.0
N-Biomass_IGCC,2025061500,N-Biomass_IGCC,Biomass_IGCC,North,BioSolid,2191.5,2020,0.0,0.0,0.0,0.0
N-Biomass_IGCC,2025061512,N-Biomass_IGCC,Biomass_IGCC,North,BioSolid,2191.5,2020,0.0,0.0,0.0,0.0
N-Biomass_IGCC,2035011512,N-Biomass_IGCC,Biomass_IGCC,North,BioSolid,8766.0,2030,0.0,0.0,0.0,0.0
N-Biomass_IGCC_CCS,2035011512,N-Biomass_IGCC_CCS,Biomass_IGCC_CCS,North,BioSolid,8766.0,2030,0.1988460519805832,1.7430844916617922,35089.51097629604,-2281.5012550619763
N-Residential_PV,2025011500,N-Residential_PV,Residential_PV,North,Solar,1095.7440000000001,2020,0.0,0.0,0.0,0.0
N-Residential_PV,2025011512,N-Residential_PV,Residential_PV,North,Solar,1095.7440000000001,2020,0.0,0.0,0.0,0.0
N-Residential_PV,2025011600,N-Residential_PV,Residential_PV,North,Solar,1095.7440000000001,2020,0.0,0.0,0.0,0.0
N-Residential_PV,2025011612,N-Residential_PV,Residential_PV,North,Solar,1095.7440000000001,2020,0.0,0.0,0.0,0.0
N-Residential_PV,2025061500,N-Residential_PV,Residential_PV,North,Solar,2191.5,2020,0.0,0.0,0.0,0.0
N-Residential_PV,2025061512,N-Residential_PV,Residential_PV,North,Solar,2191.5,2020,0.0,0.0,0.0,0.0
N-Residential_PV,2035011512,N-Residential_PV,Residential_PV,North,Solar,8766.0,2030,0.0,0.0,0.0,0.0
N-Commercial_PV,2025011500,N-Commercial_PV,Commercial_PV,North,Solar,1095.7440000000001,2020,0.0,0.0,0.0,0.0
N-Commercial_PV,2025011512,N-Commercial_PV,Commercial_PV,North,Solar,1095.7440000000001,2020,0.0,0.0,0.0,0.0
N-Commercial_PV,2025011600,N-Commercial_PV,Commercial_PV,North,Solar,1095.7440000000001,2020,0.0,0.0,0.0,0.0
N-Commercial_PV,2025011612,N-Commercial_PV,Commercial_PV,North,Solar,1095.7440000000001,2020,0.0,0.0,0.0,0.0
N-Commercial_PV,2025061500,N-Commercial_PV,Commercial_PV,North,Solar,2191.5,2020,0.0,0.0,0.0,0.0
N-Commercial_PV,2025061512,N-Commercial_PV,Commercial_PV,North,Solar,2191.5,2020,0.0,0.0,0.0,0.0
N-Commercial_PV,2035011512,N-Commercial_PV,Commercial_PV,North,Solar,8766.0,2030,0.0,0.0,0.0,0.0
N-Central_PV-1,2025011500,N-Central_PV-1,Central_PV,North,Solar,1095.7440000000001,2020,0.0,0.0,0.0,0.0
N-Central_PV-1,2025011512,N-Central_PV-1,Central_PV,North,Solar,1095.7440000000001,2020,0.0,0.0,0.0,0.0
N-Central_PV-1,2025011600,N-Central_PV-1,Central_PV,North,Solar,1095.7440000000001,2020,0.0,0.0,0.0,0.0
N-Central_PV-1,2025011612,N-Central_PV-1,Central_PV,North,Solar,1095.7440000000001,2020,0.0,0.0,0.0,0.0
N-Central_PV-1,2025061500,N-Central_PV-1,Central_PV,North,Solar,2191.5,2020,0.0,0.0,0.0,0.0
N-Central_PV-1,2025061512,N-Central_PV-1,Central_PV,North,Solar,2191.5,2020,0.0,0.0,0.0,0.0
N-Central_PV-1,2035011512,N-Central_PV-1,Central_PV,North,Solar,8766.0,2030,1.2054,10.5665364,0.0,0.0
N-Central_PV-2,2025011500,N-Central_PV-2,Central_PV,North,Solar,1095.7440000000001,2020,0.0,0.0,0.0,0.0
N-Central_PV-2,2025011512,N-Central_PV-2,Central_PV,North,Solar,1095.7440000000001,2020,0.0,0.0,0.0,0.0
N-Central_PV-2,2025011600,N-Central_PV-2,Central_PV,North,Solar,1095.7440000000001,2020,0.0,0.0,0.0,0.0
N-Central_PV-2,2025011612,N-Central_PV-2,Central_PV,North,Solar,1095.7440000000001,2020,0.0,0.0,0.0,0.0
N-Central_PV-2,2025061500,N-Central_PV-2,Central_PV,North,Solar,2191.5,2020,0.0,0.0,0.0,0.0
N-Central_PV-2,2025061512,N-Central_PV-2,Central_PV,North,Solar,2191.5,2020,0.0,0.0,0.0,0.0
N-Central_PV-2,2035011512,N-Central_PV-2,Central_PV,North,Solar,8766.0,2030,0.0,0.0,0.0,0.0
N-Wind-1,2025011500,N-Wind-1,Wind,North,Wind,1095.7440000000001,2020,0.0,0.0,0.0,0.0
N-Wind-1,2025011512,N-Wind-1,Wind,North,Wind,1095.7440000000001,2020,0.0,0.0,0.0,0.0
N-Wind-1,2025011600,N-Wind-1,Wind,North,Wind,1095.7440000000001,2020,0.0,0.0,0.0,0.0
N-Wind-1,2025011612,N-Wind-1,Wind,North,Wind,1095.7440000000001,2020,0.0,0.0,0.0,0.0
N-Wind-1,2025061500,N-Wind-1,Wind,North,Wind,2191.5,2020,0.0,0.0,0.0,0.0
N-Wind-1,2025061512,N-Wind-1,Wind,North,Wind,2191.5,2020,0.0,0.0,0.0,0.0
N-Wind-1,2035011512,N-Wind-1,Wind,North,Wind,8766.0,2030,3.1808,27.8828928,0.0,0.0
N-Wind-2,2025011500,N-Wind-2,Wind,North,Wind,1095.7440000000001,2020,0.0,0.0,0.0,0.0
N-Wind-2,2025011512,N-Wind-2,Wind,North,Wind,1095.7440000000001,2020,0.0,0.0,0.0,0.0
N-Wind-2,2025011600,N-Wind-2,Wind,North,Wind,1095.7440000000001,2020,0.0,0.0,0.0,0.0
N-Wind-2,2025011612,N-Wind-2,Wind,North,Wind,1095.7440000000001,2020,0.0,0.0,0.0,0.0
N-Wind-2,2025061500,N-Wind-2,Wind,North,Wind,2191.5,2020,0.0,0.0,0.0,0.0
N-Wind-2,2025061512,N-Wind-2,Wind,North,Wind,2191.5,2020,0.0,0.0,0.0,0.0
N-Wind-2,2035011512,N-Wind-2,Wind,North,Wind,8766.0,2030,0.86478,7.58066148,0.0,0.0
C-Coal_IGCC,2025011500,C-Coal_IGCC,Coal_IGCC,Central,Coal,1095.7440000000001,2020,0.0,0.0,0.0,0.0
C-Coal_IGCC,2025011512,C-Coal_IGCC,Coal_IGCC,Central,Coal,1095.7440000000001,2020,0.0,0.0,0.0,0.0
C-Coal_IGCC,2025011600,C-Coal_IGCC,Coal_IGCC,Central,Coal,1095.7440000000001,2020,0.0,0.0,0.0,0.0
C-Coal_IGCC,2025011612,C-Coal_IGCC,Coal_IGCC,Central,Coal,1095.7440000000001,2020,0.0,0.0,0.0,0.0
C-Coal_IGCC,2025061500,C-Coal_IGCC,Coal_IGCC,Central,Coal,2191.5,2020,0.0,0.0,0.0,0.0
C-Coal_IGCC,2025061512,C-Coal_IGCC,Coal_IGCC,Central,Coal,2191.5,2020,0.0,0.0,0.0,0.0
C-Coal_IGCC,2035011512,C-Coal_IGCC,Coal_IGCC,Central,Coal,8766.0,2030,0.0,0.0,0.0,0.0
C-Coal_ST,2025011500,C-Coal_ST,Coal_ST,Central,Coal,1095.7440000000001,2020,1.0625509031682001,1.1642837768411363,4191.421596628092,1056.517670456721
C-Coal_ST,2025011512,C-Coal_ST,Coal_ST,Central,Coal,1095.7440000000001,2020,1.0625509031682001,1.1642837768411363,4191.421596628092,1056.517670456721
C-Coal_ST,2025011600,C-Coal_ST,Coal_ST,Central,Coal,1095.7440000000001,2020,1.0625509031682001,1.1642837768411363,4191.421596628092,1056.517670456721
C-Coal_ST,2025011612,C-Coal_ST,Coal_ST,Central,Coal,1095.7440000000001,2020,1.0625509031682001,1.1642837768411363,4191.421596628092,1056.517670456721
C-Coal_ST,2025061500,C-Coal_ST,Coal_ST,Central,Coal,2191.5,2020,1.0625509031682001,2.3285803042931104,8382.889095455199,2113.0469113277404
C-Coal_ST,2025061512,C-Coal_ST,Coal_ST,Central,Coal,2191.5,2020,1.0625509031682001,2.3285803042931104,8382.889095455199,2113.0469113277404
C-NG_CC,2025011500,C-NG_CC,NG_CC,Central,NaturalGas,1095.7440000000001,2020,3.6145764614811324,3.960650470209182,10814.476895896769,1409.0699240300512
C-NG_CC,2025011512,C-NG_CC,NG_CC,Central,NaturalGas,1095.7440000000001,2020,2.105347724075729,2.3069221365696353,6299.004755460659,820.7274598376106
C-NG_CC,2025011600,C-NG_CC,NG_CC,Central,NaturalGas,1095.7440000000001,2020,2.9589974400098202,3.2423036909061205,8853.045381945345,1153.5056298937052
C-NG_CC,2025011612,C-NG_CC,NG_CC,Central,NaturalGas,1095.7440000000001,2020,2.422137586800121,2.654042727910712,7246.810587705641,944.2216153934288
C-NG_CC,2025061500,C-NG_CC,NG_CC,Central,NaturalGas,2191.5,2020,3.001079024767726,6.576864682778472,17957.99747903296,2339.8333906574535
C-NG_CC,2025061512,C-NG_CC,NG_CC,Central,NaturalGas,2191.5,2020,4.423781848915651,9.694717921898649,26471.23339138582,3449.063619335493
C-NG_CC,2035011512,C-NG_CC,NG_CC,Central,NaturalGas,8766.0,2030,2.5437818489156507,22.298791687594594,60886.40472714329,7933.180911957974
C-NG_GT,2025011500,C-NG_GT,NG_GT,Central,NaturalGas,1095.7440000000001,2020,0.0,0.0,0.0,0.0
C-NG_GT,2025011512,C-NG_GT,NG_GT,Central,NaturalGas,1095.7440000000001,2020,0.0,0.0,0.0,0.0
C-NG_GT,2025011600,C-NG_GT,NG_GT,Central,NaturalGas,1095.7440000000001,2020,0.0,0.0,0.0,0.0
C-NG_GT,2025011612,C-NG_GT,NG_GT,Central,NaturalGas,1095.7440000000001,2020,0.0,0.0,0.0,0.0
C-NG_GT,2025061500,C-NG_GT,NG_GT,Central,NaturalGas,2191.5,2020,0.0,0.0,0.0,0.0
C-NG_GT,2025061512,C-NG_GT,NG_GT,Central,NaturalGas,2191.5,2020,1.88,4.120019999999999,91652.316912,2271.339833868
C-NG_GT,2035011512,C-NG_GT,NG_GT,Central,NaturalGas,8766.0,2030,0.0,0.0,0.0,0.0
C-Nuclear,2035011512,C-Nuclear,Nuclear,Central,Uranium,8766.0,2030,0.0,0.0,0.0,0.0
C-Biomass_IGCC,2025011500,C-Biomass_IGCC,Biomass_IGCC,Central,BioSolid,1095.7440000000001,2020,0.0,0.0,0.0,0.0
C-Biomass_IGCC,2025011512,C-Biomass_IGCC,Biomass_IGCC,Central,BioSolid,1095.7440000000001,2020,0.0,0.0,0.0,0.0
C-Biomass_IGCC,2025011600,C-Biomass_IGCC,Biomass_IGCC,Central,BioSolid,1095.7440000000001,2020,0.0,0.0,0.0,0.0
C-Biomass_IGCC,2025011612,C-Biomass_IGCC,Biomass_IGCC,Central,BioSolid,1095.7440000000001,2020,0.0,0.0,0.0,0.0
C-Biomass_IGCC,2025061500,C-Biomass_IGCC,Biomass_IGCC,Central,BioSolid,2191.5,2020,0.0,0.0,0.0,0.0
C-Biomass_IGCC,2025061512,C-Biomass_IGCC,Biomass_IGCC,Central,BioSolid,2191.5,2020,0.0,0.0,0.0,0.0
C-Biomass_IGCC,2035011512,C-Biomass_IGCC,Biomass_IGCC,Central,BioSolid,8766.0,2030,0.0,0.0,0.0,0.0
C-Residential_PV,2025011500,C-Residential_PV,Residential_PV,Central,Solar,1095.7440000000001,2020,0.0,0.0,0.0,0.0
C-Residential_PV,2025011512,C-Residential_PV,Residential_PV,Central,Solar,1095.7440000000001,2020,0.0,0.0,0.0,0.0
C-Residential_PV,2025011600,C-Residential_PV,Residential_PV,Central,Solar,1095.7440000000001,2020,0.0,0.0,0.0,0.0
C-Residential_PV,2025011612,C-Residential_PV,Residential_PV,Central,Solar,1095.7440000000001,2020,0.0,0.0,0.0,0.0
C-Residential_PV,2025061500,C-Residential_PV,Residential_PV,Central,Solar,2191.5,2020,0.0,0.0,0.0,0.0
C-Residential_PV,2025061512,C-Residential_PV,Residential_PV,Central,Solar,2191.5,2020,0.0,0.0,0.0,0.0
C-Residential_PV,2035011512,C-Residential_PV,Residential_PV,Central,Solar,8766.0,2030,0.0,0.0,0.0,0.0
C-Commercial_PV,2025011500,C-Commercial_PV,Commercial_PV,Central,Solar,1095.7440000000001,2020,0.0,0.0,0.0,0.0
C-Commercial_PV,2025011512,C-Commercial_PV,Commercial_PV,Central,Solar,1095.7440000000001,2020,0.0,0.0,0.0,0.0
C-Commercial_PV,2025011600,C-Commercial_PV,Commercial_PV,Central,Solar,1095.7440000000001,2020,0.0,0.0,0.0,0.0
C-Commercial_PV,2025011612,C-Commercial_PV,Commercial_PV,Central,Solar,1095.7440000000001,2020,0.0,0.0,0.0,0.0
C-Commercial_PV,2025061500,C-Commercial_PV,Commercial_PV,Central,Solar,2191.5,2020,0.0,0.0,0.0,0.0
C-Commercial_PV,2025061512,C-Commercial_PV,Commercial_PV,Central,Solar,2191.5,2020,0.0,0.0,0.0,0.0
C-Commercial_PV,2035011512,C-Commercial_PV,Commercial_PV,Central,Solar,8766.0,2030,0.2744,2.4053904,0.0,0.0
C-Central_PV-1,2025011500,C-Central_PV-1,Central_PV,Central,Solar,1095.7440000000001,2020,0.0,0.0,0.0,0.0
C-Central_PV-1,2025011512,C-Central_PV-1,Central_PV,Central,Solar,1095.7440000000001,2020,0.0,0.0,0.0,0.0
C-Central_PV-1,2025011600,C-Central_PV-1,Central_PV,Central,Solar,1095.7440000000001,2020,0.0,0.0,0.0,0.0
C-Central_PV-1,2025011612,C-Central_PV-1,Central_PV,Central,Solar,1095.7440000000001,2020,0.0,0.0,0.0,0.0
C-Central_PV-1,2025061500,C-Central_PV-1,Central_PV,Central,Solar,2191.5,2020,0.0,0.0,0.0,0.0
C-Central_PV-1,2025061512,C-Central_PV-1,Central_PV,Central,Solar,2191.5,2020,0.0,0.0,0.0,0.0
C-Central_PV-1,2035011512,C-Central_PV-1,Central_PV,Central,Solar,8766.0,2030,0.7644,6.700730399999999,0.0,0.0
C-Central_PV-2,2025011500,C-Central_PV-2,Central_PV,Central,Solar,1095.7440000000001,2020,0.0,0.0,0.0,0.0
C-Central_PV-2,2025011512,C-Central_PV-2,Central_PV,Central,Solar,1095.7440000000001,2020,0.0,0.0,0.0,0.0
C-Central_PV-2,2025011600,C-Central_PV-2,Central_PV,Central,Solar,1095.7440000000001,2020,0.0,0.0,0.0,0.0
C-Central_PV-2,2025011612,C-Central_PV-2,Central_PV,Central,Solar,1095.7440000000001,2020,0.0,0.0,0.0,0.0
C-Central_PV-2,2025061500,C-Central_PV-2,Central_PV,Central,Solar,2191.5,2020,0.0,0.0,0.0,0.0
C-Central_PV-2,2025061512,C-Central_PV-2,Central_PV,Central,Solar,2191.5,2020,0.0,0.0,0.0,0.0
C-Central_PV-2,2035011512,C-Central_PV-2,Central_PV,Central,Solar,8766.0,2030,1.2054,10.5665364,0.0,0.0
C-Wind-1,2025011500,C-Wind-1,Wind,Central,Wind,1095.7440000000001,2020,0.0,0.0,0.0,0.0
C-Wind-1,2025011512,C-Wind-1,Wind,Central,Wind,1095.7440000000001,2020,0.0,0.0,0.0,0.0
C-Wind-1,2025011600,C-Wind-1,Wind,Central,Wind,1095.7440000000001,2020,0.0,0.0,0.0,0.0
C-Wind-1,2025011612,C-Wind-1,Wind,Central,Wind,1095.7440000000001,2020,0.0,0.0,0.0,0.0
C-Wind-1,2025061500,C-Wind-1,Wind,Central,Wind,2191.5,2020,0.0,0.0,0.0,0.0
C-Wind-1,2025061512,C-Wind-1,Wind,Central,Wind,2191.5,2020,0.0,0.0,0.0,0.0
C-Wind-1,2035011512,C-Wind-1,Wind,Central,Wind,8766.0,2030,3.1808,27.8828928,0.0,0.0
C-Wind-2,2025011500,C-Wind-2,Wind,Central,Wind,1095.7440000000001,2020,0.0,0.0,0.0,0.0
C-Wind-2,2025011512,C-Wind-2,Wind,Central,Wind,1095.7440000000001,2020,0.0,0.0,0.0,0.0
C-Wind-2,2025011600,C-Wind-2,Wind,Central,Wind,1095.7440000000001,2020,0.0,0.0,0.0,0.0
C-Wind-2,2025011612,C-Wind-2,Wind,Central,Wind,1095.7440000000001,2020,0.0,0.0,0.0,0.0
C-Wind-2,2025061500,C-Wind-2,Wind,Central,Wind,2191.5,2020,0.0,0.0,0.0,0.0
C-Wind-2,2025061512,C-Wind-2,Wind,Central,Wind,2191.5,2020,0.0,0.0,0.0,0.0
C-Wind-2,2035011512,C-Wind-2,Wind,Central,Wind,8766.0,2030,2.56452,22.48058232,0.0,0.0
S-Geothermal,2025011500,S-Geothermal,Geothermal,South,Geothermal,1095.7440000000001,2020,2.90574225,3.183949635984,110151.92160650247,0.0
S-Geothermal,2025011512,S-Geothermal,Geothermal,South,Geothermal,1095.7440000000001,2020,2.90574225,3.183949635984,110151.92160650247,0.0
S-Geothermal,2025011600,S-Geothermal,Geothermal,South,Geothermal,1095.7440000000001,2020,2.90574225,3.183949635984,110151.92160650247,0.0
S-Geothermal,2025011612,S-Geothermal,Geothermal,South,Geothermal,1095.7440000000001,2020,2.90574225,3.183949635984,110151.92160650247,0.0
S-Geothermal,2025061500,S-Geothermal,Geothermal,South,Geothermal,2191.5,2020,2.90574225,6.367934140875,220305.04953771146,0.0
S-Geothermal,2025061512,S-Geothermal,Geothermal,South,Geothermal,2191.5,2020,2.90574225,6.367934140875,220305.04953771146,0.0
S-Geothermal,2035011512,S-Geothermal,Geothermal,South,Geothermal,8766.0,2030,2.90574225,25.4717365635,881220.1981508458,0.0
S-NG_CC,2025011500,S-NG_CC,NG_CC,South,NaturalGas,1095.7440000000001,2020,3.430055004487858,3.7584621908375437,15393.608764257146,1337.1379457863577
S-NG_CC,2025011512,S-NG_CC,NG_CC,South,NaturalGas,1095.7440000000001,2020,4.486021213569167,4.915530828641133,20132.637925482064,1748.785130972419
S-NG_CC,2025011600,S-NG_CC,NG_CC,South,NaturalGas,1095.7440000000001,2020,3.958038109028512,4.336996509739338,17763.123344869604,1542.9615383793882
S-NG_CC,2025011612,S-NG_CC,NG_CC,South,NaturalGas,1095.7440000000001,2020,4.69721445538543,5.146944556201852,21080.44375772705,1831.1145680096315
S-NG_CC,2025061500,S-NG_CC,NG_CC,South,NaturalGas,2191.5,2020,4.699999999999999,10.300049999999999,42186.12078599999,3664.420978365
S-NG_CC,2025061512,S-NG_CC,NG_CC,South,NaturalGas,2191.5,2020,4.699999999999999,10.300049999999999,42186.12078599999,3664.420978365
S-NG_CC,2035011512,S-NG_CC,NG_CC,South,NaturalGas,8766.0,2030,1.1175476256683243,9.796422486608531,40123.40350685229,3485.2467777200036
S-NG_CC_CCS,2035011512,S-NG_CC_CCS,NG_CC_CCS,South,NaturalGas,8766.0,2030,0.0,0.0,0.0,0.0
S-NG_GT,2025011500,S-NG_GT,NG_GT,South,NaturalGas,1095.7440000000001,2020,0.0,0.0,0.0,0.0
S-NG_GT,2025011512,S-NG_GT,NG_GT,South,NaturalGas,1095.7440000000001,2020,0.0,0.0,0.0,0.0
S-NG_GT,2025011600,S-NG_GT,NG_GT,South,NaturalGas,1095.7440000000001,2020,0.0,0.0,0.0,0.0
S-NG_GT,2025011612,S-NG_GT,NG_GT,South,NaturalGas,1095.7440000000001,2020,0.0,0.0,0.0,0.0
S-NG_GT,2025061500,S-NG_GT,NG_GT,South,NaturalGas,2191.5,2020,0.0,0.0,0.0,0.0
S-NG_GT,2025061512,S-NG_GT,NG_GT,South,NaturalGas,2191.5,2020,0.0,0.0,0.0,0.0
S-NG_GT,2035011512,S-NG_GT,NG_GT,South,NaturalGas,8766.0,2030,0.0,0.0,0.0,0.0
S-Biomass_IGCC,2025011500,S-Biomass_IGCC,Biomass_IGCC,South,BioSolid,1095.7440000000001,2020,0.0,0.0,0.0,0.0
S-Biomass_IGCC,2025011512,S-Biomass_IGCC,Biomass_IGCC,South,BioSolid,1095.7440000000001,2020,0.0,0.0,0.0,0.0
S-Biomass_IGCC,2025011600,S-Biomass_IGCC,Biomass_IGCC,South,BioSolid,1095.7440000000001,2020,0.0,0.0,0.0,0.0
S-Biomass_IGCC,2025011612,S-Biomass_IGCC,Biomass_IGCC,South,BioSolid,1095.7440000000001,2020,0.0,0.0,0.0,0.0
S-Biomass_IGCC,2025061500,S-Biomass_IGCC,Biomass_IGCC,South,BioSolid,2191.5,2020,0.0,0.0,0.0,0.0
S-Biomass_IGCC,2025061512,S-Biomass_IGCC,Biomass_IGCC,South,BioSolid,2191.5,2020,0.0,0.0,0.0,0.0
S-Biomass_IGCC,2035011512,S-Biomass_IGCC,Biomass_IGCC,South,BioSolid,8766.0,2030,0.0,0.0,0.0,0.0
S-Biomass_IGCC_CCS,2035011512,S-Biomass_IGCC_CCS,Biomass_IGCC_CCS,South,BioSolid,8766.0,2030,0.0,0.0,0.0,-0.0
S-Residential_PV,2025011500,S-Residential_PV,Residential_PV,South,Solar,1095.7440000000001,2020,0.0,0.0,0.0,0.0
S-Residential_PV,2025011512,S-Residential_PV,Residential_PV,South,Solar,1095.7440000000001,2020,0.0,0.0,0.0,0.0
S-Residential_PV,2025011600,S-Residential_PV,Residential_PV,South,Solar,1095.7440000000001,2020,0.0,0.0,0.0,0.0
S-Residential_PV,2025011612,S-Residential_PV,Residential_PV,South,Solar,1095.7440000000001,2020,0.0,0.0,0.0,0.0
S-Residential_PV,2025061500,S-Residential_PV,Residential_PV,South,Solar,2191.5,2020,0.0,0.0,0.0,0.0
S-Residential_PV,2025061512,S-Residential_PV,Residential_PV,South,Solar,2191.5,2020,0.0,0.0,0.0,0.0
S-Residential_PV,2035011512,S-Residential_PV,Residential_PV,South,Solar,8766.0,2030,0.0,0.0,0.0,0.0
S-Commercial_PV,2025011500,S-Commercial_PV,Commercial_PV,South,Solar,1095.7440000000001,2020,0.0,0.0,0.0,0.0
S-Commercial_PV,2025011512,S-Commercial_PV,Commercial_PV,South,Solar,1095.7440000000001,2020,0.0,0.0,0.0,0.0
S-Commercial_PV,2025011600,S-Commercial_PV,Commercial_PV,South,Solar,1095.7440000000001,2020,0.0,0.0,0.0,0.0
S-Commercial_PV,2025011612,S-Commercial_PV,Commercial_PV,South,Solar,1095.7440000000001,2020,0.0,0.0,0.0,0.0
S-Commercial_PV,2025061500,S-Commercial_PV,Commercial_PV,South,Solar,2191.5,2020,0.0,0.0,0.0,0.0
S-Commercial_PV,2025061512,S-Commercial_PV,Commercial_PV,South,Solar,2191.5,2020,0.0,0.0,0.0,0.0
S-Commercial_PV,2035011512,S-Commercial_PV,Commercial_PV,South,Solar,8766.0,2030,0.0,0.0,0.0,0.0
S-Central_PV-1,2025011500,S-Central_PV-1,Central_PV,South,Solar,1095.7440000000001,2020,0.0,0.0,0.0,0.0
S-Central_PV-1,2025011512,S-Central_PV-1,Central_PV,South,Solar,1095.7440000000001,2020,0.0,0.0,0.0,0.0
S-Central_PV-1,2025011600,S-Central_PV-1,Central_PV,South,Solar,1095.7440000000001,2020,0.0,0.0,0.0,0.0
S-Central_PV-1,2025011612,S-Central_PV-1,Central_PV,South,Solar,1095.7440000000001,2020,0.0,0.0,0.0,0.0
S-Central_PV-1,2025061500,S-Central_PV-1,Central_PV,South,Solar,2191.5,2020,0.0,0.0,0.0,0.0
S-Central_PV-1,2025061512,S-Central_PV-1,Central_PV,South,Solar,2191.5,2020,0.0,0.0,0.0,0.0
S-Central_PV-1,2035011512,S-Central_PV-1,Central_PV,South,Solar,8766.0,2030,0.0,0.0,0.0,0.0
S-Central_PV-2,2025011500,S-Central_PV-2,Central_PV,South,Solar,1095.7440000000001,2020,0.0,0.0,0.0,0.0
S-Central_PV-2,2025011512,S-Central_PV-2,Central_PV,South,Solar,1095.7440000000001,2020,0.0,0.0,0.0,0.0
S-Central_PV-2,2025011600,S-Central_PV-2,Central_PV,South,Solar,1095.7440000000001,2020,0.0,0.0,0.0,0.0
S-Central_PV-2,2025011612,S-Central_PV-2,Central_PV,South,Solar,1095.7440000000001,2020,0.0,0.0,0.0,0.0
S-Central_PV-2,2025061500,S-Central_PV-2,Central_PV,South,Solar,2191.5,2020,0.0,0.0,0.0,0.0
S-Central_PV-2,2025061512,S-Central_PV-2,Central_PV,South,Solar,2191.5,2020,0.0,0.0,0.0,0.0
S-Central_PV-2,2035011512,S-Central_PV-2,Central_PV,South,Solar,8766.0,2030,0.0,0.0,0.0,0.0
