generation_plant_id,name,gen_tech,load_zone_id,connect_cost_per_mw,capacity_limit_mw,variable_o_m,forced_outage_rate,scheduled_outage_rate,full_load_heat_rate,hydro_efficiency,max_age,min_build_capacity,is_variable,is_baseload,is_cogen,energy_source,unit_size,storage_efficiency,store_to_release_ratio,min_load_fraction,startup_fuel,startup_om,ccs_capture_efficiency,ccs_energy_load,eia_plant_code,latitude,longitude,county,state,geom,substation_connection_geom,geom_area
5000808,Barrier,Hydro_NonPumped,8,73948.68,NULL,6.737849908,0.05,0.019,NULL,NULL,200,0,FALSE,FALSE,FALSE,Water,NULL,NULL,NULL,0,0,0,NULL,NULL,NULL,NULL,NULL,NULL,NULL,NULL,NULL,NULL
5000809,Bearspaw,Hydro_NonPumped,8,73948.68,NULL,6.737849908,0.05,0.019,NULL,NULL,200,0,FALSE,FALSE,FALSE,Water,NULL,NULL,NULL,0,0,0,NULL,NULL,NULL,NULL,NULL,NULL,NULL,NULL,NULL,NULL
5000810,Belly_River_CHD,Hydro_NonPumped,8,73948.68,NULL,6.737849908,0.05,0.019,NULL,NULL,200,0,FALSE,FALSE,FALSE,Water,NULL,NULL,NULL,0,0,0,NULL,NULL,NULL,NULL,NULL,NULL,NULL,NULL,NULL,NULL
5000811,Bighorn,Hydro_NonPumped,8,73948.68,NULL,6.737849908,0.05,0.019,NULL,NULL,200,0,FALSE,FALSE,FALSE,Water,NULL,NULL,NULL,0,0,0,NULL,NULL,NULL,NULL,NULL,NULL,NULL,NULL,NULL,NULL
5000812,Brazeau,Hydro_NonPumped,8,73948.68,NULL,6.737849908,0.05,0.019,NULL,NULL,200,0,FALSE,FALSE,FALSE,Water,NULL,NULL,NULL,0,0,0,NULL,NULL,NULL,NULL,NULL,NULL,NULL,NULL,NULL,NULL
5000813,Brazeau,Hydro_NonPumped,8,73948.68,NULL,6.737849908,0.05,0.019,NULL,NULL,200,0,FALSE,FALSE,FALSE,Water,NULL,NULL,NULL,0,0,0,NULL,NULL,NULL,NULL,NULL,NULL,NULL,NULL,NULL,NULL
5000814,Cascade_AB,Hydro_NonPumped,8,73948.68,NULL,6.737849908,0.05,0.019,NULL,NULL,200,0,FALSE,FALSE,FALSE,Water,NULL,NULL,NULL,0,0,0,NULL,NULL,NULL,NULL,NULL,NULL,NULL,NULL,NULL,NULL
5000815,Chin_Chute,Hydro_NonPumped,8,73948.68,NULL,6.737849908,0.05,0.019,NULL,NULL,200,0,FALSE,FALSE,FALSE,Water,NULL,NULL,NULL,0,0,0,NULL,NULL,NULL,NULL,NULL,NULL,NULL,NULL,NULL,NULL
5000816,Dickson_Dam,Hydro_NonPumped,8,73948.68,NULL,6.737849908,0.05,0.019,NULL,NULL,200,0,FALSE,FALSE,FALSE,Water,NULL,NULL,NULL,0,0,0,NULL,NULL,NULL,NULL,NULL,NULL,NULL,NULL,NULL,NULL
5000817,Ghost,Hydro_NonPumped,8,73948.68,NULL,6.737849908,0.05,0.019,NULL,NULL,200,0,FALSE,FALSE,FALSE,Water,NULL,NULL,NULL,0,0,0,NULL,NULL,NULL,NULL,NULL,NULL,NULL,NULL,NULL,NULL
5000818,Horseshoe,Hydro_NonPumped,8,73948.68,NULL,6.737849908,0.05,0.019,NULL,NULL,200,0,FALSE,FALSE,FALSE,Water,NULL,NULL,NULL,0,0,0,NULL,NULL,NULL,NULL,NULL,NULL,NULL,NULL,NULL,NULL
5000819,Interlakes,Hydro_NonPumped,8,73948.68,NULL,6.737849908,0.05,0.019,NULL,NULL,200,0,FALSE,FALSE,FALSE,Water,NULL,NULL,NULL,0,0,0,NULL,NULL,NULL,NULL,NULL,NULL,NULL,NULL,NULL,NULL
5000820,Irrican,Hydro_NonPumped,8,73948.68,NULL,6.737849908,0.05,0.019,NULL,NULL,200,0,FALSE,FALSE,FALSE,Water,NULL,NULL,NULL,0,0,0,NULL,NULL,NULL,NULL,NULL,NULL,NULL,NULL,NULL,NULL
5000821,Kananaskis,Hydro_NonPumped,8,73948.68,NULL,6.737849908,0.05,0.019,NULL,NULL,200,0,FALSE,FALSE,FALSE,Water,NULL,NULL,NULL,0,0,0,NULL,NULL,NULL,NULL,NULL,NULL,NULL,NULL,NULL,NULL
5000822,Oldman_River,Hydro_NonPumped,8,73948.68,NULL,6.737849908,0.05,0.019,NULL,NULL,200,0,FALSE,FALSE,FALSE,Water,NULL,NULL,NULL,0,0,0,NULL,NULL,NULL,NULL,NULL,NULL,NULL,NULL,NULL,NULL
5000823,Pocaterra,Hydro_NonPumped,8,73948.68,NULL,6.737849908,0.05,0.019,NULL,NULL,200,0,FALSE,FALSE,FALSE,Water,NULL,NULL,NULL,0,0,0,NULL,NULL,NULL,NULL,NULL,NULL,NULL,NULL,NULL,NULL
5000824,Raymond_Reservoir,Hydro_NonPumped,8,73948.68,NULL,6.737849908,0.05,0.019,NULL,NULL,200,0,FALSE,FALSE,FALSE,Water,NULL,NULL,NULL,0,0,0,NULL,NULL,NULL,NULL,NULL,NULL,NULL,NULL,NULL,NULL
5000825,Rundle,Hydro_NonPumped,8,73948.68,NULL,6.737849908,0.05,0.019,NULL,NULL,200,0,FALSE,FALSE,FALSE,Water,NULL,NULL,NULL,0,0,0,NULL,NULL,NULL,NULL,NULL,NULL,NULL,NULL,NULL,NULL
5000826,Spray,Hydro_NonPumped,8,73948.68,NULL,6.737849908,0.05,0.019,NULL,NULL,200,0,FALSE,FALSE,FALSE,Water,NULL,NULL,NULL,0,0,0,NULL,NULL,NULL,NULL,NULL,NULL,NULL,NULL,NULL,NULL
5000827,Taylor_Chute,Hydro_NonPumped,8,73948.68,NULL,6.737849908,0.05,0.019,NULL,NULL,200,0,FALSE,FALSE,FALSE,Water,NULL,NULL,NULL,0,0,0,NULL,NULL,NULL,NULL,NULL,NULL,NULL,NULL,NULL,NULL
5000828,Three_Sisters,Hydro_NonPumped,8,73948.68,NULL,6.737849908,0.05,0.019,NULL,NULL,200,0,FALSE,FALSE,FALSE,Water,NULL,NULL,NULL,0,0,0,NULL,NULL,NULL,NULL,NULL,NULL,NULL,NULL,NULL,NULL
5000829,Waterton_CHD,Hydro_NonPumped,8,73948.68,NULL,6.737849908,0.05,0.019,NULL,NULL,200,0,FALSE,FALSE,FALSE,Water,NULL,NULL,NULL,0,0,0,NULL,NULL,NULL,NULL,NULL,NULL,NULL,NULL,NULL,NULL
5000830,Aberfeldie,Hydro_NonPumped,9,73948.68,NULL,6.737849908,0.05,0.019,NULL,NULL,200,0,FALSE,FALSE,FALSE,Water,NULL,NULL,NULL,0,0,0,NULL,NULL,NULL,NULL,NULL,NULL,NULL,NULL,NULL,NULL
5000831,Akolkolex,Hydro_NonPumped,9,73948.68,NULL,6.737849908,0.05,0.019,NULL,NULL,200,0,FALSE,FALSE,FALSE,Water,NULL,NULL,NULL,0,0,0,NULL,NULL,NULL,NULL,NULL,NULL,NULL,NULL,NULL,NULL
5000832,Alouette,Hydro_NonPumped,9,73948.68,NULL,6.737849908,0.05,0.019,NULL,NULL,200,0,FALSE,FALSE,FALSE,Water,NULL,NULL,NULL,0,0,0,NULL,NULL,NULL,NULL,NULL,NULL,NULL,NULL,NULL,NULL
5000833,Arrow_Lakes,Hydro_NonPumped,9,73948.68,NULL,6.737849908,0.05,0.019,NULL,NULL,200,0,FALSE,FALSE,FALSE,Water,NULL,NULL,NULL,0,0,0,NULL,NULL,NULL,NULL,NULL,NULL,NULL,NULL,NULL,NULL
5000834,Ashlu_Creek,Hydro_NonPumped,9,73948.68,NULL,6.737849908,0.05,0.019,NULL,NULL,200,0,FALSE,FALSE,FALSE,Water,NULL,NULL,NULL,0,0,0,NULL,NULL,NULL,NULL,NULL,NULL,NULL,NULL,NULL,NULL
5000835,Ash_River,Hydro_NonPumped,9,73948.68,NULL,6.737849908,0.05,0.019,NULL,NULL,200,0,FALSE,FALSE,FALSE,Water,NULL,NULL,NULL,0,0,0,NULL,NULL,NULL,NULL,NULL,NULL,NULL,NULL,NULL,NULL
5000836,Bone_Creek,Hydro_NonPumped,9,73948.68,NULL,6.737849908,0.05,0.019,NULL,NULL,200,0,FALSE,FALSE,FALSE,Water,NULL,NULL,NULL,0,0,0,NULL,NULL,NULL,NULL,NULL,NULL,NULL,NULL,NULL,NULL
5000837,Brandywine,Hydro_NonPumped,9,73948.68,NULL,6.737849908,0.05,0.019,NULL,NULL,200,0,FALSE,FALSE,FALSE,Water,NULL,NULL,NULL,0,0,0,NULL,NULL,NULL,NULL,NULL,NULL,NULL,NULL,NULL,NULL
5000838,Bridge_River_1,Hydro_NonPumped,9,73948.68,NULL,6.737849908,0.05,0.019,NULL,NULL,200,0,FALSE,FALSE,FALSE,Water,NULL,NULL,NULL,0,0,0,NULL,NULL,NULL,NULL,NULL,NULL,NULL,NULL,NULL,NULL
5000839,Bridge_River_2,Hydro_NonPumped,9,73948.68,NULL,6.737849908,0.05,0.019,NULL,NULL,200,0,FALSE,FALSE,FALSE,Water,NULL,NULL,NULL,0,0,0,NULL,NULL,NULL,NULL,NULL,NULL,NULL,NULL,NULL,NULL
5000840,Brilliant,Hydro_NonPumped,9,73948.68,NULL,6.737849908,0.05,0.019,NULL,NULL,200,0,FALSE,FALSE,FALSE,Water,NULL,NULL,NULL,0,0,0,NULL,NULL,NULL,NULL,NULL,NULL,NULL,NULL,NULL,NULL
5000841,Brilliant,Hydro_NonPumped,9,73948.68,NULL,6.737849908,0.05,0.019,NULL,NULL,200,0,FALSE,FALSE,FALSE,Water,NULL,NULL,NULL,0,0,0,NULL,NULL,NULL,NULL,NULL,NULL,NULL,NULL,NULL,NULL
5000842,Brown_Lake,Hydro_NonPumped,9,73948.68,NULL,6.737849908,0.05,0.019,NULL,NULL,200,0,FALSE,FALSE,FALSE,Water,NULL,NULL,NULL,0,0,0,NULL,NULL,NULL,NULL,NULL,NULL,NULL,NULL,NULL,NULL
5000843,Buntzen_1,Hydro_NonPumped,9,73948.68,NULL,6.737849908,0.05,0.019,NULL,NULL,200,0,FALSE,FALSE,FALSE,Water,NULL,NULL,NULL,0,0,0,NULL,NULL,NULL,NULL,NULL,NULL,NULL,NULL,NULL,NULL
5000844,Buntzen_2,Hydro_NonPumped,9,73948.68,NULL,6.737849908,0.05,0.019,NULL,NULL,200,0,FALSE,FALSE,FALSE,Water,NULL,NULL,NULL,0,0,0,NULL,NULL,NULL,NULL,NULL,NULL,NULL,NULL,NULL,NULL
5000845,Canoe_Creek_Hydro_Project,Hydro_NonPumped,9,73948.68,NULL,6.737849908,0.05,0.019,NULL,NULL,200,0,FALSE,FALSE,FALSE,Water,NULL,NULL,NULL,0,0,0,NULL,NULL,NULL,NULL,NULL,NULL,NULL,NULL,NULL,NULL
5000846,Cheakamus,Hydro_NonPumped,9,73948.68,NULL,6.737849908,0.05,0.019,NULL,NULL,200,0,FALSE,FALSE,FALSE,Water,NULL,NULL,NULL,0,0,0,NULL,NULL,NULL,NULL,NULL,NULL,NULL,NULL,NULL,NULL
5000847,China_Creek,Hydro_NonPumped,9,73948.68,NULL,6.737849908,0.05,0.019,NULL,NULL,200,0,FALSE,FALSE,FALSE,Water,NULL,NULL,NULL,0,0,0,NULL,NULL,NULL,NULL,NULL,NULL,NULL,NULL,NULL,NULL
5000848,Clayton_Falls,Hydro_NonPumped,9,73948.68,NULL,6.737849908,0.05,0.019,NULL,NULL,200,0,FALSE,FALSE,FALSE,Water,NULL,NULL,NULL,0,0,0,NULL,NULL,NULL,NULL,NULL,NULL,NULL,NULL,NULL,NULL
5000849,Clayton_Falls,Hydro_NonPumped,9,73948.68,NULL,6.737849908,0.05,0.019,NULL,NULL,200,0,FALSE,FALSE,FALSE,Water,NULL,NULL,NULL,0,0,0,NULL,NULL,NULL,NULL,NULL,NULL,NULL,NULL,NULL,NULL
5000850,Clowhom,Hydro_NonPumped,9,73948.68,NULL,6.737849908,0.05,0.019,NULL,NULL,200,0,FALSE,FALSE,FALSE,Water,NULL,NULL,NULL,0,0,0,NULL,NULL,NULL,NULL,NULL,NULL,NULL,NULL,NULL,NULL
5000851,Corra_Linn,Hydro_NonPumped,9,73948.68,NULL,6.737849908,0.05,0.019,NULL,NULL,200,0,FALSE,FALSE,FALSE,Water,NULL,NULL,NULL,0,0,0,NULL,NULL,NULL,NULL,NULL,NULL,NULL,NULL,NULL,NULL
5000852,Cypress_Creek_Hydro,Hydro_NonPumped,9,73948.68,NULL,6.737849908,0.05,0.019,NULL,NULL,200,0,FALSE,FALSE,FALSE,Water,NULL,NULL,NULL,0,0,0,NULL,NULL,NULL,NULL,NULL,NULL,NULL,NULL,NULL,NULL
5000853,Doran_Taylor,Hydro_NonPumped,9,73948.68,NULL,6.737849908,0.05,0.019,NULL,NULL,200,0,FALSE,FALSE,FALSE,Water,NULL,NULL,NULL,0,0,0,NULL,NULL,NULL,NULL,NULL,NULL,NULL,NULL,NULL,NULL
5000854,Douglas_Creek,Hydro_NonPumped,9,73948.68,NULL,6.737849908,0.05,0.019,NULL,NULL,200,0,FALSE,FALSE,FALSE,Water,NULL,NULL,NULL,0,0,0,NULL,NULL,NULL,NULL,NULL,NULL,NULL,NULL,NULL,NULL
5000855,Eagle_Lake,Hydro_NonPumped,9,73948.68,NULL,6.737849908,0.05,0.019,NULL,NULL,200,0,FALSE,FALSE,FALSE,Water,NULL,NULL,NULL,0,0,0,NULL,NULL,NULL,NULL,NULL,NULL,NULL,NULL,NULL,NULL
5000856,East_Toba_River,Hydro_NonPumped,9,73948.68,NULL,6.737849908,0.05,0.019,NULL,NULL,200,0,FALSE,FALSE,FALSE,Water,NULL,NULL,NULL,0,0,0,NULL,NULL,NULL,NULL,NULL,NULL,NULL,NULL,NULL,NULL
5000857,Elko_BC,Hydro_NonPumped,9,73948.68,NULL,6.737849908,0.05,0.019,NULL,NULL,200,0,FALSE,FALSE,FALSE,Water,NULL,NULL,NULL,0,0,0,NULL,NULL,NULL,NULL,NULL,NULL,NULL,NULL,NULL,NULL
5000858,Falls_River,Hydro_NonPumped,9,73948.68,NULL,6.737849908,0.05,0.019,NULL,NULL,200,0,FALSE,FALSE,FALSE,Water,NULL,NULL,NULL,0,0,0,NULL,NULL,NULL,NULL,NULL,NULL,NULL,NULL,NULL,NULL
5000859,Fire_Creek,Hydro_NonPumped,9,73948.68,NULL,6.737849908,0.05,0.019,NULL,NULL,200,0,FALSE,FALSE,FALSE,Water,NULL,NULL,NULL,0,0,0,NULL,NULL,NULL,NULL,NULL,NULL,NULL,NULL,NULL,NULL
5000860,Fitzsimmons_Creek_Hydro_Project,Hydro_NonPumped,9,73948.68,NULL,6.737849908,0.05,0.019,NULL,NULL,200,0,FALSE,FALSE,FALSE,Water,NULL,NULL,NULL,0,0,0,NULL,NULL,NULL,NULL,NULL,NULL,NULL,NULL,NULL,NULL
5000861,Furry_Creek,Hydro_NonPumped,9,73948.68,NULL,6.737849908,0.05,0.019,NULL,NULL,200,0,FALSE,FALSE,FALSE,Water,NULL,NULL,NULL,0,0,0,NULL,NULL,NULL,NULL,NULL,NULL,NULL,NULL,NULL,NULL
5000862,Gordon_M_Shrum,Hydro_NonPumped,9,73948.68,NULL,6.737849908,0.05,0.019,NULL,NULL,200,0,FALSE,FALSE,FALSE,Water,NULL,NULL,NULL,0,0,0,NULL,NULL,NULL,NULL,NULL,NULL,NULL,NULL,NULL,NULL
5000863,Hystad_Creek,Hydro_NonPumped,9,73948.68,NULL,6.737849908,0.05,0.019,NULL,NULL,200,0,FALSE,FALSE,FALSE,Water,NULL,NULL,NULL,0,0,0,NULL,NULL,NULL,NULL,NULL,NULL,NULL,NULL,NULL,NULL
5000864,John_Hart,Hydro_NonPumped,9,73948.68,NULL,6.737849908,0.05,0.019,NULL,NULL,200,0,FALSE,FALSE,FALSE,Water,NULL,NULL,NULL,0,0,0,NULL,NULL,NULL,NULL,NULL,NULL,NULL,NULL,NULL,NULL
5000865,Jordan_River,Hydro_NonPumped,9,73948.68,NULL,6.737849908,0.05,0.019,NULL,NULL,200,0,FALSE,FALSE,FALSE,Water,NULL,NULL,NULL,0,0,0,NULL,NULL,NULL,NULL,NULL,NULL,NULL,NULL,NULL,NULL
5000866,Kemano,Hydro_NonPumped,9,73948.68,NULL,6.737849908,0.05,0.019,NULL,NULL,200,0,FALSE,FALSE,FALSE,Water,NULL,NULL,NULL,0,0,0,NULL,NULL,NULL,NULL,NULL,NULL,NULL,NULL,NULL,NULL
5000867,Kootenay_Canal,Hydro_NonPumped,9,73948.68,NULL,6.737849908,0.05,0.019,NULL,NULL,200,0,FALSE,FALSE,FALSE,Water,NULL,NULL,NULL,0,0,0,NULL,NULL,NULL,NULL,NULL,NULL,NULL,NULL,NULL,NULL
5000868,Ladore_Falls,Hydro_NonPumped,9,73948.68,NULL,6.737849908,0.05,0.019,NULL,NULL,200,0,FALSE,FALSE,FALSE,Water,NULL,NULL,NULL,0,0,0,NULL,NULL,NULL,NULL,NULL,NULL,NULL,NULL,NULL,NULL
5000869,La_Joie,Hydro_NonPumped,9,73948.68,NULL,6.737849908,0.05,0.019,NULL,NULL,200,0,FALSE,FALSE,FALSE,Water,NULL,NULL,NULL,0,0,0,NULL,NULL,NULL,NULL,NULL,NULL,NULL,NULL,NULL,NULL
5000870,Lamont_Creek,Hydro_NonPumped,9,73948.68,NULL,6.737849908,0.05,0.019,NULL,NULL,200,0,FALSE,FALSE,FALSE,Water,NULL,NULL,NULL,0,0,0,NULL,NULL,NULL,NULL,NULL,NULL,NULL,NULL,NULL,NULL
5000871,L_Bonnington,Hydro_NonPumped,9,73948.68,NULL,6.737849908,0.05,0.019,NULL,NULL,200,0,FALSE,FALSE,FALSE,Water,NULL,NULL,NULL,0,0,0,NULL,NULL,NULL,NULL,NULL,NULL,NULL,NULL,NULL,NULL
5000872,Lois_Lake,Hydro_NonPumped,9,73948.68,NULL,6.737849908,0.05,0.019,NULL,NULL,200,0,FALSE,FALSE,FALSE,Water,NULL,NULL,NULL,0,0,0,NULL,NULL,NULL,NULL,NULL,NULL,NULL,NULL,NULL,NULL
5000873,Lower_Clowhom,Hydro_NonPumped,9,73948.68,NULL,6.737849908,0.05,0.019,NULL,NULL,200,0,FALSE,FALSE,FALSE,Water,NULL,NULL,NULL,0,0,0,NULL,NULL,NULL,NULL,NULL,NULL,NULL,NULL,NULL,NULL
5000874,Mamquam_Hydro,Hydro_NonPumped,9,73948.68,NULL,6.737849908,0.05,0.019,NULL,NULL,200,0,FALSE,FALSE,FALSE,Water,NULL,NULL,NULL,0,0,0,NULL,NULL,NULL,NULL,NULL,NULL,NULL,NULL,NULL,NULL
5000875,Marion_3_Creek_Hydro,Hydro_NonPumped,9,73948.68,NULL,6.737849908,0.05,0.019,NULL,NULL,200,0,FALSE,FALSE,FALSE,Water,NULL,NULL,NULL,0,0,0,NULL,NULL,NULL,NULL,NULL,NULL,NULL,NULL,NULL,NULL
5000876,McNair_Creek_Hydro_Project,Hydro_NonPumped,9,73948.68,NULL,6.737849908,0.05,0.019,NULL,NULL,200,0,FALSE,FALSE,FALSE,Water,NULL,NULL,NULL,0,0,0,NULL,NULL,NULL,NULL,NULL,NULL,NULL,NULL,NULL,NULL
5000877,Mears_Hydro,Hydro_NonPumped,9,73948.68,NULL,6.737849908,0.05,0.019,NULL,NULL,200,0,FALSE,FALSE,FALSE,Water,NULL,NULL,NULL,0,0,0,NULL,NULL,NULL,NULL,NULL,NULL,NULL,NULL,NULL,NULL
5000878,Mica,Hydro_NonPumped,9,73948.68,NULL,6.737849908,0.05,0.019,NULL,NULL,200,0,FALSE,FALSE,FALSE,Water,NULL,NULL,NULL,0,0,0,NULL,NULL,NULL,NULL,NULL,NULL,NULL,NULL,NULL,NULL
5000879,Miller_Creek,Hydro_NonPumped,9,73948.68,NULL,6.737849908,0.05,0.019,NULL,NULL,200,0,FALSE,FALSE,FALSE,Water,NULL,NULL,NULL,0,0,0,NULL,NULL,NULL,NULL,NULL,NULL,NULL,NULL,NULL,NULL
5000880,Montrose_Creek,Hydro_NonPumped,9,73948.68,NULL,6.737849908,0.05,0.019,NULL,NULL,200,0,FALSE,FALSE,FALSE,Water,NULL,NULL,NULL,0,0,0,NULL,NULL,NULL,NULL,NULL,NULL,NULL,NULL,NULL,NULL
5000881,Morehead_Creek,Hydro_NonPumped,9,73948.68,NULL,6.737849908,0.05,0.019,NULL,NULL,200,0,FALSE,FALSE,FALSE,Water,NULL,NULL,NULL,0,0,0,NULL,NULL,NULL,NULL,NULL,NULL,NULL,NULL,NULL,NULL
5000882,Nelson_Hydro_Power_Plant,Hydro_NonPumped,9,73948.68,NULL,6.737849908,0.05,0.019,NULL,NULL,200,0,FALSE,FALSE,FALSE,Water,NULL,NULL,NULL,0,0,0,NULL,NULL,NULL,NULL,NULL,NULL,NULL,NULL,NULL,NULL
5000883,Nelson_Hydro_Power_Plant,Hydro_NonPumped,9,73948.68,NULL,6.737849908,0.05,0.019,NULL,NULL,200,0,FALSE,FALSE,FALSE,Water,NULL,NULL,NULL,0,0,0,NULL,NULL,NULL,NULL,NULL,NULL,NULL,NULL,NULL,NULL
5000884,Nelson_Hydro_Power_Plant,Hydro_NonPumped,9,73948.68,NULL,6.737849908,0.05,0.019,NULL,NULL,200,0,FALSE,FALSE,FALSE,Water,NULL,NULL,NULL,0,0,0,NULL,NULL,NULL,NULL,NULL,NULL,NULL,NULL,NULL,NULL
5000885,Ocean_Falls,Hydro_NonPumped,9,73948.68,NULL,6.737849908,0.05,0.019,NULL,NULL,200,0,FALSE,FALSE,FALSE,Water,NULL,NULL,NULL,0,0,0,NULL,NULL,NULL,NULL,NULL,NULL,NULL,NULL,NULL,NULL
5000886,Peace_Canyon,Hydro_NonPumped,9,73948.68,NULL,6.737849908,0.05,0.019,NULL,NULL,200,0,FALSE,FALSE,FALSE,Water,NULL,NULL,NULL,0,0,0,NULL,NULL,NULL,NULL,NULL,NULL,NULL,NULL,NULL,NULL
5000887,Pingston_Hydroelectric,Hydro_NonPumped,9,73948.68,NULL,6.737849908,0.05,0.019,NULL,NULL,200,0,FALSE,FALSE,FALSE,Water,NULL,NULL,NULL,0,0,0,NULL,NULL,NULL,NULL,NULL,NULL,NULL,NULL,NULL,NULL
5000888,Powell_River,Hydro_NonPumped,9,73948.68,NULL,6.737849908,0.05,0.019,NULL,NULL,200,0,FALSE,FALSE,FALSE,Water,NULL,NULL,NULL,0,0,0,NULL,NULL,NULL,NULL,NULL,NULL,NULL,NULL,NULL,NULL
5000889,Ptarmigan_Creek,Hydro_NonPumped,9,73948.68,NULL,6.737849908,0.05,0.019,NULL,NULL,200,0,FALSE,FALSE,FALSE,Water,NULL,NULL,NULL,0,0,0,NULL,NULL,NULL,NULL,NULL,NULL,NULL,NULL,NULL,NULL
5000890,Puntledge,Hydro_NonPumped,9,73948.68,NULL,6.737849908,0.05,0.019,NULL,NULL,200,0,FALSE,FALSE,FALSE,Water,NULL,NULL,NULL,0,0,0,NULL,NULL,NULL,NULL,NULL,NULL,NULL,NULL,NULL,NULL
5000891,Queen_Charlotte_Station,Hydro_NonPumped,9,73948.68,NULL,6.737849908,0.05,0.019,NULL,NULL,200,0,FALSE,FALSE,FALSE,Water,NULL,NULL,NULL,0,0,0,NULL,NULL,NULL,NULL,NULL,NULL,NULL,NULL,NULL,NULL
5000892,Raging_River,Hydro_NonPumped,9,73948.68,NULL,6.737849908,0.05,0.019,NULL,NULL,200,0,FALSE,FALSE,FALSE,Water,NULL,NULL,NULL,0,0,0,NULL,NULL,NULL,NULL,NULL,NULL,NULL,NULL,NULL,NULL
5000893,Revelstoke,Hydro_NonPumped,9,73948.68,NULL,6.737849908,0.05,0.019,NULL,NULL,200,0,FALSE,FALSE,FALSE,Water,NULL,NULL,NULL,0,0,0,NULL,NULL,NULL,NULL,NULL,NULL,NULL,NULL,NULL,NULL
5000894,Ruskin,Hydro_NonPumped,9,73948.68,NULL,6.737849908,0.05,0.019,NULL,NULL,200,0,FALSE,FALSE,FALSE,Water,NULL,NULL,NULL,0,0,0,NULL,NULL,NULL,NULL,NULL,NULL,NULL,NULL,NULL,NULL
5000895,Rutherford_Creek_Hydro,Hydro_NonPumped,9,73948.68,NULL,6.737849908,0.05,0.019,NULL,NULL,200,0,FALSE,FALSE,FALSE,Water,NULL,NULL,NULL,0,0,0,NULL,NULL,NULL,NULL,NULL,NULL,NULL,NULL,NULL,NULL
5000896,Scuzzy_Creek,Hydro_NonPumped,9,73948.68,NULL,6.737849908,0.05,0.019,NULL,NULL,200,0,FALSE,FALSE,FALSE,Water,NULL,NULL,NULL,0,0,0,NULL,NULL,NULL,NULL,NULL,NULL,NULL,NULL,NULL,NULL
5000897,Seaton_Creek,Hydro_NonPumped,9,73948.68,NULL,6.737849908,0.05,0.019,NULL,NULL,200,0,FALSE,FALSE,FALSE,Water,NULL,NULL,NULL,0,0,0,NULL,NULL,NULL,NULL,NULL,NULL,NULL,NULL,NULL,NULL
5000898,Sechelt_Creek,Hydro_NonPumped,9,73948.68,NULL,6.737849908,0.05,0.019,NULL,NULL,200,0,FALSE,FALSE,FALSE,Water,NULL,NULL,NULL,0,0,0,NULL,NULL,NULL,NULL,NULL,NULL,NULL,NULL,NULL,NULL
5000899,Seton,Hydro_NonPumped,9,73948.68,NULL,6.737849908,0.05,0.019,NULL,NULL,200,0,FALSE,FALSE,FALSE,Water,NULL,NULL,NULL,0,0,0,NULL,NULL,NULL,NULL,NULL,NULL,NULL,NULL,NULL,NULL
5000900,Seven_Mile,Hydro_NonPumped,9,73948.68,NULL,6.737849908,0.05,0.019,NULL,NULL,200,0,FALSE,FALSE,FALSE,Water,NULL,NULL,NULL,0,0,0,NULL,NULL,NULL,NULL,NULL,NULL,NULL,NULL,NULL,NULL
5000901,Shuswap,Hydro_NonPumped,9,73948.68,NULL,6.737849908,0.05,0.019,NULL,NULL,200,0,FALSE,FALSE,FALSE,Water,NULL,NULL,NULL,0,0,0,NULL,NULL,NULL,NULL,NULL,NULL,NULL,NULL,NULL,NULL
5000902,Skookum_Creek,Hydro_NonPumped,9,73948.68,NULL,6.737849908,0.05,0.019,NULL,NULL,200,0,FALSE,FALSE,FALSE,Water,NULL,NULL,NULL,0,0,0,NULL,NULL,NULL,NULL,NULL,NULL,NULL,NULL,NULL,NULL
5000903,Soo_River,Hydro_NonPumped,9,73948.68,NULL,6.737849908,0.05,0.019,NULL,NULL,200,0,FALSE,FALSE,FALSE,Water,NULL,NULL,NULL,0,0,0,NULL,NULL,NULL,NULL,NULL,NULL,NULL,NULL,NULL,NULL
5000904,South_Sutton_Creek_Hydro_Project,Hydro_NonPumped,9,73948.68,NULL,6.737849908,0.05,0.019,NULL,NULL,200,0,FALSE,FALSE,FALSE,Water,NULL,NULL,NULL,0,0,0,NULL,NULL,NULL,NULL,NULL,NULL,NULL,NULL,NULL,NULL
5000905,Spillimacheen,Hydro_NonPumped,9,73948.68,NULL,6.737849908,0.05,0.019,NULL,NULL,200,0,FALSE,FALSE,FALSE,Water,NULL,NULL,NULL,0,0,0,NULL,NULL,NULL,NULL,NULL,NULL,NULL,NULL,NULL,NULL
5000906,S_Slocan,Hydro_NonPumped,9,73948.68,NULL,6.737849908,0.05,0.019,NULL,NULL,200,0,FALSE,FALSE,FALSE,Water,NULL,NULL,NULL,0,0,0,NULL,NULL,NULL,NULL,NULL,NULL,NULL,NULL,NULL,NULL
5000907,Stave_Falls,Hydro_NonPumped,9,73948.68,NULL,6.737849908,0.05,0.019,NULL,NULL,200,0,FALSE,FALSE,FALSE,Water,NULL,NULL,NULL,0,0,0,NULL,NULL,NULL,NULL,NULL,NULL,NULL,NULL,NULL,NULL
5000908,St_Mary,Hydro_NonPumped,9,73948.68,NULL,6.737849908,0.05,0.019,NULL,NULL,200,0,FALSE,FALSE,FALSE,Water,NULL,NULL,NULL,0,0,0,NULL,NULL,NULL,NULL,NULL,NULL,NULL,NULL,NULL,NULL
5000909,Stokke_Creek,Hydro_NonPumped,9,73948.68,NULL,6.737849908,0.05,0.019,NULL,NULL,200,0,FALSE,FALSE,FALSE,Water,NULL,NULL,NULL,0,0,0,NULL,NULL,NULL,NULL,NULL,NULL,NULL,NULL,NULL,NULL
5000910,Strathcona,Hydro_NonPumped,9,73948.68,NULL,6.737849908,0.05,0.019,NULL,NULL,200,0,FALSE,FALSE,FALSE,Water,NULL,NULL,NULL,0,0,0,NULL,NULL,NULL,NULL,NULL,NULL,NULL,NULL,NULL,NULL
5000911,Tennant_Lake,Hydro_NonPumped,9,73948.68,NULL,6.737849908,0.05,0.019,NULL,NULL,200,0,FALSE,FALSE,FALSE,Water,NULL,NULL,NULL,0,0,0,NULL,NULL,NULL,NULL,NULL,NULL,NULL,NULL,NULL,NULL
5000912,Thelwood_Hydro,Hydro_NonPumped,9,73948.68,NULL,6.737849908,0.05,0.019,NULL,NULL,200,0,FALSE,FALSE,FALSE,Water,NULL,NULL,NULL,0,0,0,NULL,NULL,NULL,NULL,NULL,NULL,NULL,NULL,NULL,NULL
5000913,Tipella_Creek,Hydro_NonPumped,9,73948.68,NULL,6.737849908,0.05,0.019,NULL,NULL,200,0,FALSE,FALSE,FALSE,Water,NULL,NULL,NULL,0,0,0,NULL,NULL,NULL,NULL,NULL,NULL,NULL,NULL,NULL,NULL
5000914,Tyson_Creek_Hydroelectric_Project,Hydro_NonPumped,9,73948.68,NULL,6.737849908,0.05,0.019,NULL,NULL,200,0,FALSE,FALSE,FALSE,Water,NULL,NULL,NULL,0,0,0,NULL,NULL,NULL,NULL,NULL,NULL,NULL,NULL,NULL,NULL
5000915,U_Bonnington,Hydro_NonPumped,9,73948.68,NULL,6.737849908,0.05,0.019,NULL,NULL,200,0,FALSE,FALSE,FALSE,Water,NULL,NULL,NULL,0,0,0,NULL,NULL,NULL,NULL,NULL,NULL,NULL,NULL,NULL,NULL
5000916,Upper_Clowhom,Hydro_NonPumped,9,73948.68,NULL,6.737849908,0.05,0.019,NULL,NULL,200,0,FALSE,FALSE,FALSE,Water,NULL,NULL,NULL,0,0,0,NULL,NULL,NULL,NULL,NULL,NULL,NULL,NULL,NULL,NULL
5000917,Upper_Mamquam_Hydro,Hydro_NonPumped,9,73948.68,NULL,6.737849908,0.05,0.019,NULL,NULL,200,0,FALSE,FALSE,FALSE,Water,NULL,NULL,NULL,0,0,0,NULL,NULL,NULL,NULL,NULL,NULL,NULL,NULL,NULL,NULL
5000918,Upper_Stave_Creek,Hydro_NonPumped,9,73948.68,NULL,6.737849908,0.05,0.019,NULL,NULL,200,0,FALSE,FALSE,FALSE,Water,NULL,NULL,NULL,0,0,0,NULL,NULL,NULL,NULL,NULL,NULL,NULL,NULL,NULL,NULL
5000919,Wahleach,Hydro_NonPumped,9,73948.68,NULL,6.737849908,0.05,0.019,NULL,NULL,200,0,FALSE,FALSE,FALSE,Water,NULL,NULL,NULL,0,0,0,NULL,NULL,NULL,NULL,NULL,NULL,NULL,NULL,NULL,NULL
5000920,Walden_CN,Hydro_NonPumped,9,73948.68,NULL,6.737849908,0.05,0.019,NULL,NULL,200,0,FALSE,FALSE,FALSE,Water,NULL,NULL,NULL,0,0,0,NULL,NULL,NULL,NULL,NULL,NULL,NULL,NULL,NULL,NULL
5000921,Walter_Hardman,Hydro_NonPumped,9,73948.68,NULL,6.737849908,0.05,0.019,NULL,NULL,200,0,FALSE,FALSE,FALSE,Water,NULL,NULL,NULL,0,0,0,NULL,NULL,NULL,NULL,NULL,NULL,NULL,NULL,NULL,NULL
5000922,Waneta,Hydro_NonPumped,9,73948.68,NULL,6.737849908,0.05,0.019,NULL,NULL,200,0,FALSE,FALSE,FALSE,Water,NULL,NULL,NULL,0,0,0,NULL,NULL,NULL,NULL,NULL,NULL,NULL,NULL,NULL,NULL
5000923,Whatshan,Hydro_NonPumped,9,73948.68,NULL,6.737849908,0.05,0.019,NULL,NULL,200,0,FALSE,FALSE,FALSE,Water,NULL,NULL,NULL,0,0,0,NULL,NULL,NULL,NULL,NULL,NULL,NULL,NULL,NULL,NULL
1157631013,Calgary1,CCGT,8,73948.68,NULL,4.121318255,0.04,0.06,7.099999905,NULL,20,0,FALSE,FALSE,FALSE,Gas,NULL,NULL,NULL,0.4,9.16,11.845,NULL,NULL,NULL,NULL,NULL,NULL,NULL,NULL,NULL,NULL
1157631014,CCCPrsd2,CCGT,28,66201.59,NULL,3.689561105,0.04,0.06,7.099999905,NULL,20,0,FALSE,FALSE,FALSE,Gas,NULL,NULL,NULL,0.4,9.16,11.845,NULL,NULL,NULL,NULL,NULL,NULL,NULL,NULL,NULL,NULL
1157631015,ScotfordST,CCGT_Cogen,8,73948.68,NULL,4.121318255,0.04,0.06,7.099999905,NULL,20,0,FALSE,TRUE,TRUE,Gas,NULL,NULL,NULL,1,0,0,NULL,NULL,NULL,NULL,NULL,NULL,NULL,NULL,NULL,NULL
1157631016,NovaJffr1A,CCGT_Cogen,8,73948.68,NULL,4.121318255,0.04,0.06,7.099999905,NULL,20,0,FALSE,TRUE,TRUE,Gas,NULL,NULL,NULL,1,0,0,NULL,NULL,NULL,NULL,NULL,NULL,NULL,NULL,NULL,NULL
1157631017,LaRosit3,CCGT,28,66201.59,NULL,3.689561105,0.04,0.06,7.099999905,NULL,20,0,FALSE,FALSE,FALSE,Gas,NULL,NULL,NULL,0.4,9.16,11.845,NULL,NULL,NULL,NULL,NULL,NULL,NULL,NULL,NULL,NULL
1157631018,BearCrk1,CCGT,8,73948.68,NULL,4.121318255,0.04,0.06,7.099999905,NULL,20,0,FALSE,FALSE,FALSE,Gas,NULL,NULL,NULL,0.4,9.16,11.845,NULL,NULL,NULL,NULL,NULL,NULL,NULL,NULL,NULL,NULL
1157631019,LaRosit1,CCGT,28,66201.59,NULL,3.689561105,0.04,0.06,7.099999905,NULL,20,0,FALSE,FALSE,FALSE,Gas,NULL,NULL,NULL,0.4,9.16,11.845,NULL,NULL,NULL,NULL,NULL,NULL,NULL,NULL,NULL,NULL
1157631020,NovaJffr1B,CCGT_Cogen,8,73948.68,NULL,4.121318255,0.04,0.06,7.099999905,NULL,20,0,FALSE,TRUE,TRUE,Gas,NULL,NULL,NULL,1,0,0,NULL,NULL,NULL,NULL,NULL,NULL,NULL,NULL,NULL,NULL
1157631021,GenCC_CFE_1,CCGT,28,66201.59,NULL,3.689561105,0.04,0.06,7.099999905,NULL,20,0,FALSE,FALSE,FALSE,Gas,NULL,NULL,NULL,0.4,9.16,11.845,NULL,NULL,NULL,NULL,NULL,NULL,NULL,NULL,NULL,NULL
1157631022,VICFT,CCGT,9,73948.68,NULL,4.121318255,0.04,0.06,7.099999905,NULL,20,0,FALSE,FALSE,FALSE,Gas,NULL,NULL,NULL,0.4,9.16,11.845,NULL,NULL,NULL,NULL,NULL,NULL,NULL,NULL,NULL,NULL
1157631023,CCCPrsd1,CCGT,28,66201.59,NULL,3.689561105,0.04,0.06,7.099999905,NULL,20,0,FALSE,FALSE,FALSE,Gas,NULL,NULL,NULL,0.4,9.16,11.845,NULL,NULL,NULL,NULL,NULL,NULL,NULL,NULL,NULL,NULL
1157631024,JoffrCgnP,CCGT_Cogen,8,73948.68,NULL,4.121318255,0.04,0.06,7.099999905,NULL,20,0,FALSE,TRUE,TRUE,Gas,NULL,NULL,NULL,1,0,0,NULL,NULL,NULL,NULL,NULL,NULL,NULL,NULL,NULL,NULL
1157631025,VancIsland2,CCGT,9,73948.68,NULL,4.121318255,0.04,0.06,6.800000191,NULL,20,0,FALSE,FALSE,FALSE,Gas,NULL,NULL,NULL,0.4,9.16,11.845,NULL,NULL,NULL,NULL,NULL,NULL,NULL,NULL,NULL,NULL
1157631026,DowChmcl2,CCGT_Cogen,8,73948.68,NULL,4.121318255,0.04,0.06,7.099999905,NULL,20,0,FALSE,TRUE,TRUE,Gas,NULL,NULL,NULL,1,0,0,NULL,NULL,NULL,NULL,NULL,NULL,NULL,NULL,NULL,NULL
1157631027,DowChmcl1,CCGT_Cogen,8,73948.68,NULL,4.121318255,0.04,0.06,7.099999905,NULL,20,0,FALSE,TRUE,TRUE,Gas,NULL,NULL,NULL,1,0,0,NULL,NULL,NULL,NULL,NULL,NULL,NULL,NULL,NULL,NULL
1157631028,PJX_3_1,CCGT,28,66201.59,NULL,3.689561105,0.04,0.06,7.099999905,NULL,20,0,FALSE,FALSE,FALSE,Gas,NULL,NULL,NULL,0.4,9.16,11.845,NULL,NULL,NULL,NULL,NULL,NULL,NULL,NULL,NULL,NULL
1157631029,IslndCgn,CCGT_Cogen,9,73948.68,NULL,4.121318255,0.04,0.06,7.099999905,NULL,20,0,FALSE,TRUE,TRUE,Gas,NULL,NULL,NULL,1,0,0,NULL,NULL,NULL,NULL,NULL,NULL,NULL,NULL,NULL,NULL
1157631030,DowABST,CCGT,8,73948.68,NULL,4.121318255,0.04,0.06,7.099999905,NULL,20,0,FALSE,FALSE,FALSE,Gas,NULL,NULL,NULL,0.4,9.16,11.845,NULL,NULL,NULL,NULL,NULL,NULL,NULL,NULL,NULL,NULL
1157631031,Cavalier1,CCGT_Cogen,8,73948.68,NULL,4.121318255,0.04,0.06,7.099999905,NULL,20,0,FALSE,TRUE,TRUE,Gas,NULL,NULL,NULL,1,0,0,NULL,NULL,NULL,NULL,NULL,NULL,NULL,NULL,NULL,NULL
1157631032,AirLiqd1,CCGT_Cogen,8,73948.68,NULL,4.121318255,0.04,0.06,7.099999905,NULL,20,0,FALSE,TRUE,TRUE,Gas,NULL,NULL,NULL,1,0,0,NULL,NULL,NULL,NULL,NULL,NULL,NULL,NULL,NULL,NULL
1157631033,Balzac1,CCGT_Cogen,8,73948.68,NULL,4.121318255,0.04,0.06,7.099999905,NULL,20,0,FALSE,TRUE,TRUE,Gas,NULL,NULL,NULL,1,0,0,NULL,NULL,NULL,NULL,NULL,NULL,NULL,NULL,NULL,NULL
1157631034,BAJA-SL,CCGT,28,66201.59,NULL,3.689561105,0.04,0.06,7.099999905,NULL,20,0,FALSE,FALSE,FALSE,Gas,NULL,NULL,NULL,0.4,9.16,11.845,NULL,NULL,NULL,NULL,NULL,NULL,NULL,NULL,NULL,NULL
1157631035,Wabamun4,Coal_Steam_Turbine,8,73948.68,NULL,4.166237224,0.06,0.1,11.64999962,NULL,40,0,FALSE,FALSE,FALSE,Coal,NULL,NULL,NULL,0.7,0,0,NULL,NULL,NULL,NULL,NULL,NULL,NULL,NULL,NULL,NULL
1157631036,Sundanc3,Coal_Steam_Turbine,8,73948.68,NULL,4.166237224,0.06,0.1,10.59000015,NULL,40,0,FALSE,FALSE,FALSE,Coal,NULL,NULL,NULL,0.7,0,0,NULL,NULL,NULL,NULL,NULL,NULL,NULL,NULL,NULL,NULL
1157631037,Sundanc4,Coal_Steam_Turbine,8,73948.68,NULL,4.166237224,0.06,0.1,10.59000015,NULL,40,0,FALSE,FALSE,FALSE,Coal,NULL,NULL,NULL,0.7,0,0,NULL,NULL,NULL,NULL,NULL,NULL,NULL,NULL,NULL,NULL
1157631038,Sundanc5,Coal_Steam_Turbine,8,73948.68,NULL,4.166237224,0.06,0.1,10.59000015,NULL,40,0,FALSE,FALSE,FALSE,Coal,NULL,NULL,NULL,0.7,0,0,NULL,NULL,NULL,NULL,NULL,NULL,NULL,NULL,NULL,NULL
1157631039,Sundanc6,Coal_Steam_Turbine,8,73948.68,NULL,4.166237224,0.06,0.1,10.59000015,NULL,40,0,FALSE,FALSE,FALSE,Coal,NULL,NULL,NULL,0.7,0,0,NULL,NULL,NULL,NULL,NULL,NULL,NULL,NULL,NULL,NULL
1157631040,Kephlls2,Coal_Steam_Turbine,8,73948.68,NULL,4.166237224,0.06,0.1,10.59000015,NULL,40,0,FALSE,FALSE,FALSE,Coal,NULL,NULL,NULL,0.7,0,0,NULL,NULL,NULL,NULL,NULL,NULL,NULL,NULL,NULL,NULL
1157631041,Kephlls1,Coal_Steam_Turbine,8,73948.68,NULL,4.166237224,0.06,0.1,10.59000015,NULL,40,0,FALSE,FALSE,FALSE,Coal,NULL,NULL,NULL,0.7,0,0,NULL,NULL,NULL,NULL,NULL,NULL,NULL,NULL,NULL,NULL
1157631042,Genesee1,Coal_Steam_Turbine,8,73948.68,NULL,4.166237224,0.06,0.1,10.59000015,NULL,40,0,FALSE,FALSE,FALSE,Coal,NULL,NULL,NULL,0.7,0,0,NULL,NULL,NULL,NULL,NULL,NULL,NULL,NULL,NULL,NULL
1157631043,BAT_#5_5,Coal_Steam_Turbine,8,73948.68,NULL,4.166237224,0.06,0.1,10.59000015,NULL,40,0,FALSE,FALSE,FALSE,Coal,NULL,NULL,NULL,0.7,0,0,NULL,NULL,NULL,NULL,NULL,NULL,NULL,NULL,NULL,NULL
1157631044,BAT_#3_3,Coal_Steam_Turbine,8,73948.68,NULL,4.166237224,0.06,0.1,10.59000015,NULL,40,0,FALSE,FALSE,FALSE,Coal,NULL,NULL,NULL,0.7,0,0,NULL,NULL,NULL,NULL,NULL,NULL,NULL,NULL,NULL,NULL
1157631045,BAT_#4_4,Coal_Steam_Turbine,8,73948.68,NULL,4.166237224,0.06,0.1,10.59000015,NULL,40,0,FALSE,FALSE,FALSE,Coal,NULL,NULL,NULL,0.7,0,0,NULL,NULL,NULL,NULL,NULL,NULL,NULL,NULL,NULL,NULL
1157631046,Genesee2,Coal_Steam_Turbine,8,73948.68,NULL,4.166237224,0.06,0.1,10.59000015,NULL,40,0,FALSE,FALSE,FALSE,Coal,NULL,NULL,NULL,0.7,0,0,NULL,NULL,NULL,NULL,NULL,NULL,NULL,NULL,NULL,NULL
1157631047,Shernss1,Coal_Steam_Turbine,8,73948.68,NULL,4.166237224,0.06,0.1,10.59000015,NULL,40,0,FALSE,FALSE,FALSE,Coal,NULL,NULL,NULL,0.7,0,0,NULL,NULL,NULL,NULL,NULL,NULL,NULL,NULL,NULL,NULL
1157631048,Sundanc1,Coal_Steam_Turbine,8,73948.68,NULL,4.166237224,0.06,0.1,10.59000015,NULL,40,0,FALSE,FALSE,FALSE,Coal,NULL,NULL,NULL,0.7,0,0,NULL,NULL,NULL,NULL,NULL,NULL,NULL,NULL,NULL,NULL
1157631049,Shernss2,Coal_Steam_Turbine,8,73948.68,NULL,4.166237224,0.06,0.1,10.59000015,NULL,40,0,FALSE,FALSE,FALSE,Coal,NULL,NULL,NULL,0.7,0,0,NULL,NULL,NULL,NULL,NULL,NULL,NULL,NULL,NULL,NULL
1157631050,Sundanc2,Coal_Steam_Turbine,8,73948.68,NULL,4.166237224,0.06,0.1,10.59000015,NULL,40,0,FALSE,FALSE,FALSE,Coal,NULL,NULL,NULL,0.7,0,0,NULL,NULL,NULL,NULL,NULL,NULL,NULL,NULL,NULL,NULL
1157631051,Cancarb1,Coal_Steam_Turbine_Cogen,8,73948.68,NULL,4.166237224,0.06,0.1,8.742830276,NULL,40,0,FALSE,TRUE,TRUE,Coal,NULL,NULL,NULL,1,0,0,NULL,NULL,NULL,NULL,NULL,NULL,NULL,NULL,NULL,NULL
1157631052,Genesee3,Coal_Steam_Turbine,8,73948.68,NULL,4.166237224,0.06,0.1,8.890000343,NULL,40,0,FALSE,FALSE,FALSE,Coal,NULL,NULL,NULL,0.7,0,0,NULL,NULL,NULL,NULL,NULL,NULL,NULL,NULL,NULL,NULL
1157631053,SC_FirebagS3_2,Gas_Combustion_Turbine_Cogen,8,73948.68,NULL,33.57695154,0.03,0.05,6.130770206,NULL,20,0,FALSE,TRUE,TRUE,Gas,NULL,NULL,NULL,1,0,0,NULL,NULL,NULL,NULL,NULL,NULL,NULL,NULL,NULL,NULL
1157631054,SC_FirebagS3_1,Gas_Combustion_Turbine_Cogen,8,73948.68,NULL,33.57695154,0.03,0.05,6.130770206,NULL,20,0,FALSE,TRUE,TRUE,Gas,NULL,NULL,NULL,1,0,0,NULL,NULL,NULL,NULL,NULL,NULL,NULL,NULL,NULL,NULL
1157631055,SC_FirebagS2_1,Gas_Combustion_Turbine_Cogen,8,73948.68,NULL,33.57695154,0.03,0.05,6.130770206,NULL,20,0,FALSE,TRUE,TRUE,Gas,NULL,NULL,NULL,1,0,0,NULL,NULL,NULL,NULL,NULL,NULL,NULL,NULL,NULL,NULL
1157631056,MuskgRvr1,Gas_Combustion_Turbine_Cogen,8,73948.68,NULL,33.57695154,0.03,0.05,6.130770206,NULL,20,0,FALSE,TRUE,TRUE,Gas,NULL,NULL,NULL,1,0,0,NULL,NULL,NULL,NULL,NULL,NULL,NULL,NULL,NULL,NULL
1157631057,PdtJrzG3,Gas_Combustion_Turbine,28,66201.59,NULL,30.05936614,0.03,0.05,10.64000034,NULL,20,0,FALSE,FALSE,FALSE,Gas,NULL,NULL,NULL,0,0.22,0.989,NULL,NULL,NULL,NULL,NULL,NULL,NULL,NULL,NULL,NULL
1157631058,ON_LongLk2,Gas_Combustion_Turbine,8,73948.68,NULL,33.57695154,0.03,0.05,10.64000034,NULL,20,0,FALSE,FALSE,FALSE,Gas,NULL,NULL,NULL,0,0.22,0.989,NULL,NULL,NULL,NULL,NULL,NULL,NULL,NULL,NULL,NULL
1157631059,EPCR_Clvrbr_3,Gas_Combustion_Turbine,8,73948.68,NULL,33.57695154,0.03,0.05,10.64000034,NULL,20,0,FALSE,FALSE,FALSE,Gas,NULL,NULL,NULL,0,0.22,0.989,NULL,NULL,NULL,NULL,NULL,NULL,NULL,NULL,NULL,NULL
1157631060,ON_LongLk1,Gas_Combustion_Turbine,8,73948.68,NULL,33.57695154,0.03,0.05,10.64000034,NULL,20,0,FALSE,FALSE,FALSE,Gas,NULL,NULL,NULL,0,0.22,0.989,NULL,NULL,NULL,NULL,NULL,NULL,NULL,NULL,NULL,NULL
1157631061,NrthPrairie1,Gas_Combustion_Turbine,8,73948.68,NULL,33.57695154,0.03,0.05,10.64000034,NULL,20,0,FALSE,FALSE,FALSE,Gas,NULL,NULL,NULL,0,0.22,0.989,NULL,NULL,NULL,NULL,NULL,NULL,NULL,NULL,NULL,NULL
1157631062,Primros1,Gas_Combustion_Turbine_Cogen,8,73948.68,NULL,33.57695154,0.03,0.05,6.130770206,NULL,20,0,FALSE,TRUE,TRUE,Gas,NULL,NULL,NULL,1,0,0,NULL,NULL,NULL,NULL,NULL,NULL,NULL,NULL,NULL,NULL
1157631063,MuskgRvr2,Gas_Combustion_Turbine_Cogen,8,73948.68,NULL,33.57695154,0.03,0.05,6.130770206,NULL,20,0,FALSE,TRUE,TRUE,Gas,NULL,NULL,NULL,1,0,0,NULL,NULL,NULL,NULL,NULL,NULL,NULL,NULL,NULL,NULL
1157631064,Mackay,Gas_Combustion_Turbine_Cogen,8,73948.68,NULL,33.57695154,0.03,0.05,6.130770206,NULL,20,0,FALSE,TRUE,TRUE,Gas,NULL,NULL,NULL,1,0,0,NULL,NULL,NULL,NULL,NULL,NULL,NULL,NULL,NULL,NULL
1157631065,ENMX_Crsfld_1,Gas_Combustion_Turbine,8,73948.68,NULL,33.57695154,0.03,0.05,10.64000034,NULL,20,0,FALSE,FALSE,FALSE,Gas,NULL,NULL,NULL,0,0.22,0.989,NULL,NULL,NULL,NULL,NULL,NULL,NULL,NULL,NULL,NULL
1157631066,ColdLake1,Gas_Combustion_Turbine_Cogen,8,73948.68,NULL,33.57695154,0.03,0.05,6.130770206,NULL,20,0,FALSE,TRUE,TRUE,Gas,NULL,NULL,NULL,1,0,0,NULL,NULL,NULL,NULL,NULL,NULL,NULL,NULL,NULL,NULL
1157631067,EPCR_Clvrbr_2,Gas_Combustion_Turbine,8,73948.68,NULL,33.57695154,0.03,0.05,10.64000034,NULL,20,0,FALSE,FALSE,FALSE,Gas,NULL,NULL,NULL,0,0.22,0.989,NULL,NULL,NULL,NULL,NULL,NULL,NULL,NULL,NULL,NULL
1157631068,ColdLake2,Gas_Combustion_Turbine_Cogen,8,73948.68,NULL,33.57695154,0.03,0.05,6.130770206,NULL,20,0,FALSE,TRUE,TRUE,Gas,NULL,NULL,NULL,1,0,0,NULL,NULL,NULL,NULL,NULL,NULL,NULL,NULL,NULL,NULL
1157631069,MedcnHt5,Gas_Combustion_Turbine,8,73948.68,NULL,33.57695154,0.03,0.05,10.80000019,NULL,20,0,FALSE,FALSE,FALSE,Gas,NULL,NULL,NULL,0,0.22,0.989,NULL,NULL,NULL,NULL,NULL,NULL,NULL,NULL,NULL,NULL
1157631070,RuprtGT1,Gas_Combustion_Turbine,9,73948.68,NULL,33.57695154,0.03,0.05,10.80000019,NULL,20,0,FALSE,FALSE,FALSE,Gas,NULL,NULL,NULL,0,0.22,0.989,NULL,NULL,NULL,NULL,NULL,NULL,NULL,NULL,NULL,NULL
1157631071,MedcnHt8,Gas_Combustion_Turbine,8,73948.68,NULL,33.57695154,0.03,0.05,10.80000019,NULL,20,0,FALSE,FALSE,FALSE,Gas,NULL,NULL,NULL,0,0.22,0.989,NULL,NULL,NULL,NULL,NULL,NULL,NULL,NULL,NULL,NULL
1157631072,MedcnHt9,Gas_Combustion_Turbine,8,73948.68,NULL,33.57695154,0.03,0.05,10.80000019,NULL,20,0,FALSE,FALSE,FALSE,Gas,NULL,NULL,NULL,0,0.22,0.989,NULL,NULL,NULL,NULL,NULL,NULL,NULL,NULL,NULL,NULL
1157631073,MillerCrk,Gas_Combustion_Turbine,9,73948.68,NULL,33.57695154,0.03,0.05,10.80000019,NULL,20,0,FALSE,FALSE,FALSE,Gas,NULL,NULL,NULL,0,0.22,0.989,NULL,NULL,NULL,NULL,NULL,NULL,NULL,NULL,NULL,NULL
1157631074,MedcnHt7,Gas_Combustion_Turbine,8,73948.68,NULL,33.57695154,0.03,0.05,10.80000019,NULL,20,0,FALSE,FALSE,FALSE,Gas,NULL,NULL,NULL,0,0.22,0.989,NULL,NULL,NULL,NULL,NULL,NULL,NULL,NULL,NULL,NULL
1157631075,Riverside,Gas_Combustion_Turbine,9,73948.68,NULL,33.57695154,0.03,0.05,10.80000019,NULL,20,0,FALSE,FALSE,FALSE,Gas,NULL,NULL,NULL,0,0.22,0.989,NULL,NULL,NULL,NULL,NULL,NULL,NULL,NULL,NULL,NULL
1157631076,PdtJrzG2,Gas_Combustion_Turbine,28,66201.59,NULL,30.05936614,0.03,0.05,10.80000019,NULL,20,0,FALSE,FALSE,FALSE,Gas,NULL,NULL,NULL,0,0.22,0.989,NULL,NULL,NULL,NULL,NULL,NULL,NULL,NULL,NULL,NULL
1157631077,RuprtGT2,Gas_Combustion_Turbine,9,73948.68,NULL,33.57695154,0.03,0.05,10.80000019,NULL,20,0,FALSE,FALSE,FALSE,Gas,NULL,NULL,NULL,0,0.22,0.989,NULL,NULL,NULL,NULL,NULL,NULL,NULL,NULL,NULL,NULL
1157631078,PdtJrzG1,Gas_Combustion_Turbine,28,66201.59,NULL,30.05936614,0.03,0.05,10.80000019,NULL,20,0,FALSE,FALSE,FALSE,Gas,NULL,NULL,NULL,0,0.22,0.989,NULL,NULL,NULL,NULL,NULL,NULL,NULL,NULL,NULL,NULL
1157631079,Crestbrook,Gas_Combustion_Turbine,9,73948.68,NULL,33.57695154,0.03,0.05,10.80000019,NULL,20,0,FALSE,FALSE,FALSE,Gas,NULL,NULL,NULL,0,0.22,0.989,NULL,NULL,NULL,NULL,NULL,NULL,NULL,NULL,NULL,NULL
1157631080,Walden1,Gas_Combustion_Turbine,9,73948.68,NULL,33.57695154,0.03,0.05,10.80000019,NULL,20,0,FALSE,FALSE,FALSE,Gas,NULL,NULL,NULL,0,0.22,0.989,NULL,NULL,NULL,NULL,NULL,NULL,NULL,NULL,NULL,NULL
1157631081,Alkokolex,Gas_Combustion_Turbine,9,73948.68,NULL,33.57695154,0.03,0.05,10.80000019,NULL,20,0,FALSE,FALSE,FALSE,Gas,NULL,NULL,NULL,0,0.22,0.989,NULL,NULL,NULL,NULL,NULL,NULL,NULL,NULL,NULL,NULL
1157631082,WstCstn1,Gas_Combustion_Turbine_Cogen,9,73948.68,NULL,33.57695154,0.03,0.05,6.130770206,NULL,20,0,FALSE,TRUE,TRUE,Gas,NULL,NULL,NULL,1,0,0,NULL,NULL,NULL,NULL,NULL,NULL,NULL,NULL,NULL,NULL
1157631083,ValleyView1,Gas_Combustion_Turbine,8,73948.68,NULL,33.57695154,0.03,0.05,11.25,NULL,20,0,FALSE,FALSE,FALSE,Gas,NULL,NULL,NULL,0,0.22,0.989,NULL,NULL,NULL,NULL,NULL,NULL,NULL,NULL,NULL,NULL
1157631084,Rainbw4,Gas_Combustion_Turbine_Cogen,8,73948.68,NULL,33.57695154,0.03,0.05,6.130770206,NULL,20,0,FALSE,TRUE,TRUE,Gas,NULL,NULL,NULL,1,0,0,NULL,NULL,NULL,NULL,NULL,NULL,NULL,NULL,NULL,NULL
1157631085,Redwater,Gas_Combustion_Turbine_Cogen,8,73948.68,NULL,33.57695154,0.03,0.05,6.130770206,NULL,20,0,FALSE,TRUE,TRUE,Gas,NULL,NULL,NULL,1,0,0,NULL,NULL,NULL,NULL,NULL,NULL,NULL,NULL,NULL,NULL
1157631086,Rainbw56,Gas_Combustion_Turbine_Cogen,8,73948.68,NULL,33.57695154,0.03,0.05,6.130770206,NULL,20,0,FALSE,TRUE,TRUE,Gas,NULL,NULL,NULL,1,0,0,NULL,NULL,NULL,NULL,NULL,NULL,NULL,NULL,NULL,NULL
1157631087,WstCstn2,Gas_Combustion_Turbine_Cogen,9,73948.68,NULL,33.57695154,0.03,0.05,6.130770206,NULL,20,0,FALSE,TRUE,TRUE,Gas,NULL,NULL,NULL,1,0,0,NULL,NULL,NULL,NULL,NULL,NULL,NULL,NULL,NULL,NULL
1157631088,Sturgeon2,Gas_Combustion_Turbine,8,73948.68,NULL,33.57695154,0.03,0.05,11.25,NULL,20,0,FALSE,FALSE,FALSE,Gas,NULL,NULL,NULL,0,0.22,0.989,NULL,NULL,NULL,NULL,NULL,NULL,NULL,NULL,NULL,NULL
1157631089,Sturgeon1,Gas_Combustion_Turbine,8,73948.68,NULL,33.57695154,0.03,0.05,11.25,NULL,20,0,FALSE,FALSE,FALSE,Gas,NULL,NULL,NULL,0,0.22,0.989,NULL,NULL,NULL,NULL,NULL,NULL,NULL,NULL,NULL,NULL
1157631090,Sturg3VV,Gas_Combustion_Turbine,8,73948.68,NULL,33.57695154,0.03,0.05,11.25,NULL,20,0,FALSE,FALSE,FALSE,Gas,NULL,NULL,NULL,0,0.22,0.989,NULL,NULL,NULL,NULL,NULL,NULL,NULL,NULL,NULL,NULL
1157631091,Carslnd1,Gas_Combustion_Turbine_Cogen,8,73948.68,NULL,33.57695154,0.03,0.05,6.130770206,NULL,20,0,FALSE,TRUE,TRUE,Gas,NULL,NULL,NULL,1,0,0,NULL,NULL,NULL,NULL,NULL,NULL,NULL,NULL,NULL,NULL
1157631092,Carslnd2,Gas_Combustion_Turbine_Cogen,8,73948.68,NULL,33.57695154,0.03,0.05,6.130770206,NULL,20,0,FALSE,TRUE,TRUE,Gas,NULL,NULL,NULL,1,0,0,NULL,NULL,NULL,NULL,NULL,NULL,NULL,NULL,NULL,NULL
1157631093,MedcnHt10,Gas_Combustion_Turbine_Cogen,8,73948.68,NULL,33.57695154,0.03,0.05,6.130770206,NULL,20,0,FALSE,TRUE,TRUE,Gas,NULL,NULL,NULL,1,0,0,NULL,NULL,NULL,NULL,NULL,NULL,NULL,NULL,NULL,NULL
1157631094,Foster_Creek1,Gas_Combustion_Turbine_Cogen,8,73948.68,NULL,33.57695154,0.03,0.05,6.130770206,NULL,20,0,FALSE,TRUE,TRUE,Gas,NULL,NULL,NULL,1,0,0,NULL,NULL,NULL,NULL,NULL,NULL,NULL,NULL,NULL,NULL
1157631095,FrtNelsn1,Gas_Combustion_Turbine,8,73948.68,NULL,33.57695154,0.03,0.05,11.25,NULL,20,0,FALSE,FALSE,FALSE,Gas,NULL,NULL,NULL,0,0.22,0.989,NULL,NULL,NULL,NULL,NULL,NULL,NULL,NULL,NULL,NULL
1157631096,PplrHll1,Gas_Combustion_Turbine,8,73948.68,NULL,33.57695154,0.03,0.05,11.25,NULL,20,0,FALSE,FALSE,FALSE,Gas,NULL,NULL,NULL,0,0.22,0.989,NULL,NULL,NULL,NULL,NULL,NULL,NULL,NULL,NULL,NULL
1157631097,MedcnHt11,Gas_Combustion_Turbine,8,73948.68,NULL,33.57695154,0.03,0.05,11.25,NULL,20,0,FALSE,FALSE,FALSE,Gas,NULL,NULL,NULL,0,0.22,0.989,NULL,NULL,NULL,NULL,NULL,NULL,NULL,NULL,NULL,NULL
1157631098,EPCR_Clvrbr_1,Gas_Combustion_Turbine,8,73948.68,NULL,33.57695154,0.03,0.05,11.25,NULL,20,0,FALSE,FALSE,FALSE,Gas,NULL,NULL,NULL,0,0.22,0.989,NULL,NULL,NULL,NULL,NULL,NULL,NULL,NULL,NULL,NULL
1157631099,Foster_Creek2,Gas_Combustion_Turbine_Cogen,8,73948.68,NULL,33.57695154,0.03,0.05,6.130770206,NULL,20,0,FALSE,TRUE,TRUE,Gas,NULL,NULL,NULL,1,0,0,NULL,NULL,NULL,NULL,NULL,NULL,NULL,NULL,NULL,NULL
1157631100,CerroPrI1-2,Geothermal,28,66201.59,NULL,31.16522992,0.0075,0.0241,NULL,NULL,30,0,FALSE,TRUE,FALSE,Geothermal,NULL,NULL,NULL,1,0,0,NULL,NULL,NULL,NULL,NULL,NULL,NULL,NULL,NULL,NULL
1157631101,CerroPr2-2,Geothermal,28,66201.59,NULL,31.16522992,0.0075,0.0241,NULL,NULL,30,0,FALSE,TRUE,FALSE,Geothermal,NULL,NULL,NULL,1,0,0,NULL,NULL,NULL,NULL,NULL,NULL,NULL,NULL,NULL,NULL
1157631102,CerroPr3-1,Geothermal,28,66201.59,NULL,31.16522992,0.0075,0.0241,NULL,NULL,30,0,FALSE,TRUE,FALSE,Geothermal,NULL,NULL,NULL,1,0,0,NULL,NULL,NULL,NULL,NULL,NULL,NULL,NULL,NULL,NULL
1157631103,CerroPr3-2,Geothermal,28,66201.59,NULL,31.16522992,0.0075,0.0241,NULL,NULL,30,0,FALSE,TRUE,FALSE,Geothermal,NULL,NULL,NULL,1,0,0,NULL,NULL,NULL,NULL,NULL,NULL,NULL,NULL,NULL,NULL
1157631104,CerroPr2-1,Geothermal,28,66201.59,NULL,31.16522992,0.0075,0.0241,NULL,NULL,30,0,FALSE,TRUE,FALSE,Geothermal,NULL,NULL,NULL,1,0,0,NULL,NULL,NULL,NULL,NULL,NULL,NULL,NULL,NULL,NULL
1157631105,CerroPrI1-5,Geothermal,28,66201.59,NULL,31.16522992,0.0075,0.0241,NULL,NULL,30,0,FALSE,TRUE,FALSE,Geothermal,NULL,NULL,NULL,1,0,0,NULL,NULL,NULL,NULL,NULL,NULL,NULL,NULL,NULL,NULL
1157631106,CerroPrI1-4,Geothermal,28,66201.59,NULL,31.16522992,0.0075,0.0241,NULL,NULL,30,0,FALSE,TRUE,FALSE,Geothermal,NULL,NULL,NULL,1,0,0,NULL,NULL,NULL,NULL,NULL,NULL,NULL,NULL,NULL,NULL
1157631107,CerroPr4-1,Geothermal,28,66201.59,NULL,31.16522992,0.0075,0.0241,NULL,NULL,30,0,FALSE,TRUE,FALSE,Geothermal,NULL,NULL,NULL,1,0,0,NULL,NULL,NULL,NULL,NULL,NULL,NULL,NULL,NULL,NULL
1157631108,CerroPrI1-3,Geothermal,28,66201.59,NULL,31.16522992,0.0075,0.0241,NULL,NULL,30,0,FALSE,TRUE,FALSE,Geothermal,NULL,NULL,NULL,1,0,0,NULL,NULL,NULL,NULL,NULL,NULL,NULL,NULL,NULL,NULL
1157631109,CerroPr4-2,Geothermal,28,66201.59,NULL,31.16522992,0.0075,0.0241,NULL,NULL,30,0,FALSE,TRUE,FALSE,Geothermal,NULL,NULL,NULL,1,0,0,NULL,NULL,NULL,NULL,NULL,NULL,NULL,NULL,NULL,NULL
1157631110,CerroPr4-3,Geothermal,28,66201.59,NULL,31.16522992,0.0075,0.0241,NULL,NULL,30,0,FALSE,TRUE,FALSE,Geothermal,NULL,NULL,NULL,1,0,0,NULL,NULL,NULL,NULL,NULL,NULL,NULL,NULL,NULL,NULL
1157631111,CerroPrI1-1,Geothermal,28,66201.59,NULL,31.16522992,0.0075,0.0241,NULL,NULL,30,0,FALSE,TRUE,FALSE,Geothermal,NULL,NULL,NULL,1,0,0,NULL,NULL,NULL,NULL,NULL,NULL,NULL,NULL,NULL,NULL
1157631112,CerroPr4-4,Geothermal,28,66201.59,NULL,31.16522992,0.0075,0.0241,NULL,NULL,30,0,FALSE,TRUE,FALSE,Geothermal,NULL,NULL,NULL,1,0,0,NULL,NULL,NULL,NULL,NULL,NULL,NULL,NULL,NULL,NULL
1157631113,SYNC_UE5,Gas_Combustion_Turbine_Cogen,8,73948.68,NULL,33.57695154,0.03,0.05,3.951999903,NULL,20,0,FALSE,TRUE,TRUE,Gas,NULL,NULL,NULL,1,0,0,NULL,NULL,NULL,NULL,NULL,NULL,NULL,NULL,NULL,NULL
1157631114,MACKAYG2,Gas_Combustion_Turbine_Cogen,8,73948.68,NULL,33.57695154,0.03,0.05,3.951999903,NULL,20,0,FALSE,TRUE,TRUE,Gas,NULL,NULL,NULL,1,0,0,NULL,NULL,NULL,NULL,NULL,NULL,NULL,NULL,NULL,NULL
1157631115,MACKAYG3,Gas_Combustion_Turbine_Cogen,8,73948.68,NULL,33.57695154,0.03,0.05,3.951999903,NULL,20,0,FALSE,TRUE,TRUE,Gas,NULL,NULL,NULL,1,0,0,NULL,NULL,NULL,NULL,NULL,NULL,NULL,NULL,NULL,NULL
1157631116,SYNC_UE4,Gas_Combustion_Turbine_Cogen,8,73948.68,NULL,33.57695154,0.03,0.05,3.951999903,NULL,20,0,FALSE,TRUE,TRUE,Gas,NULL,NULL,NULL,1,0,0,NULL,NULL,NULL,NULL,NULL,NULL,NULL,NULL,NULL,NULL
1157631117,AUR_GTG2,Gas_Combustion_Turbine_Cogen,8,73948.68,NULL,33.57695154,0.03,0.05,3.951999903,NULL,20,0,FALSE,TRUE,TRUE,Gas,NULL,NULL,NULL,1,0,0,NULL,NULL,NULL,NULL,NULL,NULL,NULL,NULL,NULL,NULL
1157631118,ELMWORTH_5,Gas_Internal_Combustion_Engine,8,73948.68,NULL,33.57695154,0.03,0.05,10.11509991,NULL,20,0,FALSE,FALSE,FALSE,Gas,NULL,NULL,NULL,0,0.22,0.989,NULL,NULL,NULL,NULL,NULL,NULL,NULL,NULL,NULL,NULL
1157631119,BrrrdTh1,Gas_Steam_Turbine,9,73948.68,NULL,4.45635593,0.1288,0.0915,10.11999989,NULL,40,0,FALSE,FALSE,FALSE,Gas,NULL,NULL,NULL,0.4,8.92,11.845,NULL,NULL,NULL,NULL,NULL,NULL,NULL,NULL,NULL,NULL
1157631120,BrrrdTh2,Gas_Steam_Turbine,9,73948.68,NULL,4.45635593,0.1288,0.0915,10.11999989,NULL,40,0,FALSE,FALSE,FALSE,Gas,NULL,NULL,NULL,0.4,8.92,11.845,NULL,NULL,NULL,NULL,NULL,NULL,NULL,NULL,NULL,NULL
1157631121,BrrrdTh3,Gas_Steam_Turbine,9,73948.68,NULL,4.45635593,0.1288,0.0915,10.11999989,NULL,40,0,FALSE,FALSE,FALSE,Gas,NULL,NULL,NULL,0.4,8.92,11.845,NULL,NULL,NULL,NULL,NULL,NULL,NULL,NULL,NULL,NULL
1157631122,BrrrdTh4,Gas_Steam_Turbine,9,73948.68,NULL,4.45635593,0.1288,0.0915,10.11999989,NULL,40,0,FALSE,FALSE,FALSE,Gas,NULL,NULL,NULL,0.4,8.92,11.845,NULL,NULL,NULL,NULL,NULL,NULL,NULL,NULL,NULL,NULL
1157631123,BrrrdTh5,Gas_Steam_Turbine_Cogen,9,73948.68,NULL,4.45635593,0.1288,0.0915,5.795949936,NULL,40,0,FALSE,TRUE,TRUE,Gas,NULL,NULL,NULL,1,0,0,NULL,NULL,NULL,NULL,NULL,NULL,NULL,NULL,NULL,NULL
1157631124,BrrrdTh6,Gas_Steam_Turbine,9,73948.68,NULL,4.45635593,0.1288,0.0915,10.11999989,NULL,40,0,FALSE,FALSE,FALSE,Gas,NULL,NULL,NULL,0.4,8.92,11.845,NULL,NULL,NULL,NULL,NULL,NULL,NULL,NULL,NULL,NULL
1157631125,PdtJrz-5,Gas_Steam_Turbine,28,66201.59,NULL,3.989499594,0.1288,0.0915,9.56000042,NULL,40,0,FALSE,FALSE,FALSE,Gas,NULL,NULL,NULL,0.4,8.92,11.845,NULL,NULL,NULL,NULL,NULL,NULL,NULL,NULL,NULL,NULL
1157631126,PdtJrz-6,Gas_Steam_Turbine,28,66201.59,NULL,3.989499594,0.1288,0.0915,9.56000042,NULL,40,0,FALSE,FALSE,FALSE,Gas,NULL,NULL,NULL,0.4,8.92,11.845,NULL,NULL,NULL,NULL,NULL,NULL,NULL,NULL,NULL,NULL
1157631127,MedcnHt12,Gas_Steam_Turbine,8,73948.68,NULL,4.45635593,0.1288,0.0915,10.43999958,NULL,40,0,FALSE,FALSE,FALSE,Gas,NULL,NULL,NULL,0.4,8.92,11.845,NULL,NULL,NULL,NULL,NULL,NULL,NULL,NULL,NULL,NULL
1157631128,Weldwood1,Gas_Steam_Turbine_Cogen,8,73948.68,NULL,4.45635593,0.1288,0.0915,5.795949936,NULL,40,0,FALSE,TRUE,TRUE,Gas,NULL,NULL,NULL,1,0,0,NULL,NULL,NULL,NULL,NULL,NULL,NULL,NULL,NULL,NULL
1157631129,Weldwood2,Gas_Steam_Turbine_Cogen,8,73948.68,NULL,4.45635593,0.1288,0.0915,5.795949936,NULL,40,0,FALSE,TRUE,TRUE,Gas,NULL,NULL,NULL,1,0,0,NULL,NULL,NULL,NULL,NULL,NULL,NULL,NULL,NULL,NULL
1157631130,HORUP6_1,Gas_Steam_Turbine,8,73948.68,NULL,4.45635593,0.1288,0.0915,10.43999958,NULL,40,0,FALSE,FALSE,FALSE,Gas,NULL,NULL,NULL,0.4,8.92,11.845,NULL,NULL,NULL,NULL,NULL,NULL,NULL,NULL,NULL,NULL
1157631131,MedcnHt3,Gas_Steam_Turbine,8,73948.68,NULL,4.45635593,0.1288,0.0915,10.43999958,NULL,40,0,FALSE,FALSE,FALSE,Gas,NULL,NULL,NULL,0.4,8.92,11.845,NULL,NULL,NULL,NULL,NULL,NULL,NULL,NULL,NULL,NULL
1157631165,Wind_EP_Can_1,Wind,8,73948.68,NULL,0,0.05,0.006,NULL,NULL,30,0,TRUE,FALSE,FALSE,Wind,NULL,NULL,NULL,0,0,0,NULL,NULL,NULL,NULL,NULL,NULL,NULL,NULL,NULL,NULL
1157631166,Wind_EP_Can_2,Wind,8,73948.68,NULL,0,0.05,0.006,NULL,NULL,30,0,TRUE,FALSE,FALSE,Wind,NULL,NULL,NULL,0,0,0,NULL,NULL,NULL,NULL,NULL,NULL,NULL,NULL,NULL,NULL
1157631167,Wind_EP_Can_3,Wind,8,73948.68,NULL,0,0.05,0.006,NULL,NULL,30,0,TRUE,FALSE,FALSE,Wind,NULL,NULL,NULL,0,0,0,NULL,NULL,NULL,NULL,NULL,NULL,NULL,NULL,NULL,NULL
1157631168,Wind_EP_Can_4,Wind,8,73948.68,NULL,0,0.05,0.006,NULL,NULL,30,0,TRUE,FALSE,FALSE,Wind,NULL,NULL,NULL,0,0,0,NULL,NULL,NULL,NULL,NULL,NULL,NULL,NULL,NULL,NULL
1157631169,Wind_EP_Can_5,Wind,8,73948.68,NULL,0,0.05,0.006,NULL,NULL,30,0,TRUE,FALSE,FALSE,Wind,NULL,NULL,NULL,0,0,0,NULL,NULL,NULL,NULL,NULL,NULL,NULL,NULL,NULL,NULL
1157631170,Wind_EP_Can_6,Wind,8,73948.68,NULL,0,0.05,0.006,NULL,NULL,30,0,TRUE,FALSE,FALSE,Wind,NULL,NULL,NULL,0,0,0,NULL,NULL,NULL,NULL,NULL,NULL,NULL,NULL,NULL,NULL
1157631171,Wind_EP_Can_7,Wind,8,73948.68,NULL,0,0.05,0.006,NULL,NULL,30,0,TRUE,FALSE,FALSE,Wind,NULL,NULL,NULL,0,0,0,NULL,NULL,NULL,NULL,NULL,NULL,NULL,NULL,NULL,NULL
1157631172,Wind_EP_Can_8,Wind,8,73948.68,NULL,0,0.05,0.006,NULL,NULL,30,0,TRUE,FALSE,FALSE,Wind,NULL,NULL,NULL,0,0,0,NULL,NULL,NULL,NULL,NULL,NULL,NULL,NULL,NULL,NULL
1157631173,Wind_EP_Can_9,Wind,8,73948.68,NULL,0,0.05,0.006,NULL,NULL,30,0,TRUE,FALSE,FALSE,Wind,NULL,NULL,NULL,0,0,0,NULL,NULL,NULL,NULL,NULL,NULL,NULL,NULL,NULL,NULL
1157631174,Wind_EP_Can_10,Wind,8,73948.68,NULL,0,0.05,0.006,NULL,NULL,30,0,TRUE,FALSE,FALSE,Wind,NULL,NULL,NULL,0,0,0,NULL,NULL,NULL,NULL,NULL,NULL,NULL,NULL,NULL,NULL
1157631175,Wind_EP_Can_11,Wind,8,73948.68,NULL,0,0.05,0.006,NULL,NULL,30,0,TRUE,FALSE,FALSE,Wind,NULL,NULL,NULL,0,0,0,NULL,NULL,NULL,NULL,NULL,NULL,NULL,NULL,NULL,NULL
1157631176,Wind_EP_Can_12,Wind,8,73948.68,NULL,0,0.05,0.006,NULL,NULL,30,0,TRUE,FALSE,FALSE,Wind,NULL,NULL,NULL,0,0,0,NULL,NULL,NULL,NULL,NULL,NULL,NULL,NULL,NULL,NULL
1157631177,Wind_EP_Can_13,Wind,8,73948.68,NULL,0,0.05,0.006,NULL,NULL,30,0,TRUE,FALSE,FALSE,Wind,NULL,NULL,NULL,0,0,0,NULL,NULL,NULL,NULL,NULL,NULL,NULL,NULL,NULL,NULL
1157631178,Wind_EP_Can_14,Wind,8,73948.68,NULL,0,0.05,0.006,NULL,NULL,30,0,TRUE,FALSE,FALSE,Wind,NULL,NULL,NULL,0,0,0,NULL,NULL,NULL,NULL,NULL,NULL,NULL,NULL,NULL,NULL
1157631179,Wind_EP_Can_15,Wind,8,73948.68,NULL,0,0.05,0.006,NULL,NULL,30,0,TRUE,FALSE,FALSE,Wind,NULL,NULL,NULL,0,0,0,NULL,NULL,NULL,NULL,NULL,NULL,NULL,NULL,NULL,NULL
1157631180,Wind_EP_Can_16,Wind,8,73948.68,NULL,0,0.05,0.006,NULL,NULL,30,0,TRUE,FALSE,FALSE,Wind,NULL,NULL,NULL,0,0,0,NULL,NULL,NULL,NULL,NULL,NULL,NULL,NULL,NULL,NULL
1157631181,Wind_EP_Can_17,Wind,8,73948.68,NULL,0,0.05,0.006,NULL,NULL,30,0,TRUE,FALSE,FALSE,Wind,NULL,NULL,NULL,0,0,0,NULL,NULL,NULL,NULL,NULL,NULL,NULL,NULL,NULL,NULL
1157631182,Wind_EP_Can_18,Wind,8,73948.68,NULL,0,0.05,0.006,NULL,NULL,30,0,TRUE,FALSE,FALSE,Wind,NULL,NULL,NULL,0,0,0,NULL,NULL,NULL,NULL,NULL,NULL,NULL,NULL,NULL,NULL
1157631183,Wind_EP_Can_19,Wind,8,73948.68,NULL,0,0.05,0.006,NULL,NULL,30,0,TRUE,FALSE,FALSE,Wind,NULL,NULL,NULL,0,0,0,NULL,NULL,NULL,NULL,NULL,NULL,NULL,NULL,NULL,NULL
1157631184,Wind_EP_Can_20,Wind,8,73948.68,NULL,0,0.05,0.006,NULL,NULL,30,0,TRUE,FALSE,FALSE,Wind,NULL,NULL,NULL,0,0,0,NULL,NULL,NULL,NULL,NULL,NULL,NULL,NULL,NULL,NULL
1157631185,Wind_EP_Can_21,Wind,8,73948.68,NULL,0,0.05,0.006,NULL,NULL,30,0,TRUE,FALSE,FALSE,Wind,NULL,NULL,NULL,0,0,0,NULL,NULL,NULL,NULL,NULL,NULL,NULL,NULL,NULL,NULL
1157631186,Wind_EP_Can_22,Wind,8,73948.68,NULL,0,0.05,0.006,NULL,NULL,30,0,TRUE,FALSE,FALSE,Wind,NULL,NULL,NULL,0,0,0,NULL,NULL,NULL,NULL,NULL,NULL,NULL,NULL,NULL,NULL
1157631187,Wind_EP_Can_23,Wind,8,73948.68,NULL,0,0.05,0.006,NULL,NULL,30,0,TRUE,FALSE,FALSE,Wind,NULL,NULL,NULL,0,0,0,NULL,NULL,NULL,NULL,NULL,NULL,NULL,NULL,NULL,NULL
1157631188,Wind_EP_Can_24,Wind,8,73948.68,NULL,0,0.05,0.006,NULL,NULL,30,0,TRUE,FALSE,FALSE,Wind,NULL,NULL,NULL,0,0,0,NULL,NULL,NULL,NULL,NULL,NULL,NULL,NULL,NULL,NULL
1157631189,Wind_EP_Can_25,Wind,8,73948.68,NULL,0,0.05,0.006,NULL,NULL,30,0,TRUE,FALSE,FALSE,Wind,NULL,NULL,NULL,0,0,0,NULL,NULL,NULL,NULL,NULL,NULL,NULL,NULL,NULL,NULL
1157631190,Wind_EP_Can_26,Wind,8,73948.68,NULL,0,0.05,0.006,NULL,NULL,30,0,TRUE,FALSE,FALSE,Wind,NULL,NULL,NULL,0,0,0,NULL,NULL,NULL,NULL,NULL,NULL,NULL,NULL,NULL,NULL
1157631191,Wind_EP_Can_27,Wind,8,73948.68,NULL,0,0.05,0.006,NULL,NULL,30,0,TRUE,FALSE,FALSE,Wind,NULL,NULL,NULL,0,0,0,NULL,NULL,NULL,NULL,NULL,NULL,NULL,NULL,NULL,NULL
1157631192,Wind_EP_Can_28,Wind,8,73948.68,NULL,0,0.05,0.006,NULL,NULL,30,0,TRUE,FALSE,FALSE,Wind,NULL,NULL,NULL,0,0,0,NULL,NULL,NULL,NULL,NULL,NULL,NULL,NULL,NULL,NULL
1157631193,Wind_EP_Can_29,Wind,8,73948.68,NULL,0,0.05,0.006,NULL,NULL,30,0,TRUE,FALSE,FALSE,Wind,NULL,NULL,NULL,0,0,0,NULL,NULL,NULL,NULL,NULL,NULL,NULL,NULL,NULL,NULL
1157631194,Wind_EP_Can_30,Wind,8,73948.68,NULL,0,0.05,0.006,NULL,NULL,30,0,TRUE,FALSE,FALSE,Wind,NULL,NULL,NULL,0,0,0,NULL,NULL,NULL,NULL,NULL,NULL,NULL,NULL,NULL,NULL
1157631195,Wind_EP_Can_31,Wind,8,73948.68,NULL,0,0.05,0.006,NULL,NULL,30,0,TRUE,FALSE,FALSE,Wind,NULL,NULL,NULL,0,0,0,NULL,NULL,NULL,NULL,NULL,NULL,NULL,NULL,NULL,NULL
1157631196,Wind_EP_Can_32,Wind,9,73948.68,NULL,0,0.05,0.006,NULL,NULL,30,0,TRUE,FALSE,FALSE,Wind,NULL,NULL,NULL,0,0,0,NULL,NULL,NULL,NULL,NULL,NULL,NULL,NULL,NULL,NULL
1157631197,Wind_EP_Can_33,Wind,9,73948.68,NULL,0,0.05,0.006,NULL,NULL,30,0,TRUE,FALSE,FALSE,Wind,NULL,NULL,NULL,0,0,0,NULL,NULL,NULL,NULL,NULL,NULL,NULL,NULL,NULL,NULL
1157631198,Wind_EP_Can_34,Wind,9,73948.68,NULL,0,0.05,0.006,NULL,NULL,30,0,TRUE,FALSE,FALSE,Wind,NULL,NULL,NULL,0,0,0,NULL,NULL,NULL,NULL,NULL,NULL,NULL,NULL,NULL,NULL