Investment , RootNode , BuildLocalTD , 'Central':2020 , 0.5
Investment , RootNode , BuildLocalTD , 'Central':2030 , 2.0
Investment , RootNode , BuildLocalTD , 'Central':'Legacy' , 3.5
Investment , RootNode , BuildLocalTD , 'North':2020 , 0.5
Investment , RootNode , BuildLocalTD , 'North':2030 , 2.0
Investment , RootNode , BuildLocalTD , 'North':'Legacy' , 5.49999999999
Investment , RootNode , BuildLocalTD , 'South':2020 , 0.5
Investment , RootNode , BuildLocalTD , 'South':2030 , 2.0
Investment , RootNode , BuildLocalTD , 'South':'Legacy' , 9.49999999999
Investment , RootNode , BuildProj , 'C-Biomass_IGCC':2020 , 2.48812396117e-17
Investment , RootNode , BuildProj , 'C-Biomass_IGCC':2030 , 3.87304163042e-18
Investment , RootNode , BuildProj , 'C-Central_PV-1':2020 , 0.970103424991
Investment , RootNode , BuildProj , 'C-Central_PV-1':2030 , 8.53832458871e-18
Investment , RootNode , BuildProj , 'C-Central_PV-2':2020 , 1.0168478224
Investment , RootNode , BuildProj , 'C-Central_PV-2':2030 , 9.52104481783e-18
Investment , RootNode , BuildProj , 'C-Coal_IGCC':2020 , 1.05176732653e-16
Investment , RootNode , BuildProj , 'C-Coal_IGCC':2030 , 4.07411625774e-18
Investment , RootNode , BuildProj , 'C-Coal_ST':1985 , 2.0
Investment , RootNode , BuildProj , 'C-Commercial_PV':2020 , 7.21750749318e-18
Investment , RootNode , BuildProj , 'C-Commercial_PV':2030 , 6.68971625324e-18
Investment , RootNode , BuildProj , 'C-NG_CC':2005 , 2.0
Investment , RootNode , BuildProj , 'C-NG_CC':2020 , 3.03387678149
Investment , RootNode , BuildProj , 'C-NG_CC':2030 , 6.10554949216
Investment , RootNode , BuildProj , 'C-NG_GT':2005 , 2.0
Investment , RootNode , BuildProj , 'C-NG_GT':2020 , 8.37489778326e-18
Investment , RootNode , BuildProj , 'C-NG_GT':2030 , 3.5598291443e-17
Investment , RootNode , BuildProj , 'C-Nuclear':2030 , 7.06911752438e-18
Investment , RootNode , BuildProj , 'C-Residential_PV':2020 , 4.26351237867e-18
Investment , RootNode , BuildProj , 'C-Residential_PV':2030 , 5.34619784099e-18
Investment , RootNode , BuildProj , 'C-Wind-1':2020 , 0.238452172376
Investment , RootNode , BuildProj , 'C-Wind-1':2030 , 3.76154782762
Investment , RootNode , BuildProj , 'C-Wind-2':2020 , 0.214641289693
Investment , RootNode , BuildProj , 'C-Wind-2':2030 , 2.78535871031
Investment , RootNode , BuildProj , 'N-Biomass_IGCC':2020 , 9.13236351802e-18
Investment , RootNode , BuildProj , 'N-Biomass_IGCC':2030 , 3.5384727212e-18
Investment , RootNode , BuildProj , 'N-Biomass_IGCC_CCS':2030 , 3.8101752281e-18
Investment , RootNode , BuildProj , 'N-Central_PV-1':2020 , 7.65440556354e-18
Investment , RootNode , BuildProj , 'N-Central_PV-1':2030 , 6.61895326408e-18
Investment , RootNode , BuildProj , 'N-Central_PV-2':2020 , 8.71236665316e-18
Investment , RootNode , BuildProj , 'N-Central_PV-2':2030 , 5.9521950516e-18
Investment , RootNode , BuildProj , 'N-Coal_IGCC':2020 , 4.13609496308e-17
Investment , RootNode , BuildProj , 'N-Coal_IGCC':2030 , 3.4476113108e-18
Investment , RootNode , BuildProj , 'N-Coal_IGCC_CCS':2030 , 5.14795690231e-18
Investment , RootNode , BuildProj , 'N-Coal_ST':1995 , 2.0
Investment , RootNode , BuildProj , 'N-Commercial_PV':2020 , 3.29369570236e-18
Investment , RootNode , BuildProj , 'N-Commercial_PV':2030 , 4.72842121168e-18
Investment , RootNode , BuildProj , 'N-Geothermal':2000 , 0.999999999999
Investment , RootNode , BuildProj , 'N-Geothermal':2020 , 2.31305655653e-18
Investment , RootNode , BuildProj , 'N-Geothermal':2030 , 2.14349204976e-18
Investment , RootNode , BuildProj , 'N-NG_CC':2008 , 2.0
Investment , RootNode , BuildProj , 'N-NG_CC':2020 , 0.417468085492
Investment , RootNode , BuildProj , 'N-NG_CC':2030 , 2.02702564203e-16
Investment , RootNode , BuildProj , 'N-NG_CC_CCS':2030 , 8.72666269587e-18
Investment , RootNode , BuildProj , 'N-NG_GT':2009 , 2.0
Investment , RootNode , BuildProj , 'N-NG_GT':2020 , 5.53832940456e-18
Investment , RootNode , BuildProj , 'N-NG_GT':2030 , 1.45596843921e-17
Investment , RootNode , BuildProj , 'N-Nuclear':2030 , 5.65154181763e-18
Investment , RootNode , BuildProj , 'N-Residential_PV':2020 , 2.2899310883e-18
Investment , RootNode , BuildProj , 'N-Residential_PV':2030 , 3.95166884483e-18
Investment , RootNode , BuildProj , 'N-Wind-1':2020 , 1.63551737576e-17
Investment , RootNode , BuildProj , 'N-Wind-1':2030 , 3.99999999954
Investment , RootNode , BuildProj , 'N-Wind-2':2020 , 0.999999999999
Investment , RootNode , BuildProj , 'N-Wind-2':2030 , 1.7120318044e-16
Investment , RootNode , BuildProj , 'S-Biomass_IGCC':2020 , 5.67636734619e-18
Investment , RootNode , BuildProj , 'S-Biomass_IGCC':2030 , 3.16766908324e-18
Investment , RootNode , BuildProj , 'S-Biomass_IGCC_CCS':2030 , 3.21850781377e-18
Investment , RootNode , BuildProj , 'S-Central_PV-1':2020 , 4.29384883114e-18
Investment , RootNode , BuildProj , 'S-Central_PV-1':2030 , 5.1854461332e-18
Investment , RootNode , BuildProj , 'S-Central_PV-2':2020 , 4.3203939948e-18
Investment , RootNode , BuildProj , 'S-Central_PV-2':2030 , 5.46071578603e-18
Investment , RootNode , BuildProj , 'S-Commercial_PV':2020 , 2.21315643213e-18
Investment , RootNode , BuildProj , 'S-Commercial_PV':2030 , 3.78559636215e-18
Investment , RootNode , BuildProj , 'S-Geothermal':1998 , 3.0
Investment , RootNode , BuildProj , 'S-Geothermal':2020 , 0.0
Investment , RootNode , BuildProj , 'S-Geothermal':2030 , 0.0
Investment , RootNode , BuildProj , 'S-NG_CC':2000 , 5.0
Investment , RootNode , BuildProj , 'S-NG_CC':2020 , 0.716111069551
Investment , RootNode , BuildProj , 'S-NG_CC':2030 , 0.774199291366
Investment , RootNode , BuildProj , 'S-NG_CC_CCS':2030 , 7.60550529901e-18
Investment , RootNode , BuildProj , 'S-NG_GT':1990 , 3.0
Investment , RootNode , BuildProj , 'S-NG_GT':2002 , 2.0
Investment , RootNode , BuildProj , 'S-NG_GT':2020 , 5.77982935677e-18
Investment , RootNode , BuildProj , 'S-NG_GT':2030 , 2.46518734827e-17
Investment , RootNode , BuildProj , 'S-Residential_PV':2020 , 1.7168310362e-18
Investment , RootNode , BuildProj , 'S-Residential_PV':2030 , 3.33839668386e-18
Investment , RootNode , BuildTrans , 'C-S':2020 , 4.41477417523e-17
Investment , RootNode , BuildTrans , 'C-S':2030 , 4.27192367974
Investment , RootNode , BuildTrans , 'C-S':'Legacy' , 5.99999999999
Investment , RootNode , BuildTrans , 'N-C':2020 , 3.0041353241e-17
Investment , RootNode , BuildTrans , 'N-C':2030 , 6.69106105947e-17
Investment , RootNode , BuildTrans , 'N-C':'Legacy' , 3.0
Investment , RootNode , InvestmentCost , None , 69577311.4026
Operation , LowFuelCosts , DispatchProj , 'C-Biomass_IGCC':1 , 0.0
Operation , LowFuelCosts , DispatchProj , 'C-Biomass_IGCC':2 , 0.0
Operation , LowFuelCosts , DispatchProj , 'C-Biomass_IGCC':3 , 0.0
Operation , LowFuelCosts , DispatchProj , 'C-Biomass_IGCC':4 , 0.0
Operation , LowFuelCosts , DispatchProj , 'C-Biomass_IGCC':5 , 0.0
Operation , LowFuelCosts , DispatchProj , 'C-Biomass_IGCC':6 , 0.0
Operation , LowFuelCosts , DispatchProj , 'C-Biomass_IGCC':7 , 0.0
Operation , LowFuelCosts , DispatchProj , 'C-Central_PV-1':1 , 0.0
Operation , LowFuelCosts , DispatchProj , 'C-Central_PV-1':2 , 0.57992782746
Operation , LowFuelCosts , DispatchProj , 'C-Central_PV-1':3 , 0.0
Operation , LowFuelCosts , DispatchProj , 'C-Central_PV-1':4 , 0.608448868155
Operation , LowFuelCosts , DispatchProj , 'C-Central_PV-1':5 , 0.0
Operation , LowFuelCosts , DispatchProj , 'C-Central_PV-1':6 , 0.751054071629
Operation , LowFuelCosts , DispatchProj , 'C-Central_PV-1':7 , 0.370773529032
Operation , LowFuelCosts , DispatchProj , 'C-Central_PV-2':1 , 0.0
Operation , LowFuelCosts , DispatchProj , 'C-Central_PV-2':2 , 0.637766954209
Operation , LowFuelCosts , DispatchProj , 'C-Central_PV-2':3 , 0.0
Operation , LowFuelCosts , DispatchProj , 'C-Central_PV-2':4 , 0.677627388847
Operation , LowFuelCosts , DispatchProj , 'C-Central_PV-2':5 , 0.0
Operation , LowFuelCosts , DispatchProj , 'C-Central_PV-2':6 , 0.717487823485
Operation , LowFuelCosts , DispatchProj , 'C-Central_PV-2':7 , 0.40856945504
Operation , LowFuelCosts , DispatchProj , 'C-Coal_IGCC':1 , 0.0
Operation , LowFuelCosts , DispatchProj , 'C-Coal_IGCC':2 , 0.0
Operation , LowFuelCosts , DispatchProj , 'C-Coal_IGCC':3 , 0.0
Operation , LowFuelCosts , DispatchProj , 'C-Coal_IGCC':4 , 0.0
Operation , LowFuelCosts , DispatchProj , 'C-Coal_IGCC':5 , 0.0
Operation , LowFuelCosts , DispatchProj , 'C-Coal_IGCC':6 , 0.0
Operation , LowFuelCosts , DispatchProj , 'C-Coal_IGCC':7 , 0.0
Operation , LowFuelCosts , DispatchProj , 'C-Coal_ST':1 , 1.692
Operation , LowFuelCosts , DispatchProj , 'C-Coal_ST':2 , 1.692
Operation , LowFuelCosts , DispatchProj , 'C-Coal_ST':3 , 1.692
Operation , LowFuelCosts , DispatchProj , 'C-Coal_ST':4 , 1.692
Operation , LowFuelCosts , DispatchProj , 'C-Coal_ST':5 , 1.692
Operation , LowFuelCosts , DispatchProj , 'C-Coal_ST':6 , 1.692
Operation , LowFuelCosts , DispatchProj , 'C-Commercial_PV':1 , 0.0
Operation , LowFuelCosts , DispatchProj , 'C-Commercial_PV':2 , 0.0
Operation , LowFuelCosts , DispatchProj , 'C-Commercial_PV':3 , 0.0
Operation , LowFuelCosts , DispatchProj , 'C-Commercial_PV':4 , 0.0
Operation , LowFuelCosts , DispatchProj , 'C-Commercial_PV':5 , 0.0
Operation , LowFuelCosts , DispatchProj , 'C-Commercial_PV':6 , 0.0
Operation , LowFuelCosts , DispatchProj , 'C-Commercial_PV':7 , 0.0
Operation , LowFuelCosts , DispatchProj , 'C-NG_CC':1 , 4.7318441746
Operation , LowFuelCosts , DispatchProj , 'C-NG_CC':2 , 4.7318441746
Operation , LowFuelCosts , DispatchProj , 'C-NG_CC':3 , 4.7318441746
Operation , LowFuelCosts , DispatchProj , 'C-NG_CC':4 , 4.7318441746
Operation , LowFuelCosts , DispatchProj , 'C-NG_CC':5 , 4.7318441746
Operation , LowFuelCosts , DispatchProj , 'C-NG_CC':6 , 4.7318441746
Operation , LowFuelCosts , DispatchProj , 'C-NG_CC':7 , 8.59106069724
Operation , LowFuelCosts , DispatchProj , 'C-NG_GT':1 , 0.0
Operation , LowFuelCosts , DispatchProj , 'C-NG_GT':2 , 0.0
Operation , LowFuelCosts , DispatchProj , 'C-NG_GT':3 , 0.0
Operation , LowFuelCosts , DispatchProj , 'C-NG_GT':4 , 0.0
Operation , LowFuelCosts , DispatchProj , 'C-NG_GT':5 , 0.0
Operation , LowFuelCosts , DispatchProj , 'C-NG_GT':6 , 1.88
Operation , LowFuelCosts , DispatchProj , 'C-NG_GT':7 , 0.0
Operation , LowFuelCosts , DispatchProj , 'C-Nuclear':7 , 0.0
Operation , LowFuelCosts , DispatchProj , 'C-Residential_PV':1 , 0.0
Operation , LowFuelCosts , DispatchProj , 'C-Residential_PV':2 , 0.0
Operation , LowFuelCosts , DispatchProj , 'C-Residential_PV':3 , 0.0
Operation , LowFuelCosts , DispatchProj , 'C-Residential_PV':4 , 0.0
Operation , LowFuelCosts , DispatchProj , 'C-Residential_PV':5 , 0.0
Operation , LowFuelCosts , DispatchProj , 'C-Residential_PV':6 , 0.0
Operation , LowFuelCosts , DispatchProj , 'C-Residential_PV':7 , 0.0
Operation , LowFuelCosts , DispatchProj , 'C-Wind-1':1 , 0.156434163166
Operation , LowFuelCosts , DispatchProj , 'C-Wind-1':2 , 0.0948085837367
Operation , LowFuelCosts , DispatchProj , 'C-Wind-1':3 , 0.173025665319
Operation , LowFuelCosts , DispatchProj , 'C-Wind-1':4 , 0.118510729671
Operation , LowFuelCosts , DispatchProj , 'C-Wind-1':5 , 0.0521447210552
Operation , LowFuelCosts , DispatchProj , 'C-Wind-1':6 , 0.0118510729671
Operation , LowFuelCosts , DispatchProj , 'C-Wind-1':7 , 3.1808
Operation , LowFuelCosts , DispatchProj , 'C-Wind-2':1 , 0.132279134012
Operation , LowFuelCosts , DispatchProj , 'C-Wind-2':2 , 0.0768072391037
Operation , LowFuelCosts , DispatchProj , 'C-Wind-2':3 , 0.14081327169
Operation , LowFuelCosts , DispatchProj , 'C-Wind-2':4 , 0.102409652138
Operation , LowFuelCosts , DispatchProj , 'C-Wind-2':5 , 0.0298694818737
Operation , LowFuelCosts , DispatchProj , 'C-Wind-2':6 , 0.0106676720977
Operation , LowFuelCosts , DispatchProj , 'C-Wind-2':7 , 2.56452
Operation , LowFuelCosts , DispatchProj , 'N-Biomass_IGCC':1 , 0.0
Operation , LowFuelCosts , DispatchProj , 'N-Biomass_IGCC':2 , 0.0
Operation , LowFuelCosts , DispatchProj , 'N-Biomass_IGCC':3 , 0.0
Operation , LowFuelCosts , DispatchProj , 'N-Biomass_IGCC':4 , 0.0
Operation , LowFuelCosts , DispatchProj , 'N-Biomass_IGCC':5 , 0.0
Operation , LowFuelCosts , DispatchProj , 'N-Biomass_IGCC':6 , 0.0
Operation , LowFuelCosts , DispatchProj , 'N-Biomass_IGCC':7 , 0.0
Operation , LowFuelCosts , DispatchProj , 'N-Biomass_IGCC_CCS':7 , 0.0
Operation , LowFuelCosts , DispatchProj , 'N-Central_PV-1':1 , 0.0
Operation , LowFuelCosts , DispatchProj , 'N-Central_PV-1':2 , 0.0
Operation , LowFuelCosts , DispatchProj , 'N-Central_PV-1':3 , 0.0
Operation , LowFuelCosts , DispatchProj , 'N-Central_PV-1':4 , 0.0
Operation , LowFuelCosts , DispatchProj , 'N-Central_PV-1':5 , 0.0
Operation , LowFuelCosts , DispatchProj , 'N-Central_PV-1':6 , 0.0
Operation , LowFuelCosts , DispatchProj , 'N-Central_PV-1':7 , 0.0
Operation , LowFuelCosts , DispatchProj , 'N-Central_PV-2':1 , 0.0
Operation , LowFuelCosts , DispatchProj , 'N-Central_PV-2':2 , 0.0
Operation , LowFuelCosts , DispatchProj , 'N-Central_PV-2':3 , 0.0
Operation , LowFuelCosts , DispatchProj , 'N-Central_PV-2':4 , 0.0
Operation , LowFuelCosts , DispatchProj , 'N-Central_PV-2':5 , 0.0
Operation , LowFuelCosts , DispatchProj , 'N-Central_PV-2':6 , 0.0
Operation , LowFuelCosts , DispatchProj , 'N-Central_PV-2':7 , 0.0
Operation , LowFuelCosts , DispatchProj , 'N-Coal_IGCC':1 , 0.0
Operation , LowFuelCosts , DispatchProj , 'N-Coal_IGCC':2 , 0.0
Operation , LowFuelCosts , DispatchProj , 'N-Coal_IGCC':3 , 0.0
Operation , LowFuelCosts , DispatchProj , 'N-Coal_IGCC':4 , 0.0
Operation , LowFuelCosts , DispatchProj , 'N-Coal_IGCC':5 , 0.0
Operation , LowFuelCosts , DispatchProj , 'N-Coal_IGCC':6 , 0.0
Operation , LowFuelCosts , DispatchProj , 'N-Coal_IGCC':7 , 0.0
Operation , LowFuelCosts , DispatchProj , 'N-Coal_IGCC_CCS':7 , 0.0
Operation , LowFuelCosts , DispatchProj , 'N-Coal_ST':1 , 1.692
Operation , LowFuelCosts , DispatchProj , 'N-Coal_ST':2 , 1.692
Operation , LowFuelCosts , DispatchProj , 'N-Coal_ST':3 , 1.692
Operation , LowFuelCosts , DispatchProj , 'N-Coal_ST':4 , 1.692
Operation , LowFuelCosts , DispatchProj , 'N-Coal_ST':5 , 1.692
Operation , LowFuelCosts , DispatchProj , 'N-Coal_ST':6 , 1.692
Operation , LowFuelCosts , DispatchProj , 'N-Coal_ST':7 , 1.692
Operation , LowFuelCosts , DispatchProj , 'N-Commercial_PV':1 , 0.0
Operation , LowFuelCosts , DispatchProj , 'N-Commercial_PV':2 , 0.0
Operation , LowFuelCosts , DispatchProj , 'N-Commercial_PV':3 , 0.0
Operation , LowFuelCosts , DispatchProj , 'N-Commercial_PV':4 , 0.0
Operation , LowFuelCosts , DispatchProj , 'N-Commercial_PV':5 , 0.0
Operation , LowFuelCosts , DispatchProj , 'N-Commercial_PV':6 , 0.0
Operation , LowFuelCosts , DispatchProj , 'N-Commercial_PV':7 , 0.0
Operation , LowFuelCosts , DispatchProj , 'N-Geothermal':1 , 0.251347303871
Operation , LowFuelCosts , DispatchProj , 'N-Geothermal':2 , 0.251347303871
Operation , LowFuelCosts , DispatchProj , 'N-Geothermal':3 , 0.251347303871
Operation , LowFuelCosts , DispatchProj , 'N-Geothermal':4 , 0.251347303871
Operation , LowFuelCosts , DispatchProj , 'N-Geothermal':5 , 0.251347303871
Operation , LowFuelCosts , DispatchProj , 'N-Geothermal':6 , 0.251347303871
Operation , LowFuelCosts , DispatchProj , 'N-Geothermal':7 , 0.0
Operation , LowFuelCosts , DispatchProj , 'N-NG_CC':1 , 2.27242000036
Operation , LowFuelCosts , DispatchProj , 'N-NG_CC':2 , 1.94063269613
Operation , LowFuelCosts , DispatchProj , 'N-NG_CC':3 , 2.08941269613
Operation , LowFuelCosts , DispatchProj , 'N-NG_CC':4 , 2.02201269613
Operation , LowFuelCosts , DispatchProj , 'N-NG_CC':5 , 2.09967269613
Operation , LowFuelCosts , DispatchProj , 'N-NG_CC':6 , 2.27242000036
Operation , LowFuelCosts , DispatchProj , 'N-NG_CC':7 , 0.580419998857
Operation , LowFuelCosts , DispatchProj , 'N-NG_CC_CCS':7 , 0.0
Operation , LowFuelCosts , DispatchProj , 'N-NG_GT':1 , 0.0
Operation , LowFuelCosts , DispatchProj , 'N-NG_GT':2 , 0.0
Operation , LowFuelCosts , DispatchProj , 'N-NG_GT':3 , 0.0
Operation , LowFuelCosts , DispatchProj , 'N-NG_GT':4 , 0.0
Operation , LowFuelCosts , DispatchProj , 'N-NG_GT':5 , 0.0
Operation , LowFuelCosts , DispatchProj , 'N-NG_GT':6 , 1.88
Operation , LowFuelCosts , DispatchProj , 'N-NG_GT':7 , 0.0
Operation , LowFuelCosts , DispatchProj , 'N-Nuclear':7 , 0.0
Operation , LowFuelCosts , DispatchProj , 'N-Residential_PV':1 , 0.0
Operation , LowFuelCosts , DispatchProj , 'N-Residential_PV':2 , 0.0
Operation , LowFuelCosts , DispatchProj , 'N-Residential_PV':3 , 0.0
Operation , LowFuelCosts , DispatchProj , 'N-Residential_PV':4 , 0.0
Operation , LowFuelCosts , DispatchProj , 'N-Residential_PV':5 , 0.0
Operation , LowFuelCosts , DispatchProj , 'N-Residential_PV':6 , 0.0
Operation , LowFuelCosts , DispatchProj , 'N-Residential_PV':7 , 0.0
Operation , LowFuelCosts , DispatchProj , 'N-Wind-1':1 , 0.0
Operation , LowFuelCosts , DispatchProj , 'N-Wind-1':2 , 0.0
Operation , LowFuelCosts , DispatchProj , 'N-Wind-1':3 , 0.0
Operation , LowFuelCosts , DispatchProj , 'N-Wind-1':4 , 0.0
Operation , LowFuelCosts , DispatchProj , 'N-Wind-1':5 , 0.0
Operation , LowFuelCosts , DispatchProj , 'N-Wind-1':6 , 0.0
Operation , LowFuelCosts , DispatchProj , 'N-Wind-1':7 , 3.18079999963
Operation , LowFuelCosts , DispatchProj , 'N-Wind-2':1 , 0.67592
Operation , LowFuelCosts , DispatchProj , 'N-Wind-2':2 , 0.32802
Operation , LowFuelCosts , DispatchProj , 'N-Wind-2':3 , 0.70574
Operation , LowFuelCosts , DispatchProj , 'N-Wind-2':4 , 0.45724
Operation , LowFuelCosts , DispatchProj , 'N-Wind-2':5 , 0.16898
Operation , LowFuelCosts , DispatchProj , 'N-Wind-2':6 , 0.12922
Operation , LowFuelCosts , DispatchProj , 'N-Wind-2':7 , 0.86478
Operation , LowFuelCosts , DispatchProj , 'S-Biomass_IGCC':1 , 0.0
Operation , LowFuelCosts , DispatchProj , 'S-Biomass_IGCC':2 , 0.0
Operation , LowFuelCosts , DispatchProj , 'S-Biomass_IGCC':3 , 0.0
Operation , LowFuelCosts , DispatchProj , 'S-Biomass_IGCC':4 , 0.0
Operation , LowFuelCosts , DispatchProj , 'S-Biomass_IGCC':5 , 0.0
Operation , LowFuelCosts , DispatchProj , 'S-Biomass_IGCC':6 , 0.0
Operation , LowFuelCosts , DispatchProj , 'S-Biomass_IGCC':7 , 0.0
Operation , LowFuelCosts , DispatchProj , 'S-Biomass_IGCC_CCS':7 , 0.0
Operation , LowFuelCosts , DispatchProj , 'S-Central_PV-1':1 , 0.0
Operation , LowFuelCosts , DispatchProj , 'S-Central_PV-1':2 , 0.0
Operation , LowFuelCosts , DispatchProj , 'S-Central_PV-1':3 , 0.0
Operation , LowFuelCosts , DispatchProj , 'S-Central_PV-1':4 , 0.0
Operation , LowFuelCosts , DispatchProj , 'S-Central_PV-1':5 , 0.0
Operation , LowFuelCosts , DispatchProj , 'S-Central_PV-1':6 , 0.0
Operation , LowFuelCosts , DispatchProj , 'S-Central_PV-1':7 , 0.0
Operation , LowFuelCosts , DispatchProj , 'S-Central_PV-2':1 , 0.0
Operation , LowFuelCosts , DispatchProj , 'S-Central_PV-2':2 , 0.0
Operation , LowFuelCosts , DispatchProj , 'S-Central_PV-2':3 , 0.0
Operation , LowFuelCosts , DispatchProj , 'S-Central_PV-2':4 , 0.0
Operation , LowFuelCosts , DispatchProj , 'S-Central_PV-2':5 , 0.0
Operation , LowFuelCosts , DispatchProj , 'S-Central_PV-2':6 , 0.0
Operation , LowFuelCosts , DispatchProj , 'S-Central_PV-2':7 , 0.0
Operation , LowFuelCosts , DispatchProj , 'S-Commercial_PV':1 , 0.0
Operation , LowFuelCosts , DispatchProj , 'S-Commercial_PV':2 , 0.0
Operation , LowFuelCosts , DispatchProj , 'S-Commercial_PV':3 , 0.0
Operation , LowFuelCosts , DispatchProj , 'S-Commercial_PV':4 , 0.0
Operation , LowFuelCosts , DispatchProj , 'S-Commercial_PV':5 , 0.0
Operation , LowFuelCosts , DispatchProj , 'S-Commercial_PV':6 , 0.0
Operation , LowFuelCosts , DispatchProj , 'S-Commercial_PV':7 , 0.0
Operation , LowFuelCosts , DispatchProj , 'S-Geothermal':1 , 0.0
Operation , LowFuelCosts , DispatchProj , 'S-Geothermal':2 , 0.0
Operation , LowFuelCosts , DispatchProj , 'S-Geothermal':3 , 0.0
Operation , LowFuelCosts , DispatchProj , 'S-Geothermal':4 , 0.0
Operation , LowFuelCosts , DispatchProj , 'S-Geothermal':5 , 0.0
Operation , LowFuelCosts , DispatchProj , 'S-Geothermal':6 , 0.0
Operation , LowFuelCosts , DispatchProj , 'S-Geothermal':7 , 1.78054060385e-09
Operation , LowFuelCosts , DispatchProj , 'S-NG_CC':1 , 4.03606532447
Operation , LowFuelCosts , DispatchProj , 'S-NG_CC':2 , 2.99609450764
Operation , LowFuelCosts , DispatchProj , 'S-NG_CC':3 , 4.07442987509
Operation , LowFuelCosts , DispatchProj , 'S-NG_CC':4 , 3.39301563539
Operation , LowFuelCosts , DispatchProj , 'S-NG_CC':5 , 5.27795312512
Operation , LowFuelCosts , DispatchProj , 'S-NG_CC':6 , 5.37314440538
Operation , LowFuelCosts , DispatchProj , 'S-NG_CC':7 , 1.40089173926
Operation , LowFuelCosts , DispatchProj , 'S-NG_CC_CCS':7 , 0.0
Operation , LowFuelCosts , DispatchProj , 'S-NG_GT':1 , 0.0
Operation , LowFuelCosts , DispatchProj , 'S-NG_GT':2 , 0.0
Operation , LowFuelCosts , DispatchProj , 'S-NG_GT':3 , 0.0
Operation , LowFuelCosts , DispatchProj , 'S-NG_GT':4 , 0.0
Operation , LowFuelCosts , DispatchProj , 'S-NG_GT':5 , 0.0
Operation , LowFuelCosts , DispatchProj , 'S-NG_GT':6 , 0.0
Operation , LowFuelCosts , DispatchProj , 'S-NG_GT':7 , 0.0
Operation , LowFuelCosts , DispatchProj , 'S-Residential_PV':1 , 0.0
Operation , LowFuelCosts , DispatchProj , 'S-Residential_PV':2 , 0.0
Operation , LowFuelCosts , DispatchProj , 'S-Residential_PV':3 , 0.0
Operation , LowFuelCosts , DispatchProj , 'S-Residential_PV':4 , 0.0
Operation , LowFuelCosts , DispatchProj , 'S-Residential_PV':5 , 0.0
Operation , LowFuelCosts , DispatchProj , 'S-Residential_PV':6 , 0.0
Operation , LowFuelCosts , DispatchProj , 'S-Residential_PV':7 , 0.0
Operation , LowFuelCosts , ProjFuelUseRate , 'C-Biomass_IGCC':1:'BioSolid' , 0.0
Operation , LowFuelCosts , ProjFuelUseRate , 'C-Biomass_IGCC':2:'BioSolid' , 0.0
Operation , LowFuelCosts , ProjFuelUseRate , 'C-Biomass_IGCC':3:'BioSolid' , 0.0
Operation , LowFuelCosts , ProjFuelUseRate , 'C-Biomass_IGCC':4:'BioSolid' , 0.0
Operation , LowFuelCosts , ProjFuelUseRate , 'C-Biomass_IGCC':5:'BioSolid' , 0.0
Operation , LowFuelCosts , ProjFuelUseRate , 'C-Biomass_IGCC':6:'BioSolid' , 0.0
Operation , LowFuelCosts , ProjFuelUseRate , 'C-Biomass_IGCC':7:'BioSolid' , 0.0
Operation , LowFuelCosts , ProjFuelUseRate , 'C-Coal_IGCC':1:'Coal' , 0.0
Operation , LowFuelCosts , ProjFuelUseRate , 'C-Coal_IGCC':2:'Coal' , 0.0
Operation , LowFuelCosts , ProjFuelUseRate , 'C-Coal_IGCC':3:'Coal' , 0.0
Operation , LowFuelCosts , ProjFuelUseRate , 'C-Coal_IGCC':4:'Coal' , 0.0
Operation , LowFuelCosts , ProjFuelUseRate , 'C-Coal_IGCC':5:'Coal' , 0.0
Operation , LowFuelCosts , ProjFuelUseRate , 'C-Coal_IGCC':6:'Coal' , 0.0
Operation , LowFuelCosts , ProjFuelUseRate , 'C-Coal_IGCC':7:'Coal' , 0.0
Operation , LowFuelCosts , ProjFuelUseRate , 'C-Coal_ST':1:'Coal' , 16.074
Operation , LowFuelCosts , ProjFuelUseRate , 'C-Coal_ST':2:'Coal' , 16.074
Operation , LowFuelCosts , ProjFuelUseRate , 'C-Coal_ST':3:'Coal' , 16.074
Operation , LowFuelCosts , ProjFuelUseRate , 'C-Coal_ST':4:'Coal' , 16.074
Operation , LowFuelCosts , ProjFuelUseRate , 'C-Coal_ST':5:'Coal' , 16.074
Operation , LowFuelCosts , ProjFuelUseRate , 'C-Coal_ST':6:'Coal' , 16.074
Operation , LowFuelCosts , ProjFuelUseRate , 'C-NG_CC':1:'NaturalGas' , 31.7270151907
Operation , LowFuelCosts , ProjFuelUseRate , 'C-NG_CC':2:'NaturalGas' , 31.7270151907
Operation , LowFuelCosts , ProjFuelUseRate , 'C-NG_CC':3:'NaturalGas' , 31.7270151907
Operation , LowFuelCosts , ProjFuelUseRate , 'C-NG_CC':4:'NaturalGas' , 31.7270151907
Operation , LowFuelCosts , ProjFuelUseRate , 'C-NG_CC':5:'NaturalGas' , 31.7270151907
Operation , LowFuelCosts , ProjFuelUseRate , 'C-NG_CC':6:'NaturalGas' , 31.7270151907
Operation , LowFuelCosts , ProjFuelUseRate , 'C-NG_CC':7:'NaturalGas' , 57.603061975
Operation , LowFuelCosts , ProjFuelUseRate , 'C-NG_GT':1:'NaturalGas' , 0.0
Operation , LowFuelCosts , ProjFuelUseRate , 'C-NG_GT':2:'NaturalGas' , 0.0
Operation , LowFuelCosts , ProjFuelUseRate , 'C-NG_GT':3:'NaturalGas' , 0.0
Operation , LowFuelCosts , ProjFuelUseRate , 'C-NG_GT':4:'NaturalGas' , 0.0
Operation , LowFuelCosts , ProjFuelUseRate , 'C-NG_GT':5:'NaturalGas' , 0.0
Operation , LowFuelCosts , ProjFuelUseRate , 'C-NG_GT':6:'NaturalGas' , 19.5332
Operation , LowFuelCosts , ProjFuelUseRate , 'C-NG_GT':7:'NaturalGas' , 0.0
Operation , LowFuelCosts , ProjFuelUseRate , 'C-Nuclear':7:'Uranium' , 0.0
Operation , LowFuelCosts , ProjFuelUseRate , 'N-Biomass_IGCC':1:'BioSolid' , 0.0
Operation , LowFuelCosts , ProjFuelUseRate , 'N-Biomass_IGCC':2:'BioSolid' , 0.0
Operation , LowFuelCosts , ProjFuelUseRate , 'N-Biomass_IGCC':3:'BioSolid' , 0.0
Operation , LowFuelCosts , ProjFuelUseRate , 'N-Biomass_IGCC':4:'BioSolid' , 0.0
Operation , LowFuelCosts , ProjFuelUseRate , 'N-Biomass_IGCC':5:'BioSolid' , 0.0
Operation , LowFuelCosts , ProjFuelUseRate , 'N-Biomass_IGCC':6:'BioSolid' , 0.0
Operation , LowFuelCosts , ProjFuelUseRate , 'N-Biomass_IGCC':7:'BioSolid' , 0.0
Operation , LowFuelCosts , ProjFuelUseRate , 'N-Biomass_IGCC_CCS':7:'BioSolid' , 0.0
Operation , LowFuelCosts , ProjFuelUseRate , 'N-Coal_IGCC':1:'Coal' , 0.0
Operation , LowFuelCosts , ProjFuelUseRate , 'N-Coal_IGCC':2:'Coal' , 0.0
Operation , LowFuelCosts , ProjFuelUseRate , 'N-Coal_IGCC':3:'Coal' , 0.0
Operation , LowFuelCosts , ProjFuelUseRate , 'N-Coal_IGCC':4:'Coal' , 0.0
Operation , LowFuelCosts , ProjFuelUseRate , 'N-Coal_IGCC':5:'Coal' , 0.0
Operation , LowFuelCosts , ProjFuelUseRate , 'N-Coal_IGCC':6:'Coal' , 0.0
Operation , LowFuelCosts , ProjFuelUseRate , 'N-Coal_IGCC':7:'Coal' , 0.0
Operation , LowFuelCosts , ProjFuelUseRate , 'N-Coal_IGCC_CCS':7:'Coal' , 0.0
Operation , LowFuelCosts , ProjFuelUseRate , 'N-Coal_ST':1:'Coal' , 15.228
Operation , LowFuelCosts , ProjFuelUseRate , 'N-Coal_ST':2:'Coal' , 15.228
Operation , LowFuelCosts , ProjFuelUseRate , 'N-Coal_ST':3:'Coal' , 15.228
Operation , LowFuelCosts , ProjFuelUseRate , 'N-Coal_ST':4:'Coal' , 15.228
Operation , LowFuelCosts , ProjFuelUseRate , 'N-Coal_ST':5:'Coal' , 15.228
Operation , LowFuelCosts , ProjFuelUseRate , 'N-Coal_ST':6:'Coal' , 15.228
Operation , LowFuelCosts , ProjFuelUseRate , 'N-Coal_ST':7:'Coal' , 15.228
Operation , LowFuelCosts , ProjFuelUseRate , 'N-NG_CC':1:'NaturalGas' , 15.2365761024
Operation , LowFuelCosts , ProjFuelUseRate , 'N-NG_CC':2:'NaturalGas' , 13.0119422275
Operation , LowFuelCosts , ProjFuelUseRate , 'N-NG_CC':3:'NaturalGas' , 14.0095121275
Operation , LowFuelCosts , ProjFuelUseRate , 'N-NG_CC':4:'NaturalGas' , 13.5575951275
Operation , LowFuelCosts , ProjFuelUseRate , 'N-NG_CC':5:'NaturalGas' , 14.0783054275
Operation , LowFuelCosts , ProjFuelUseRate , 'N-NG_CC':6:'NaturalGas' , 15.2365761024
Operation , LowFuelCosts , ProjFuelUseRate , 'N-NG_CC':7:'NaturalGas' , 3.89171609233
Operation , LowFuelCosts , ProjFuelUseRate , 'N-NG_CC_CCS':7:'NaturalGas' , 0.0
Operation , LowFuelCosts , ProjFuelUseRate , 'N-NG_GT':1:'NaturalGas' , 0.0
Operation , LowFuelCosts , ProjFuelUseRate , 'N-NG_GT':2:'NaturalGas' , 0.0
Operation , LowFuelCosts , ProjFuelUseRate , 'N-NG_GT':3:'NaturalGas' , 0.0
Operation , LowFuelCosts , ProjFuelUseRate , 'N-NG_GT':4:'NaturalGas' , 0.0
Operation , LowFuelCosts , ProjFuelUseRate , 'N-NG_GT':5:'NaturalGas' , 0.0
Operation , LowFuelCosts , ProjFuelUseRate , 'N-NG_GT':6:'NaturalGas' , 19.5332
Operation , LowFuelCosts , ProjFuelUseRate , 'N-NG_GT':7:'NaturalGas' , 0.0
Operation , LowFuelCosts , ProjFuelUseRate , 'N-Nuclear':7:'Uranium' , 0.0
Operation , LowFuelCosts , ProjFuelUseRate , 'S-Biomass_IGCC':1:'BioSolid' , 0.0
Operation , LowFuelCosts , ProjFuelUseRate , 'S-Biomass_IGCC':2:'BioSolid' , 0.0
Operation , LowFuelCosts , ProjFuelUseRate , 'S-Biomass_IGCC':3:'BioSolid' , 0.0
Operation , LowFuelCosts , ProjFuelUseRate , 'S-Biomass_IGCC':4:'BioSolid' , 0.0
Operation , LowFuelCosts , ProjFuelUseRate , 'S-Biomass_IGCC':5:'BioSolid' , 0.0
Operation , LowFuelCosts , ProjFuelUseRate , 'S-Biomass_IGCC':6:'BioSolid' , 0.0
Operation , LowFuelCosts , ProjFuelUseRate , 'S-Biomass_IGCC':7:'BioSolid' , 0.0
Operation , LowFuelCosts , ProjFuelUseRate , 'S-Biomass_IGCC_CCS':7:'BioSolid' , 0.0
Operation , LowFuelCosts , ProjFuelUseRate , 'S-NG_CC':1:'NaturalGas' , 27.0618180006
Operation , LowFuelCosts , ProjFuelUseRate , 'S-NG_CC':2:'NaturalGas' , 20.0888136737
Operation , LowFuelCosts , ProjFuelUseRate , 'S-NG_CC':3:'NaturalGas' , 27.3190523125
Operation , LowFuelCosts , ProjFuelUseRate , 'S-NG_CC':4:'NaturalGas' , 22.7501698353
Operation , LowFuelCosts , ProjFuelUseRate , 'S-NG_CC':5:'NaturalGas' , 35.3886757039
Operation , LowFuelCosts , ProjFuelUseRate , 'S-NG_CC':6:'NaturalGas' , 36.0269332381
Operation , LowFuelCosts , ProjFuelUseRate , 'S-NG_CC':7:'NaturalGas' , 9.39297911176
Operation , LowFuelCosts , ProjFuelUseRate , 'S-NG_CC_CCS':7:'NaturalGas' , 0.0
Operation , LowFuelCosts , ProjFuelUseRate , 'S-NG_GT':1:'NaturalGas' , 0.0
Operation , LowFuelCosts , ProjFuelUseRate , 'S-NG_GT':2:'NaturalGas' , 0.0
Operation , LowFuelCosts , ProjFuelUseRate , 'S-NG_GT':3:'NaturalGas' , 0.0
Operation , LowFuelCosts , ProjFuelUseRate , 'S-NG_GT':4:'NaturalGas' , 0.0
Operation , LowFuelCosts , ProjFuelUseRate , 'S-NG_GT':5:'NaturalGas' , 0.0
Operation , LowFuelCosts , ProjFuelUseRate , 'S-NG_GT':6:'NaturalGas' , 0.0
Operation , LowFuelCosts , ProjFuelUseRate , 'S-NG_GT':7:'NaturalGas' , 0.0
Operation , LowFuelCosts , OperationCost , None , 25855581.0257
Operation , MediumFuelCosts , DispatchProj , 'C-Biomass_IGCC':1 , 0.0
Operation , MediumFuelCosts , DispatchProj , 'C-Biomass_IGCC':2 , 0.0
Operation , MediumFuelCosts , DispatchProj , 'C-Biomass_IGCC':3 , 0.0
Operation , MediumFuelCosts , DispatchProj , 'C-Biomass_IGCC':4 , 0.0
Operation , MediumFuelCosts , DispatchProj , 'C-Biomass_IGCC':5 , 0.0
Operation , MediumFuelCosts , DispatchProj , 'C-Biomass_IGCC':6 , 0.0
Operation , MediumFuelCosts , DispatchProj , 'C-Biomass_IGCC':7 , 0.0
Operation , MediumFuelCosts , DispatchProj , 'C-Central_PV-1':1 , 0.0
Operation , MediumFuelCosts , DispatchProj , 'C-Central_PV-1':2 , 0.57992782746
Operation , MediumFuelCosts , DispatchProj , 'C-Central_PV-1':3 , 0.0
Operation , MediumFuelCosts , DispatchProj , 'C-Central_PV-1':4 , 0.608448868155
Operation , MediumFuelCosts , DispatchProj , 'C-Central_PV-1':5 , 0.0
Operation , MediumFuelCosts , DispatchProj , 'C-Central_PV-1':6 , 0.751054071629
Operation , MediumFuelCosts , DispatchProj , 'C-Central_PV-1':7 , 0.370773529032
Operation , MediumFuelCosts , DispatchProj , 'C-Central_PV-2':1 , 0.0
Operation , MediumFuelCosts , DispatchProj , 'C-Central_PV-2':2 , 0.637766954209
Operation , MediumFuelCosts , DispatchProj , 'C-Central_PV-2':3 , 0.0
Operation , MediumFuelCosts , DispatchProj , 'C-Central_PV-2':4 , 0.677627388847
Operation , MediumFuelCosts , DispatchProj , 'C-Central_PV-2':5 , 0.0
Operation , MediumFuelCosts , DispatchProj , 'C-Central_PV-2':6 , 0.717487823485
Operation , MediumFuelCosts , DispatchProj , 'C-Central_PV-2':7 , 0.40856945504
Operation , MediumFuelCosts , DispatchProj , 'C-Coal_IGCC':1 , 0.0
Operation , MediumFuelCosts , DispatchProj , 'C-Coal_IGCC':2 , 0.0
Operation , MediumFuelCosts , DispatchProj , 'C-Coal_IGCC':3 , 0.0
Operation , MediumFuelCosts , DispatchProj , 'C-Coal_IGCC':4 , 0.0
Operation , MediumFuelCosts , DispatchProj , 'C-Coal_IGCC':5 , 0.0
Operation , MediumFuelCosts , DispatchProj , 'C-Coal_IGCC':6 , 0.0
Operation , MediumFuelCosts , DispatchProj , 'C-Coal_IGCC':7 , 0.0
Operation , MediumFuelCosts , DispatchProj , 'C-Coal_ST':1 , 1.692
Operation , MediumFuelCosts , DispatchProj , 'C-Coal_ST':2 , 1.692
Operation , MediumFuelCosts , DispatchProj , 'C-Coal_ST':3 , 1.692
Operation , MediumFuelCosts , DispatchProj , 'C-Coal_ST':4 , 1.692
Operation , MediumFuelCosts , DispatchProj , 'C-Coal_ST':5 , 1.692
Operation , MediumFuelCosts , DispatchProj , 'C-Coal_ST':6 , 1.692
Operation , MediumFuelCosts , DispatchProj , 'C-Commercial_PV':1 , 0.0
Operation , MediumFuelCosts , DispatchProj , 'C-Commercial_PV':2 , 0.0
Operation , MediumFuelCosts , DispatchProj , 'C-Commercial_PV':3 , 0.0
Operation , MediumFuelCosts , DispatchProj , 'C-Commercial_PV':4 , 0.0
Operation , MediumFuelCosts , DispatchProj , 'C-Commercial_PV':5 , 0.0
Operation , MediumFuelCosts , DispatchProj , 'C-Commercial_PV':6 , 0.0
Operation , MediumFuelCosts , DispatchProj , 'C-Commercial_PV':7 , 0.0
Operation , MediumFuelCosts , DispatchProj , 'C-NG_CC':1 , 1.91538670282
Operation , MediumFuelCosts , DispatchProj , 'C-NG_CC':2 , 0.0776893954901
Operation , MediumFuelCosts , DispatchProj , 'C-NG_CC':3 , 1.78496106299
Operation , MediumFuelCosts , DispatchProj , 'C-NG_CC':4 , 0.275903361188
Operation , MediumFuelCosts , DispatchProj , 'C-NG_CC':5 , 1.5393616956
Operation , MediumFuelCosts , DispatchProj , 'C-NG_CC':6 , 4.73184417531
Operation , MediumFuelCosts , DispatchProj , 'C-NG_CC':7 , 5.12721121834
Operation , MediumFuelCosts , DispatchProj , 'C-NG_GT':1 , 0.0
Operation , MediumFuelCosts , DispatchProj , 'C-NG_GT':2 , 0.0
Operation , MediumFuelCosts , DispatchProj , 'C-NG_GT':3 , 0.0
Operation , MediumFuelCosts , DispatchProj , 'C-NG_GT':4 , 0.0
Operation , MediumFuelCosts , DispatchProj , 'C-NG_GT':5 , 0.0
Operation , MediumFuelCosts , DispatchProj , 'C-NG_GT':6 , 0.0
Operation , MediumFuelCosts , DispatchProj , 'C-NG_GT':7 , 0.0
Operation , MediumFuelCosts , DispatchProj , 'C-Nuclear':7 , 0.0
Operation , MediumFuelCosts , DispatchProj , 'C-Residential_PV':1 , 0.0
Operation , MediumFuelCosts , DispatchProj , 'C-Residential_PV':2 , 0.0
Operation , MediumFuelCosts , DispatchProj , 'C-Residential_PV':3 , 0.0
Operation , MediumFuelCosts , DispatchProj , 'C-Residential_PV':4 , 0.0
Operation , MediumFuelCosts , DispatchProj , 'C-Residential_PV':5 , 0.0
Operation , MediumFuelCosts , DispatchProj , 'C-Residential_PV':6 , 0.0
Operation , MediumFuelCosts , DispatchProj , 'C-Residential_PV':7 , 0.0
Operation , MediumFuelCosts , DispatchProj , 'C-Wind-1':1 , 0.156434163166
Operation , MediumFuelCosts , DispatchProj , 'C-Wind-1':2 , 0.0948085837367
Operation , MediumFuelCosts , DispatchProj , 'C-Wind-1':3 , 0.173025665319
Operation , MediumFuelCosts , DispatchProj , 'C-Wind-1':4 , 0.118510729671
Operation , MediumFuelCosts , DispatchProj , 'C-Wind-1':5 , 0.0521447210552
Operation , MediumFuelCosts , DispatchProj , 'C-Wind-1':6 , 0.0118510729671
Operation , MediumFuelCosts , DispatchProj , 'C-Wind-1':7 , 3.1808
Operation , MediumFuelCosts , DispatchProj , 'C-Wind-2':1 , 0.132279134012
Operation , MediumFuelCosts , DispatchProj , 'C-Wind-2':2 , 0.0768072391037
Operation , MediumFuelCosts , DispatchProj , 'C-Wind-2':3 , 0.14081327169
Operation , MediumFuelCosts , DispatchProj , 'C-Wind-2':4 , 0.102409652138
Operation , MediumFuelCosts , DispatchProj , 'C-Wind-2':5 , 0.0298694818737
Operation , MediumFuelCosts , DispatchProj , 'C-Wind-2':6 , 0.0106676720977
Operation , MediumFuelCosts , DispatchProj , 'C-Wind-2':7 , 2.56452
Operation , MediumFuelCosts , DispatchProj , 'N-Biomass_IGCC':1 , 0.0
Operation , MediumFuelCosts , DispatchProj , 'N-Biomass_IGCC':2 , 0.0
Operation , MediumFuelCosts , DispatchProj , 'N-Biomass_IGCC':3 , 0.0
Operation , MediumFuelCosts , DispatchProj , 'N-Biomass_IGCC':4 , 0.0
Operation , MediumFuelCosts , DispatchProj , 'N-Biomass_IGCC':5 , 0.0
Operation , MediumFuelCosts , DispatchProj , 'N-Biomass_IGCC':6 , 0.0
Operation , MediumFuelCosts , DispatchProj , 'N-Biomass_IGCC':7 , 0.0
Operation , MediumFuelCosts , DispatchProj , 'N-Biomass_IGCC_CCS':7 , 0.0
Operation , MediumFuelCosts , DispatchProj , 'N-Central_PV-1':1 , 0.0
Operation , MediumFuelCosts , DispatchProj , 'N-Central_PV-1':2 , 0.0
Operation , MediumFuelCosts , DispatchProj , 'N-Central_PV-1':3 , 0.0
Operation , MediumFuelCosts , DispatchProj , 'N-Central_PV-1':4 , 0.0
Operation , MediumFuelCosts , DispatchProj , 'N-Central_PV-1':5 , 0.0
Operation , MediumFuelCosts , DispatchProj , 'N-Central_PV-1':6 , 0.0
Operation , MediumFuelCosts , DispatchProj , 'N-Central_PV-1':7 , 0.0
Operation , MediumFuelCosts , DispatchProj , 'N-Central_PV-2':1 , 0.0
Operation , MediumFuelCosts , DispatchProj , 'N-Central_PV-2':2 , 0.0
Operation , MediumFuelCosts , DispatchProj , 'N-Central_PV-2':3 , 0.0
Operation , MediumFuelCosts , DispatchProj , 'N-Central_PV-2':4 , 0.0
Operation , MediumFuelCosts , DispatchProj , 'N-Central_PV-2':5 , 0.0
Operation , MediumFuelCosts , DispatchProj , 'N-Central_PV-2':6 , 0.0
Operation , MediumFuelCosts , DispatchProj , 'N-Central_PV-2':7 , 0.0
Operation , MediumFuelCosts , DispatchProj , 'N-Coal_IGCC':1 , 0.0
Operation , MediumFuelCosts , DispatchProj , 'N-Coal_IGCC':2 , 0.0
Operation , MediumFuelCosts , DispatchProj , 'N-Coal_IGCC':3 , 0.0
Operation , MediumFuelCosts , DispatchProj , 'N-Coal_IGCC':4 , 0.0
Operation , MediumFuelCosts , DispatchProj , 'N-Coal_IGCC':5 , 0.0
Operation , MediumFuelCosts , DispatchProj , 'N-Coal_IGCC':6 , 0.0
Operation , MediumFuelCosts , DispatchProj , 'N-Coal_IGCC':7 , 0.0
Operation , MediumFuelCosts , DispatchProj , 'N-Coal_IGCC_CCS':7 , 0.0
Operation , MediumFuelCosts , DispatchProj , 'N-Coal_ST':1 , 1.692
Operation , MediumFuelCosts , DispatchProj , 'N-Coal_ST':2 , 1.692
Operation , MediumFuelCosts , DispatchProj , 'N-Coal_ST':3 , 1.692
Operation , MediumFuelCosts , DispatchProj , 'N-Coal_ST':4 , 1.692
Operation , MediumFuelCosts , DispatchProj , 'N-Coal_ST':5 , 1.692
Operation , MediumFuelCosts , DispatchProj , 'N-Coal_ST':6 , 1.692
Operation , MediumFuelCosts , DispatchProj , 'N-Coal_ST':7 , 1.692
Operation , MediumFuelCosts , DispatchProj , 'N-Commercial_PV':1 , 0.0
Operation , MediumFuelCosts , DispatchProj , 'N-Commercial_PV':2 , 0.0
Operation , MediumFuelCosts , DispatchProj , 'N-Commercial_PV':3 , 0.0
Operation , MediumFuelCosts , DispatchProj , 'N-Commercial_PV':4 , 0.0
Operation , MediumFuelCosts , DispatchProj , 'N-Commercial_PV':5 , 0.0
Operation , MediumFuelCosts , DispatchProj , 'N-Commercial_PV':6 , 0.0
Operation , MediumFuelCosts , DispatchProj , 'N-Commercial_PV':7 , 0.0
Operation , MediumFuelCosts , DispatchProj , 'N-Geothermal':1 , 0.96858075
Operation , MediumFuelCosts , DispatchProj , 'N-Geothermal':2 , 0.96858075
Operation , MediumFuelCosts , DispatchProj , 'N-Geothermal':3 , 0.96858075
Operation , MediumFuelCosts , DispatchProj , 'N-Geothermal':4 , 0.96858075
Operation , MediumFuelCosts , DispatchProj , 'N-Geothermal':5 , 0.96858075
Operation , MediumFuelCosts , DispatchProj , 'N-Geothermal':6 , 0.96858075
Operation , MediumFuelCosts , DispatchProj , 'N-Geothermal':7 , 0.96858075
Operation , MediumFuelCosts , DispatchProj , 'N-NG_CC':1 , 1.92849925
Operation , MediumFuelCosts , DispatchProj , 'N-NG_CC':2 , 1.22339925
Operation , MediumFuelCosts , DispatchProj , 'N-NG_CC':3 , 1.37217925
Operation , MediumFuelCosts , DispatchProj , 'N-NG_CC':4 , 1.30477925
Operation , MediumFuelCosts , DispatchProj , 'N-NG_CC':5 , 1.38243925
Operation , MediumFuelCosts , DispatchProj , 'N-NG_CC':6 , 2.27242000036
Operation , MediumFuelCosts , DispatchProj , 'N-NG_CC':7 , 0.0
Operation , MediumFuelCosts , DispatchProj , 'N-NG_CC_CCS':7 , 0.0
Operation , MediumFuelCosts , DispatchProj , 'N-NG_GT':1 , 0.0
Operation , MediumFuelCosts , DispatchProj , 'N-NG_GT':2 , 0.0
Operation , MediumFuelCosts , DispatchProj , 'N-NG_GT':3 , 0.0
Operation , MediumFuelCosts , DispatchProj , 'N-NG_GT':4 , 0.0
Operation , MediumFuelCosts , DispatchProj , 'N-NG_GT':5 , 0.0
Operation , MediumFuelCosts , DispatchProj , 'N-NG_GT':6 , 0.0
Operation , MediumFuelCosts , DispatchProj , 'N-NG_GT':7 , 0.0
Operation , MediumFuelCosts , DispatchProj , 'N-Nuclear':7 , 0.0
Operation , MediumFuelCosts , DispatchProj , 'N-Residential_PV':1 , 0.0
Operation , MediumFuelCosts , DispatchProj , 'N-Residential_PV':2 , 0.0
Operation , MediumFuelCosts , DispatchProj , 'N-Residential_PV':3 , 0.0
Operation , MediumFuelCosts , DispatchProj , 'N-Residential_PV':4 , 0.0
Operation , MediumFuelCosts , DispatchProj , 'N-Residential_PV':5 , 0.0
Operation , MediumFuelCosts , DispatchProj , 'N-Residential_PV':6 , 0.0
Operation , MediumFuelCosts , DispatchProj , 'N-Residential_PV':7 , 0.0
Operation , MediumFuelCosts , DispatchProj , 'N-Wind-1':1 , 0.0
Operation , MediumFuelCosts , DispatchProj , 'N-Wind-1':2 , 0.0
Operation , MediumFuelCosts , DispatchProj , 'N-Wind-1':3 , 0.0
Operation , MediumFuelCosts , DispatchProj , 'N-Wind-1':4 , 0.0
Operation , MediumFuelCosts , DispatchProj , 'N-Wind-1':5 , 0.0
Operation , MediumFuelCosts , DispatchProj , 'N-Wind-1':6 , 0.0
Operation , MediumFuelCosts , DispatchProj , 'N-Wind-1':7 , 3.18079999963
Operation , MediumFuelCosts , DispatchProj , 'N-Wind-2':1 , 0.67592
Operation , MediumFuelCosts , DispatchProj , 'N-Wind-2':2 , 0.32802
Operation , MediumFuelCosts , DispatchProj , 'N-Wind-2':3 , 0.70574
Operation , MediumFuelCosts , DispatchProj , 'N-Wind-2':4 , 0.45724
Operation , MediumFuelCosts , DispatchProj , 'N-Wind-2':5 , 0.16898
Operation , MediumFuelCosts , DispatchProj , 'N-Wind-2':6 , 0.12922
Operation , MediumFuelCosts , DispatchProj , 'N-Wind-2':7 , 0.86478
Operation , MediumFuelCosts , DispatchProj , 'S-Biomass_IGCC':1 , 0.0
Operation , MediumFuelCosts , DispatchProj , 'S-Biomass_IGCC':2 , 0.0
Operation , MediumFuelCosts , DispatchProj , 'S-Biomass_IGCC':3 , 0.0
Operation , MediumFuelCosts , DispatchProj , 'S-Biomass_IGCC':4 , 0.0
Operation , MediumFuelCosts , DispatchProj , 'S-Biomass_IGCC':5 , 0.0
Operation , MediumFuelCosts , DispatchProj , 'S-Biomass_IGCC':6 , 0.0
Operation , MediumFuelCosts , DispatchProj , 'S-Biomass_IGCC':7 , 0.0
Operation , MediumFuelCosts , DispatchProj , 'S-Biomass_IGCC_CCS':7 , 0.0
Operation , MediumFuelCosts , DispatchProj , 'S-Central_PV-1':1 , 0.0
Operation , MediumFuelCosts , DispatchProj , 'S-Central_PV-1':2 , 0.0
Operation , MediumFuelCosts , DispatchProj , 'S-Central_PV-1':3 , 0.0
Operation , MediumFuelCosts , DispatchProj , 'S-Central_PV-1':4 , 0.0
Operation , MediumFuelCosts , DispatchProj , 'S-Central_PV-1':5 , 0.0
Operation , MediumFuelCosts , DispatchProj , 'S-Central_PV-1':6 , 0.0
Operation , MediumFuelCosts , DispatchProj , 'S-Central_PV-1':7 , 0.0
Operation , MediumFuelCosts , DispatchProj , 'S-Central_PV-2':1 , 0.0
Operation , MediumFuelCosts , DispatchProj , 'S-Central_PV-2':2 , 0.0
Operation , MediumFuelCosts , DispatchProj , 'S-Central_PV-2':3 , 0.0
Operation , MediumFuelCosts , DispatchProj , 'S-Central_PV-2':4 , 0.0
Operation , MediumFuelCosts , DispatchProj , 'S-Central_PV-2':5 , 0.0
Operation , MediumFuelCosts , DispatchProj , 'S-Central_PV-2':6 , 0.0
Operation , MediumFuelCosts , DispatchProj , 'S-Central_PV-2':7 , 0.0
Operation , MediumFuelCosts , DispatchProj , 'S-Commercial_PV':1 , 0.0
Operation , MediumFuelCosts , DispatchProj , 'S-Commercial_PV':2 , 0.0
Operation , MediumFuelCosts , DispatchProj , 'S-Commercial_PV':3 , 0.0
Operation , MediumFuelCosts , DispatchProj , 'S-Commercial_PV':4 , 0.0
Operation , MediumFuelCosts , DispatchProj , 'S-Commercial_PV':5 , 0.0
Operation , MediumFuelCosts , DispatchProj , 'S-Commercial_PV':6 , 0.0
Operation , MediumFuelCosts , DispatchProj , 'S-Commercial_PV':7 , 0.0
Operation , MediumFuelCosts , DispatchProj , 'S-Geothermal':1 , 2.90574225
Operation , MediumFuelCosts , DispatchProj , 'S-Geothermal':2 , 2.90574225
Operation , MediumFuelCosts , DispatchProj , 'S-Geothermal':3 , 2.90574225
Operation , MediumFuelCosts , DispatchProj , 'S-Geothermal':4 , 2.90574225
Operation , MediumFuelCosts , DispatchProj , 'S-Geothermal':5 , 2.90574225
Operation , MediumFuelCosts , DispatchProj , 'S-Geothermal':6 , 2.90574225
Operation , MediumFuelCosts , DispatchProj , 'S-Geothermal':7 , 2.90574225
Operation , MediumFuelCosts , DispatchProj , 'S-NG_CC':1 , 3.41225775
Operation , MediumFuelCosts , DispatchProj , 'S-NG_CC':2 , 4.46525775
Operation , MediumFuelCosts , DispatchProj , 'S-NG_CC':3 , 3.93875775
Operation , MediumFuelCosts , DispatchProj , 'S-NG_CC':4 , 4.67585775
Operation , MediumFuelCosts , DispatchProj , 'S-NG_CC':5 , 5.37314440538
Operation , MediumFuelCosts , DispatchProj , 'S-NG_CC':6 , 5.37314440538
Operation , MediumFuelCosts , DispatchProj , 'S-NG_CC':7 , 1.40089173926
Operation , MediumFuelCosts , DispatchProj , 'S-NG_CC_CCS':7 , 0.0
Operation , MediumFuelCosts , DispatchProj , 'S-NG_GT':1 , 0.0
Operation , MediumFuelCosts , DispatchProj , 'S-NG_GT':2 , 0.0
Operation , MediumFuelCosts , DispatchProj , 'S-NG_GT':3 , 0.0
Operation , MediumFuelCosts , DispatchProj , 'S-NG_GT':4 , 0.0
Operation , MediumFuelCosts , DispatchProj , 'S-NG_GT':5 , 0.0
Operation , MediumFuelCosts , DispatchProj , 'S-NG_GT':6 , 0.0
Operation , MediumFuelCosts , DispatchProj , 'S-NG_GT':7 , 0.0
Operation , MediumFuelCosts , DispatchProj , 'S-Residential_PV':1 , 0.0
Operation , MediumFuelCosts , DispatchProj , 'S-Residential_PV':2 , 0.0
Operation , MediumFuelCosts , DispatchProj , 'S-Residential_PV':3 , 0.0
Operation , MediumFuelCosts , DispatchProj , 'S-Residential_PV':4 , 0.0
Operation , MediumFuelCosts , DispatchProj , 'S-Residential_PV':5 , 0.0
Operation , MediumFuelCosts , DispatchProj , 'S-Residential_PV':6 , 0.0
Operation , MediumFuelCosts , DispatchProj , 'S-Residential_PV':7 , 0.0
Operation , MediumFuelCosts , ProjFuelUseRate , 'C-Biomass_IGCC':1:'BioSolid' , 0.0
Operation , MediumFuelCosts , ProjFuelUseRate , 'C-Biomass_IGCC':2:'BioSolid' , 0.0
Operation , MediumFuelCosts , ProjFuelUseRate , 'C-Biomass_IGCC':3:'BioSolid' , 0.0
Operation , MediumFuelCosts , ProjFuelUseRate , 'C-Biomass_IGCC':4:'BioSolid' , 0.0
Operation , MediumFuelCosts , ProjFuelUseRate , 'C-Biomass_IGCC':5:'BioSolid' , 0.0
Operation , MediumFuelCosts , ProjFuelUseRate , 'C-Biomass_IGCC':6:'BioSolid' , 0.0
Operation , MediumFuelCosts , ProjFuelUseRate , 'C-Biomass_IGCC':7:'BioSolid' , 0.0
Operation , MediumFuelCosts , ProjFuelUseRate , 'C-Coal_IGCC':1:'Coal' , 0.0
Operation , MediumFuelCosts , ProjFuelUseRate , 'C-Coal_IGCC':2:'Coal' , 0.0
Operation , MediumFuelCosts , ProjFuelUseRate , 'C-Coal_IGCC':3:'Coal' , 0.0
Operation , MediumFuelCosts , ProjFuelUseRate , 'C-Coal_IGCC':4:'Coal' , 0.0
Operation , MediumFuelCosts , ProjFuelUseRate , 'C-Coal_IGCC':5:'Coal' , 0.0
Operation , MediumFuelCosts , ProjFuelUseRate , 'C-Coal_IGCC':6:'Coal' , 0.0
Operation , MediumFuelCosts , ProjFuelUseRate , 'C-Coal_IGCC':7:'Coal' , 0.0
Operation , MediumFuelCosts , ProjFuelUseRate , 'C-Coal_ST':1:'Coal' , 16.074
Operation , MediumFuelCosts , ProjFuelUseRate , 'C-Coal_ST':2:'Coal' , 16.074
Operation , MediumFuelCosts , ProjFuelUseRate , 'C-Coal_ST':3:'Coal' , 16.074
Operation , MediumFuelCosts , ProjFuelUseRate , 'C-Coal_ST':4:'Coal' , 16.074
Operation , MediumFuelCosts , ProjFuelUseRate , 'C-Coal_ST':5:'Coal' , 16.074
Operation , MediumFuelCosts , ProjFuelUseRate , 'C-Coal_ST':6:'Coal' , 16.074
Operation , MediumFuelCosts , ProjFuelUseRate , 'C-NG_CC':1:'NaturalGas' , 12.8426678424
Operation , MediumFuelCosts , ProjFuelUseRate , 'C-NG_CC':2:'NaturalGas' , 0.520907396761
Operation , MediumFuelCosts , ProjFuelUseRate , 'C-NG_CC':3:'NaturalGas' , 11.9681639274
Operation , MediumFuelCosts , ProjFuelUseRate , 'C-NG_CC':4:'NaturalGas' , 1.84993203677
Operation , MediumFuelCosts , ProjFuelUseRate , 'C-NG_CC':5:'NaturalGas' , 10.321420169
Operation , MediumFuelCosts , ProjFuelUseRate , 'C-NG_CC':6:'NaturalGas' , 31.7270151954
Operation , MediumFuelCosts , ProjFuelUseRate , 'C-NG_CC':7:'NaturalGas' , 34.377951219
Operation , MediumFuelCosts , ProjFuelUseRate , 'C-NG_GT':1:'NaturalGas' , 0.0
Operation , MediumFuelCosts , ProjFuelUseRate , 'C-NG_GT':2:'NaturalGas' , 0.0
Operation , MediumFuelCosts , ProjFuelUseRate , 'C-NG_GT':3:'NaturalGas' , 0.0
Operation , MediumFuelCosts , ProjFuelUseRate , 'C-NG_GT':4:'NaturalGas' , 0.0
Operation , MediumFuelCosts , ProjFuelUseRate , 'C-NG_GT':5:'NaturalGas' , 0.0
Operation , MediumFuelCosts , ProjFuelUseRate , 'C-NG_GT':6:'NaturalGas' , 0.0
Operation , MediumFuelCosts , ProjFuelUseRate , 'C-NG_GT':7:'NaturalGas' , 0.0
Operation , MediumFuelCosts , ProjFuelUseRate , 'C-Nuclear':7:'Uranium' , 0.0
Operation , MediumFuelCosts , ProjFuelUseRate , 'N-Biomass_IGCC':1:'BioSolid' , 0.0
Operation , MediumFuelCosts , ProjFuelUseRate , 'N-Biomass_IGCC':2:'BioSolid' , 0.0
Operation , MediumFuelCosts , ProjFuelUseRate , 'N-Biomass_IGCC':3:'BioSolid' , 0.0
Operation , MediumFuelCosts , ProjFuelUseRate , 'N-Biomass_IGCC':4:'BioSolid' , 0.0
Operation , MediumFuelCosts , ProjFuelUseRate , 'N-Biomass_IGCC':5:'BioSolid' , 0.0
Operation , MediumFuelCosts , ProjFuelUseRate , 'N-Biomass_IGCC':6:'BioSolid' , 0.0
Operation , MediumFuelCosts , ProjFuelUseRate , 'N-Biomass_IGCC':7:'BioSolid' , 0.0
Operation , MediumFuelCosts , ProjFuelUseRate , 'N-Biomass_IGCC_CCS':7:'BioSolid' , 0.0
Operation , MediumFuelCosts , ProjFuelUseRate , 'N-Coal_IGCC':1:'Coal' , 0.0
Operation , MediumFuelCosts , ProjFuelUseRate , 'N-Coal_IGCC':2:'Coal' , 0.0
Operation , MediumFuelCosts , ProjFuelUseRate , 'N-Coal_IGCC':3:'Coal' , 0.0
Operation , MediumFuelCosts , ProjFuelUseRate , 'N-Coal_IGCC':4:'Coal' , 0.0
Operation , MediumFuelCosts , ProjFuelUseRate , 'N-Coal_IGCC':5:'Coal' , 0.0
Operation , MediumFuelCosts , ProjFuelUseRate , 'N-Coal_IGCC':6:'Coal' , 0.0
Operation , MediumFuelCosts , ProjFuelUseRate , 'N-Coal_IGCC':7:'Coal' , 0.0
Operation , MediumFuelCosts , ProjFuelUseRate , 'N-Coal_IGCC_CCS':7:'Coal' , 0.0
Operation , MediumFuelCosts , ProjFuelUseRate , 'N-Coal_ST':1:'Coal' , 15.228
Operation , MediumFuelCosts , ProjFuelUseRate , 'N-Coal_ST':2:'Coal' , 15.228
Operation , MediumFuelCosts , ProjFuelUseRate , 'N-Coal_ST':3:'Coal' , 15.228
Operation , MediumFuelCosts , ProjFuelUseRate , 'N-Coal_ST':4:'Coal' , 15.228
Operation , MediumFuelCosts , ProjFuelUseRate , 'N-Coal_ST':5:'Coal' , 15.228
Operation , MediumFuelCosts , ProjFuelUseRate , 'N-Coal_ST':6:'Coal' , 15.228
Operation , MediumFuelCosts , ProjFuelUseRate , 'N-Coal_ST':7:'Coal' , 15.228
Operation , MediumFuelCosts , ProjFuelUseRate , 'N-NG_CC':1:'NaturalGas' , 12.9305874712
Operation , MediumFuelCosts , ProjFuelUseRate , 'N-NG_CC':2:'NaturalGas' , 8.20289197125
Operation , MediumFuelCosts , ProjFuelUseRate , 'N-NG_CC':3:'NaturalGas' , 9.20046187125
Operation , MediumFuelCosts , ProjFuelUseRate , 'N-NG_CC':4:'NaturalGas' , 8.74854487125
Operation , MediumFuelCosts , ProjFuelUseRate , 'N-NG_CC':5:'NaturalGas' , 9.26925517125
Operation , MediumFuelCosts , ProjFuelUseRate , 'N-NG_CC':6:'NaturalGas' , 15.2365761024
Operation , MediumFuelCosts , ProjFuelUseRate , 'N-NG_CC':7:'NaturalGas' , 0.0
Operation , MediumFuelCosts , ProjFuelUseRate , 'N-NG_CC_CCS':7:'NaturalGas' , 0.0
Operation , MediumFuelCosts , ProjFuelUseRate , 'N-NG_GT':1:'NaturalGas' , 0.0
Operation , MediumFuelCosts , ProjFuelUseRate , 'N-NG_GT':2:'NaturalGas' , 0.0
Operation , MediumFuelCosts , ProjFuelUseRate , 'N-NG_GT':3:'NaturalGas' , 0.0
Operation , MediumFuelCosts , ProjFuelUseRate , 'N-NG_GT':4:'NaturalGas' , 0.0
Operation , MediumFuelCosts , ProjFuelUseRate , 'N-NG_GT':5:'NaturalGas' , 0.0
Operation , MediumFuelCosts , ProjFuelUseRate , 'N-NG_GT':6:'NaturalGas' , 0.0
Operation , MediumFuelCosts , ProjFuelUseRate , 'N-NG_GT':7:'NaturalGas' , 0.0
Operation , MediumFuelCosts , ProjFuelUseRate , 'N-Nuclear':7:'Uranium' , 0.0
Operation , MediumFuelCosts , ProjFuelUseRate , 'S-Biomass_IGCC':1:'BioSolid' , 0.0
Operation , MediumFuelCosts , ProjFuelUseRate , 'S-Biomass_IGCC':2:'BioSolid' , 0.0
Operation , MediumFuelCosts , ProjFuelUseRate , 'S-Biomass_IGCC':3:'BioSolid' , 0.0
Operation , MediumFuelCosts , ProjFuelUseRate , 'S-Biomass_IGCC':4:'BioSolid' , 0.0
Operation , MediumFuelCosts , ProjFuelUseRate , 'S-Biomass_IGCC':5:'BioSolid' , 0.0
Operation , MediumFuelCosts , ProjFuelUseRate , 'S-Biomass_IGCC':6:'BioSolid' , 0.0
Operation , MediumFuelCosts , ProjFuelUseRate , 'S-Biomass_IGCC':7:'BioSolid' , 0.0
Operation , MediumFuelCosts , ProjFuelUseRate , 'S-Biomass_IGCC_CCS':7:'BioSolid' , 0.0
Operation , MediumFuelCosts , ProjFuelUseRate , 'S-NG_CC':1:'NaturalGas' , 22.8791882137
Operation , MediumFuelCosts , ProjFuelUseRate , 'S-NG_CC':2:'NaturalGas' , 29.9395532138
Operation , MediumFuelCosts , ProjFuelUseRate , 'S-NG_CC':3:'NaturalGas' , 26.4093707138
Operation , MediumFuelCosts , ProjFuelUseRate , 'S-NG_CC':4:'NaturalGas' , 31.3516262138
Operation , MediumFuelCosts , ProjFuelUseRate , 'S-NG_CC':5:'NaturalGas' , 36.0269332381
Operation , MediumFuelCosts , ProjFuelUseRate , 'S-NG_CC':6:'NaturalGas' , 36.0269332381
Operation , MediumFuelCosts , ProjFuelUseRate , 'S-NG_CC':7:'NaturalGas' , 9.39297911176
Operation , MediumFuelCosts , ProjFuelUseRate , 'S-NG_CC_CCS':7:'NaturalGas' , 0.0
Operation , MediumFuelCosts , ProjFuelUseRate , 'S-NG_GT':1:'NaturalGas' , 0.0
Operation , MediumFuelCosts , ProjFuelUseRate , 'S-NG_GT':2:'NaturalGas' , 0.0
Operation , MediumFuelCosts , ProjFuelUseRate , 'S-NG_GT':3:'NaturalGas' , 0.0
Operation , MediumFuelCosts , ProjFuelUseRate , 'S-NG_GT':4:'NaturalGas' , 0.0
Operation , MediumFuelCosts , ProjFuelUseRate , 'S-NG_GT':5:'NaturalGas' , 0.0
Operation , MediumFuelCosts , ProjFuelUseRate , 'S-NG_GT':6:'NaturalGas' , 0.0
Operation , MediumFuelCosts , ProjFuelUseRate , 'S-NG_GT':7:'NaturalGas' , 0.0
Operation , MediumFuelCosts , OperationCost , None , 48230926.366
Operation , HighFuelCosts , DispatchProj , 'C-Biomass_IGCC':1 , 0.0
Operation , HighFuelCosts , DispatchProj , 'C-Biomass_IGCC':2 , 0.0
Operation , HighFuelCosts , DispatchProj , 'C-Biomass_IGCC':3 , 0.0
Operation , HighFuelCosts , DispatchProj , 'C-Biomass_IGCC':4 , 0.0
Operation , HighFuelCosts , DispatchProj , 'C-Biomass_IGCC':5 , 0.0
Operation , HighFuelCosts , DispatchProj , 'C-Biomass_IGCC':6 , 0.0
Operation , HighFuelCosts , DispatchProj , 'C-Biomass_IGCC':7 , 0.0
Operation , HighFuelCosts , DispatchProj , 'C-Central_PV-1':1 , 0.0
Operation , HighFuelCosts , DispatchProj , 'C-Central_PV-1':2 , 0.57992782746
Operation , HighFuelCosts , DispatchProj , 'C-Central_PV-1':3 , 0.0
Operation , HighFuelCosts , DispatchProj , 'C-Central_PV-1':4 , 0.608448868155
Operation , HighFuelCosts , DispatchProj , 'C-Central_PV-1':5 , 0.0
Operation , HighFuelCosts , DispatchProj , 'C-Central_PV-1':6 , 0.751054071629
Operation , HighFuelCosts , DispatchProj , 'C-Central_PV-1':7 , 0.370773529032
Operation , HighFuelCosts , DispatchProj , 'C-Central_PV-2':1 , 0.0
Operation , HighFuelCosts , DispatchProj , 'C-Central_PV-2':2 , 0.637766954209
Operation , HighFuelCosts , DispatchProj , 'C-Central_PV-2':3 , 0.0
Operation , HighFuelCosts , DispatchProj , 'C-Central_PV-2':4 , 0.677627388847
Operation , HighFuelCosts , DispatchProj , 'C-Central_PV-2':5 , 0.0
Operation , HighFuelCosts , DispatchProj , 'C-Central_PV-2':6 , 0.717487823485
Operation , HighFuelCosts , DispatchProj , 'C-Central_PV-2':7 , 0.40856945504
Operation , HighFuelCosts , DispatchProj , 'C-Coal_IGCC':1 , 0.0
Operation , HighFuelCosts , DispatchProj , 'C-Coal_IGCC':2 , 0.0
Operation , HighFuelCosts , DispatchProj , 'C-Coal_IGCC':3 , 0.0
Operation , HighFuelCosts , DispatchProj , 'C-Coal_IGCC':4 , 0.0
Operation , HighFuelCosts , DispatchProj , 'C-Coal_IGCC':5 , 0.0
Operation , HighFuelCosts , DispatchProj , 'C-Coal_IGCC':6 , 0.0
Operation , HighFuelCosts , DispatchProj , 'C-Coal_IGCC':7 , 0.0
Operation , HighFuelCosts , DispatchProj , 'C-Coal_ST':1 , 1.692
Operation , HighFuelCosts , DispatchProj , 'C-Coal_ST':2 , 1.692
Operation , HighFuelCosts , DispatchProj , 'C-Coal_ST':3 , 1.692
Operation , HighFuelCosts , DispatchProj , 'C-Coal_ST':4 , 1.692
Operation , HighFuelCosts , DispatchProj , 'C-Coal_ST':5 , 1.692
Operation , HighFuelCosts , DispatchProj , 'C-Coal_ST':6 , 1.692
Operation , HighFuelCosts , DispatchProj , 'C-Commercial_PV':1 , 0.0
Operation , HighFuelCosts , DispatchProj , 'C-Commercial_PV':2 , 0.0
Operation , HighFuelCosts , DispatchProj , 'C-Commercial_PV':3 , 0.0
Operation , HighFuelCosts , DispatchProj , 'C-Commercial_PV':4 , 0.0
Operation , HighFuelCosts , DispatchProj , 'C-Commercial_PV':5 , 0.0
Operation , HighFuelCosts , DispatchProj , 'C-Commercial_PV':6 , 0.0
Operation , HighFuelCosts , DispatchProj , 'C-Commercial_PV':7 , 0.0
Operation , HighFuelCosts , DispatchProj , 'C-NG_CC':1 , 1.91538670282
Operation , HighFuelCosts , DispatchProj , 'C-NG_CC':2 , 0.0776893954901
Operation , HighFuelCosts , DispatchProj , 'C-NG_CC':3 , 1.78496106299
Operation , HighFuelCosts , DispatchProj , 'C-NG_CC':4 , 0.275903361188
Operation , HighFuelCosts , DispatchProj , 'C-NG_CC':5 , 1.5393616956
Operation , HighFuelCosts , DispatchProj , 'C-NG_CC':6 , 4.73184417531
Operation , HighFuelCosts , DispatchProj , 'C-NG_CC':7 , 8.59106069724
Operation , HighFuelCosts , DispatchProj , 'C-NG_GT':1 , 0.0
Operation , HighFuelCosts , DispatchProj , 'C-NG_GT':2 , 0.0
Operation , HighFuelCosts , DispatchProj , 'C-NG_GT':3 , 0.0
Operation , HighFuelCosts , DispatchProj , 'C-NG_GT':4 , 0.0
Operation , HighFuelCosts , DispatchProj , 'C-NG_GT':5 , 0.0
Operation , HighFuelCosts , DispatchProj , 'C-NG_GT':6 , 0.0
Operation , HighFuelCosts , DispatchProj , 'C-NG_GT':7 , 0.0
Operation , HighFuelCosts , DispatchProj , 'C-Nuclear':7 , 0.0
Operation , HighFuelCosts , DispatchProj , 'C-Residential_PV':1 , 0.0
Operation , HighFuelCosts , DispatchProj , 'C-Residential_PV':2 , 0.0
Operation , HighFuelCosts , DispatchProj , 'C-Residential_PV':3 , 0.0
Operation , HighFuelCosts , DispatchProj , 'C-Residential_PV':4 , 0.0
Operation , HighFuelCosts , DispatchProj , 'C-Residential_PV':5 , 0.0
Operation , HighFuelCosts , DispatchProj , 'C-Residential_PV':6 , 0.0
Operation , HighFuelCosts , DispatchProj , 'C-Residential_PV':7 , 0.0
Operation , HighFuelCosts , DispatchProj , 'C-Wind-1':1 , 0.156434163166
Operation , HighFuelCosts , DispatchProj , 'C-Wind-1':2 , 0.0948085837367
Operation , HighFuelCosts , DispatchProj , 'C-Wind-1':3 , 0.173025665319
Operation , HighFuelCosts , DispatchProj , 'C-Wind-1':4 , 0.118510729671
Operation , HighFuelCosts , DispatchProj , 'C-Wind-1':5 , 0.0521447210552
Operation , HighFuelCosts , DispatchProj , 'C-Wind-1':6 , 0.0118510729671
Operation , HighFuelCosts , DispatchProj , 'C-Wind-1':7 , 3.1808
Operation , HighFuelCosts , DispatchProj , 'C-Wind-2':1 , 0.132279134012
Operation , HighFuelCosts , DispatchProj , 'C-Wind-2':2 , 0.0768072391037
Operation , HighFuelCosts , DispatchProj , 'C-Wind-2':3 , 0.14081327169
Operation , HighFuelCosts , DispatchProj , 'C-Wind-2':4 , 0.102409652138
Operation , HighFuelCosts , DispatchProj , 'C-Wind-2':5 , 0.0298694818737
Operation , HighFuelCosts , DispatchProj , 'C-Wind-2':6 , 0.0106676720977
Operation , HighFuelCosts , DispatchProj , 'C-Wind-2':7 , 2.56452
Operation , HighFuelCosts , DispatchProj , 'N-Biomass_IGCC':1 , 0.0
Operation , HighFuelCosts , DispatchProj , 'N-Biomass_IGCC':2 , 0.0
Operation , HighFuelCosts , DispatchProj , 'N-Biomass_IGCC':3 , 0.0
Operation , HighFuelCosts , DispatchProj , 'N-Biomass_IGCC':4 , 0.0
Operation , HighFuelCosts , DispatchProj , 'N-Biomass_IGCC':5 , 0.0
Operation , HighFuelCosts , DispatchProj , 'N-Biomass_IGCC':6 , 0.0
Operation , HighFuelCosts , DispatchProj , 'N-Biomass_IGCC':7 , 0.0
Operation , HighFuelCosts , DispatchProj , 'N-Biomass_IGCC_CCS':7 , 0.0
Operation , HighFuelCosts , DispatchProj , 'N-Central_PV-1':1 , 0.0
Operation , HighFuelCosts , DispatchProj , 'N-Central_PV-1':2 , 0.0
Operation , HighFuelCosts , DispatchProj , 'N-Central_PV-1':3 , 0.0
Operation , HighFuelCosts , DispatchProj , 'N-Central_PV-1':4 , 0.0
Operation , HighFuelCosts , DispatchProj , 'N-Central_PV-1':5 , 0.0
Operation , HighFuelCosts , DispatchProj , 'N-Central_PV-1':6 , 0.0
Operation , HighFuelCosts , DispatchProj , 'N-Central_PV-1':7 , 0.0
Operation , HighFuelCosts , DispatchProj , 'N-Central_PV-2':1 , 0.0
Operation , HighFuelCosts , DispatchProj , 'N-Central_PV-2':2 , 0.0
Operation , HighFuelCosts , DispatchProj , 'N-Central_PV-2':3 , 0.0
Operation , HighFuelCosts , DispatchProj , 'N-Central_PV-2':4 , 0.0
Operation , HighFuelCosts , DispatchProj , 'N-Central_PV-2':5 , 0.0
Operation , HighFuelCosts , DispatchProj , 'N-Central_PV-2':6 , 0.0
Operation , HighFuelCosts , DispatchProj , 'N-Central_PV-2':7 , 0.0
Operation , HighFuelCosts , DispatchProj , 'N-Coal_IGCC':1 , 0.0
Operation , HighFuelCosts , DispatchProj , 'N-Coal_IGCC':2 , 0.0
Operation , HighFuelCosts , DispatchProj , 'N-Coal_IGCC':3 , 0.0
Operation , HighFuelCosts , DispatchProj , 'N-Coal_IGCC':4 , 0.0
Operation , HighFuelCosts , DispatchProj , 'N-Coal_IGCC':5 , 0.0
Operation , HighFuelCosts , DispatchProj , 'N-Coal_IGCC':6 , 0.0
Operation , HighFuelCosts , DispatchProj , 'N-Coal_IGCC':7 , 0.0
Operation , HighFuelCosts , DispatchProj , 'N-Coal_IGCC_CCS':7 , 0.0
Operation , HighFuelCosts , DispatchProj , 'N-Coal_ST':1 , 1.692
Operation , HighFuelCosts , DispatchProj , 'N-Coal_ST':2 , 1.692
Operation , HighFuelCosts , DispatchProj , 'N-Coal_ST':3 , 1.692
Operation , HighFuelCosts , DispatchProj , 'N-Coal_ST':4 , 1.692
Operation , HighFuelCosts , DispatchProj , 'N-Coal_ST':5 , 1.692
Operation , HighFuelCosts , DispatchProj , 'N-Coal_ST':6 , 1.692
Operation , HighFuelCosts , DispatchProj , 'N-Coal_ST':7 , 0.0
Operation , HighFuelCosts , DispatchProj , 'N-Commercial_PV':1 , 0.0
Operation , HighFuelCosts , DispatchProj , 'N-Commercial_PV':2 , 0.0
Operation , HighFuelCosts , DispatchProj , 'N-Commercial_PV':3 , 0.0
Operation , HighFuelCosts , DispatchProj , 'N-Commercial_PV':4 , 0.0
Operation , HighFuelCosts , DispatchProj , 'N-Commercial_PV':5 , 0.0
Operation , HighFuelCosts , DispatchProj , 'N-Commercial_PV':6 , 0.0
Operation , HighFuelCosts , DispatchProj , 'N-Commercial_PV':7 , 0.0
Operation , HighFuelCosts , DispatchProj , 'N-Geothermal':1 , 0.96858075
Operation , HighFuelCosts , DispatchProj , 'N-Geothermal':2 , 0.96858075
Operation , HighFuelCosts , DispatchProj , 'N-Geothermal':3 , 0.96858075
Operation , HighFuelCosts , DispatchProj , 'N-Geothermal':4 , 0.96858075
Operation , HighFuelCosts , DispatchProj , 'N-Geothermal':5 , 0.96858075
Operation , HighFuelCosts , DispatchProj , 'N-Geothermal':6 , 0.96858075
Operation , HighFuelCosts , DispatchProj , 'N-Geothermal':7 , 0.0
Operation , HighFuelCosts , DispatchProj , 'N-NG_CC':1 , 1.92849925
Operation , HighFuelCosts , DispatchProj , 'N-NG_CC':2 , 1.22339925
Operation , HighFuelCosts , DispatchProj , 'N-NG_CC':3 , 1.37217925
Operation , HighFuelCosts , DispatchProj , 'N-NG_CC':4 , 1.30477925
Operation , HighFuelCosts , DispatchProj , 'N-NG_CC':5 , 1.38243925
Operation , HighFuelCosts , DispatchProj , 'N-NG_CC':6 , 2.27242000036
Operation , HighFuelCosts , DispatchProj , 'N-NG_CC':7 , 2.27241999886
Operation , HighFuelCosts , DispatchProj , 'N-NG_CC_CCS':7 , 0.0
Operation , HighFuelCosts , DispatchProj , 'N-NG_GT':1 , 0.0
Operation , HighFuelCosts , DispatchProj , 'N-NG_GT':2 , 0.0
Operation , HighFuelCosts , DispatchProj , 'N-NG_GT':3 , 0.0
Operation , HighFuelCosts , DispatchProj , 'N-NG_GT':4 , 0.0
Operation , HighFuelCosts , DispatchProj , 'N-NG_GT':5 , 0.0
Operation , HighFuelCosts , DispatchProj , 'N-NG_GT':6 , 0.0
Operation , HighFuelCosts , DispatchProj , 'N-NG_GT':7 , 0.0
Operation , HighFuelCosts , DispatchProj , 'N-Nuclear':7 , 0.0
Operation , HighFuelCosts , DispatchProj , 'N-Residential_PV':1 , 0.0
Operation , HighFuelCosts , DispatchProj , 'N-Residential_PV':2 , 0.0
Operation , HighFuelCosts , DispatchProj , 'N-Residential_PV':3 , 0.0
Operation , HighFuelCosts , DispatchProj , 'N-Residential_PV':4 , 0.0
Operation , HighFuelCosts , DispatchProj , 'N-Residential_PV':5 , 0.0
Operation , HighFuelCosts , DispatchProj , 'N-Residential_PV':6 , 0.0
Operation , HighFuelCosts , DispatchProj , 'N-Residential_PV':7 , 0.0
Operation , HighFuelCosts , DispatchProj , 'N-Wind-1':1 , 0.0
Operation , HighFuelCosts , DispatchProj , 'N-Wind-1':2 , 0.0
Operation , HighFuelCosts , DispatchProj , 'N-Wind-1':3 , 0.0
Operation , HighFuelCosts , DispatchProj , 'N-Wind-1':4 , 0.0
Operation , HighFuelCosts , DispatchProj , 'N-Wind-1':5 , 0.0
Operation , HighFuelCosts , DispatchProj , 'N-Wind-1':6 , 0.0
Operation , HighFuelCosts , DispatchProj , 'N-Wind-1':7 , 3.18079999963
Operation , HighFuelCosts , DispatchProj , 'N-Wind-2':1 , 0.67592
Operation , HighFuelCosts , DispatchProj , 'N-Wind-2':2 , 0.32802
Operation , HighFuelCosts , DispatchProj , 'N-Wind-2':3 , 0.70574
Operation , HighFuelCosts , DispatchProj , 'N-Wind-2':4 , 0.45724
Operation , HighFuelCosts , DispatchProj , 'N-Wind-2':5 , 0.16898
Operation , HighFuelCosts , DispatchProj , 'N-Wind-2':6 , 0.12922
Operation , HighFuelCosts , DispatchProj , 'N-Wind-2':7 , 0.86478
Operation , HighFuelCosts , DispatchProj , 'S-Biomass_IGCC':1 , 0.0
Operation , HighFuelCosts , DispatchProj , 'S-Biomass_IGCC':2 , 0.0
Operation , HighFuelCosts , DispatchProj , 'S-Biomass_IGCC':3 , 0.0
Operation , HighFuelCosts , DispatchProj , 'S-Biomass_IGCC':4 , 0.0
Operation , HighFuelCosts , DispatchProj , 'S-Biomass_IGCC':5 , 0.0
Operation , HighFuelCosts , DispatchProj , 'S-Biomass_IGCC':6 , 0.0
Operation , HighFuelCosts , DispatchProj , 'S-Biomass_IGCC':7 , 0.0
Operation , HighFuelCosts , DispatchProj , 'S-Biomass_IGCC_CCS':7 , 0.0
Operation , HighFuelCosts , DispatchProj , 'S-Central_PV-1':1 , 0.0
Operation , HighFuelCosts , DispatchProj , 'S-Central_PV-1':2 , 0.0
Operation , HighFuelCosts , DispatchProj , 'S-Central_PV-1':3 , 0.0
Operation , HighFuelCosts , DispatchProj , 'S-Central_PV-1':4 , 0.0
Operation , HighFuelCosts , DispatchProj , 'S-Central_PV-1':5 , 0.0
Operation , HighFuelCosts , DispatchProj , 'S-Central_PV-1':6 , 0.0
Operation , HighFuelCosts , DispatchProj , 'S-Central_PV-1':7 , 0.0
Operation , HighFuelCosts , DispatchProj , 'S-Central_PV-2':1 , 0.0
Operation , HighFuelCosts , DispatchProj , 'S-Central_PV-2':2 , 0.0
Operation , HighFuelCosts , DispatchProj , 'S-Central_PV-2':3 , 0.0
Operation , HighFuelCosts , DispatchProj , 'S-Central_PV-2':4 , 0.0
Operation , HighFuelCosts , DispatchProj , 'S-Central_PV-2':5 , 0.0
Operation , HighFuelCosts , DispatchProj , 'S-Central_PV-2':6 , 0.0
Operation , HighFuelCosts , DispatchProj , 'S-Central_PV-2':7 , 0.0
Operation , HighFuelCosts , DispatchProj , 'S-Commercial_PV':1 , 0.0
Operation , HighFuelCosts , DispatchProj , 'S-Commercial_PV':2 , 0.0
Operation , HighFuelCosts , DispatchProj , 'S-Commercial_PV':3 , 0.0
Operation , HighFuelCosts , DispatchProj , 'S-Commercial_PV':4 , 0.0
Operation , HighFuelCosts , DispatchProj , 'S-Commercial_PV':5 , 0.0
Operation , HighFuelCosts , DispatchProj , 'S-Commercial_PV':6 , 0.0
Operation , HighFuelCosts , DispatchProj , 'S-Commercial_PV':7 , 0.0
Operation , HighFuelCosts , DispatchProj , 'S-Geothermal':1 , 2.90574225
Operation , HighFuelCosts , DispatchProj , 'S-Geothermal':2 , 2.90574225
Operation , HighFuelCosts , DispatchProj , 'S-Geothermal':3 , 2.90574225
Operation , HighFuelCosts , DispatchProj , 'S-Geothermal':4 , 2.90574225
Operation , HighFuelCosts , DispatchProj , 'S-Geothermal':5 , 2.90574225
Operation , HighFuelCosts , DispatchProj , 'S-Geothermal':6 , 2.90574225
Operation , HighFuelCosts , DispatchProj , 'S-Geothermal':7 , 1.78054060385e-09
Operation , HighFuelCosts , DispatchProj , 'S-NG_CC':1 , 3.41225775
Operation , HighFuelCosts , DispatchProj , 'S-NG_CC':2 , 4.46525775
Operation , HighFuelCosts , DispatchProj , 'S-NG_CC':3 , 3.93875775
Operation , HighFuelCosts , DispatchProj , 'S-NG_CC':4 , 4.67585775
Operation , HighFuelCosts , DispatchProj , 'S-NG_CC':5 , 5.37314440538
Operation , HighFuelCosts , DispatchProj , 'S-NG_CC':6 , 5.37314440538
Operation , HighFuelCosts , DispatchProj , 'S-NG_CC':7 , 1.40089173926
Operation , HighFuelCosts , DispatchProj , 'S-NG_CC_CCS':7 , 0.0
Operation , HighFuelCosts , DispatchProj , 'S-NG_GT':1 , 0.0
Operation , HighFuelCosts , DispatchProj , 'S-NG_GT':2 , 0.0
Operation , HighFuelCosts , DispatchProj , 'S-NG_GT':3 , 0.0
Operation , HighFuelCosts , DispatchProj , 'S-NG_GT':4 , 0.0
Operation , HighFuelCosts , DispatchProj , 'S-NG_GT':5 , 0.0
Operation , HighFuelCosts , DispatchProj , 'S-NG_GT':6 , 0.0
Operation , HighFuelCosts , DispatchProj , 'S-NG_GT':7 , 0.0
Operation , HighFuelCosts , DispatchProj , 'S-Residential_PV':1 , 0.0
Operation , HighFuelCosts , DispatchProj , 'S-Residential_PV':2 , 0.0
Operation , HighFuelCosts , DispatchProj , 'S-Residential_PV':3 , 0.0
Operation , HighFuelCosts , DispatchProj , 'S-Residential_PV':4 , 0.0
Operation , HighFuelCosts , DispatchProj , 'S-Residential_PV':5 , 0.0
Operation , HighFuelCosts , DispatchProj , 'S-Residential_PV':6 , 0.0
Operation , HighFuelCosts , DispatchProj , 'S-Residential_PV':7 , 0.0
Operation , HighFuelCosts , ProjFuelUseRate , 'C-Biomass_IGCC':1:'BioSolid' , 0.0
Operation , HighFuelCosts , ProjFuelUseRate , 'C-Biomass_IGCC':2:'BioSolid' , 0.0
Operation , HighFuelCosts , ProjFuelUseRate , 'C-Biomass_IGCC':3:'BioSolid' , 0.0
Operation , HighFuelCosts , ProjFuelUseRate , 'C-Biomass_IGCC':4:'BioSolid' , 0.0
Operation , HighFuelCosts , ProjFuelUseRate , 'C-Biomass_IGCC':5:'BioSolid' , 0.0
Operation , HighFuelCosts , ProjFuelUseRate , 'C-Biomass_IGCC':6:'BioSolid' , 0.0
Operation , HighFuelCosts , ProjFuelUseRate , 'C-Biomass_IGCC':7:'BioSolid' , 0.0
Operation , HighFuelCosts , ProjFuelUseRate , 'C-Coal_IGCC':1:'Coal' , 0.0
Operation , HighFuelCosts , ProjFuelUseRate , 'C-Coal_IGCC':2:'Coal' , 0.0
Operation , HighFuelCosts , ProjFuelUseRate , 'C-Coal_IGCC':3:'Coal' , 0.0
Operation , HighFuelCosts , ProjFuelUseRate , 'C-Coal_IGCC':4:'Coal' , 0.0
Operation , HighFuelCosts , ProjFuelUseRate , 'C-Coal_IGCC':5:'Coal' , 0.0
Operation , HighFuelCosts , ProjFuelUseRate , 'C-Coal_IGCC':6:'Coal' , 0.0
Operation , HighFuelCosts , ProjFuelUseRate , 'C-Coal_IGCC':7:'Coal' , 0.0
Operation , HighFuelCosts , ProjFuelUseRate , 'C-Coal_ST':1:'Coal' , 16.074
Operation , HighFuelCosts , ProjFuelUseRate , 'C-Coal_ST':2:'Coal' , 16.074
Operation , HighFuelCosts , ProjFuelUseRate , 'C-Coal_ST':3:'Coal' , 16.074
Operation , HighFuelCosts , ProjFuelUseRate , 'C-Coal_ST':4:'Coal' , 16.074
Operation , HighFuelCosts , ProjFuelUseRate , 'C-Coal_ST':5:'Coal' , 16.074
Operation , HighFuelCosts , ProjFuelUseRate , 'C-Coal_ST':6:'Coal' , 16.074
Operation , HighFuelCosts , ProjFuelUseRate , 'C-NG_CC':1:'NaturalGas' , 12.8426678424
Operation , HighFuelCosts , ProjFuelUseRate , 'C-NG_CC':2:'NaturalGas' , 0.520907396761
Operation , HighFuelCosts , ProjFuelUseRate , 'C-NG_CC':3:'NaturalGas' , 11.9681639274
Operation , HighFuelCosts , ProjFuelUseRate , 'C-NG_CC':4:'NaturalGas' , 1.84993203677
Operation , HighFuelCosts , ProjFuelUseRate , 'C-NG_CC':5:'NaturalGas' , 10.321420169
Operation , HighFuelCosts , ProjFuelUseRate , 'C-NG_CC':6:'NaturalGas' , 31.7270151954
Operation , HighFuelCosts , ProjFuelUseRate , 'C-NG_CC':7:'NaturalGas' , 57.603061975
Operation , HighFuelCosts , ProjFuelUseRate , 'C-NG_GT':1:'NaturalGas' , 0.0
Operation , HighFuelCosts , ProjFuelUseRate , 'C-NG_GT':2:'NaturalGas' , 0.0
Operation , HighFuelCosts , ProjFuelUseRate , 'C-NG_GT':3:'NaturalGas' , 0.0
Operation , HighFuelCosts , ProjFuelUseRate , 'C-NG_GT':4:'NaturalGas' , 0.0
Operation , HighFuelCosts , ProjFuelUseRate , 'C-NG_GT':5:'NaturalGas' , 0.0
Operation , HighFuelCosts , ProjFuelUseRate , 'C-NG_GT':6:'NaturalGas' , 0.0
Operation , HighFuelCosts , ProjFuelUseRate , 'C-NG_GT':7:'NaturalGas' , 0.0
Operation , HighFuelCosts , ProjFuelUseRate , 'C-Nuclear':7:'Uranium' , 0.0
Operation , HighFuelCosts , ProjFuelUseRate , 'N-Biomass_IGCC':1:'BioSolid' , 0.0
Operation , HighFuelCosts , ProjFuelUseRate , 'N-Biomass_IGCC':2:'BioSolid' , 0.0
Operation , HighFuelCosts , ProjFuelUseRate , 'N-Biomass_IGCC':3:'BioSolid' , 0.0
Operation , HighFuelCosts , ProjFuelUseRate , 'N-Biomass_IGCC':4:'BioSolid' , 0.0
Operation , HighFuelCosts , ProjFuelUseRate , 'N-Biomass_IGCC':5:'BioSolid' , 0.0
Operation , HighFuelCosts , ProjFuelUseRate , 'N-Biomass_IGCC':6:'BioSolid' , 0.0
Operation , HighFuelCosts , ProjFuelUseRate , 'N-Biomass_IGCC':7:'BioSolid' , 0.0
Operation , HighFuelCosts , ProjFuelUseRate , 'N-Biomass_IGCC_CCS':7:'BioSolid' , 0.0
Operation , HighFuelCosts , ProjFuelUseRate , 'N-Coal_IGCC':1:'Coal' , 0.0
Operation , HighFuelCosts , ProjFuelUseRate , 'N-Coal_IGCC':2:'Coal' , 0.0
Operation , HighFuelCosts , ProjFuelUseRate , 'N-Coal_IGCC':3:'Coal' , 0.0
Operation , HighFuelCosts , ProjFuelUseRate , 'N-Coal_IGCC':4:'Coal' , 0.0
Operation , HighFuelCosts , ProjFuelUseRate , 'N-Coal_IGCC':5:'Coal' , 0.0
Operation , HighFuelCosts , ProjFuelUseRate , 'N-Coal_IGCC':6:'Coal' , 0.0
Operation , HighFuelCosts , ProjFuelUseRate , 'N-Coal_IGCC':7:'Coal' , 0.0
Operation , HighFuelCosts , ProjFuelUseRate , 'N-Coal_IGCC_CCS':7:'Coal' , 0.0
Operation , HighFuelCosts , ProjFuelUseRate , 'N-Coal_ST':1:'Coal' , 15.228
Operation , HighFuelCosts , ProjFuelUseRate , 'N-Coal_ST':2:'Coal' , 15.228
Operation , HighFuelCosts , ProjFuelUseRate , 'N-Coal_ST':3:'Coal' , 15.228
Operation , HighFuelCosts , ProjFuelUseRate , 'N-Coal_ST':4:'Coal' , 15.228
Operation , HighFuelCosts , ProjFuelUseRate , 'N-Coal_ST':5:'Coal' , 15.228
Operation , HighFuelCosts , ProjFuelUseRate , 'N-Coal_ST':6:'Coal' , 15.228
Operation , HighFuelCosts , ProjFuelUseRate , 'N-Coal_ST':7:'Coal' , 0.0
Operation , HighFuelCosts , ProjFuelUseRate , 'N-NG_CC':1:'NaturalGas' , 12.9305874712
Operation , HighFuelCosts , ProjFuelUseRate , 'N-NG_CC':2:'NaturalGas' , 8.20289197125
Operation , HighFuelCosts , ProjFuelUseRate , 'N-NG_CC':3:'NaturalGas' , 9.20046187125
Operation , HighFuelCosts , ProjFuelUseRate , 'N-NG_CC':4:'NaturalGas' , 8.74854487125
Operation , HighFuelCosts , ProjFuelUseRate , 'N-NG_CC':5:'NaturalGas' , 9.26925517125
Operation , HighFuelCosts , ProjFuelUseRate , 'N-NG_CC':6:'NaturalGas' , 15.2365761024
Operation , HighFuelCosts , ProjFuelUseRate , 'N-NG_CC':7:'NaturalGas' , 15.2365760923
Operation , HighFuelCosts , ProjFuelUseRate , 'N-NG_CC_CCS':7:'NaturalGas' , 0.0
Operation , HighFuelCosts , ProjFuelUseRate , 'N-NG_GT':1:'NaturalGas' , 0.0
Operation , HighFuelCosts , ProjFuelUseRate , 'N-NG_GT':2:'NaturalGas' , 0.0
Operation , HighFuelCosts , ProjFuelUseRate , 'N-NG_GT':3:'NaturalGas' , 0.0
Operation , HighFuelCosts , ProjFuelUseRate , 'N-NG_GT':4:'NaturalGas' , 0.0
Operation , HighFuelCosts , ProjFuelUseRate , 'N-NG_GT':5:'NaturalGas' , 0.0
Operation , HighFuelCosts , ProjFuelUseRate , 'N-NG_GT':6:'NaturalGas' , 0.0
Operation , HighFuelCosts , ProjFuelUseRate , 'N-NG_GT':7:'NaturalGas' , 0.0
Operation , HighFuelCosts , ProjFuelUseRate , 'N-Nuclear':7:'Uranium' , 0.0
Operation , HighFuelCosts , ProjFuelUseRate , 'S-Biomass_IGCC':1:'BioSolid' , 0.0
Operation , HighFuelCosts , ProjFuelUseRate , 'S-Biomass_IGCC':2:'BioSolid' , 0.0
Operation , HighFuelCosts , ProjFuelUseRate , 'S-Biomass_IGCC':3:'BioSolid' , 0.0
Operation , HighFuelCosts , ProjFuelUseRate , 'S-Biomass_IGCC':4:'BioSolid' , 0.0
Operation , HighFuelCosts , ProjFuelUseRate , 'S-Biomass_IGCC':5:'BioSolid' , 0.0
Operation , HighFuelCosts , ProjFuelUseRate , 'S-Biomass_IGCC':6:'BioSolid' , 0.0
Operation , HighFuelCosts , ProjFuelUseRate , 'S-Biomass_IGCC':7:'BioSolid' , 0.0
Operation , HighFuelCosts , ProjFuelUseRate , 'S-Biomass_IGCC_CCS':7:'BioSolid' , 0.0
Operation , HighFuelCosts , ProjFuelUseRate , 'S-NG_CC':1:'NaturalGas' , 22.8791882137
Operation , HighFuelCosts , ProjFuelUseRate , 'S-NG_CC':2:'NaturalGas' , 29.9395532138
Operation , HighFuelCosts , ProjFuelUseRate , 'S-NG_CC':3:'NaturalGas' , 26.4093707138
Operation , HighFuelCosts , ProjFuelUseRate , 'S-NG_CC':4:'NaturalGas' , 31.3516262138
Operation , HighFuelCosts , ProjFuelUseRate , 'S-NG_CC':5:'NaturalGas' , 36.0269332381
Operation , HighFuelCosts , ProjFuelUseRate , 'S-NG_CC':6:'NaturalGas' , 36.0269332381
Operation , HighFuelCosts , ProjFuelUseRate , 'S-NG_CC':7:'NaturalGas' , 9.39297911176
Operation , HighFuelCosts , ProjFuelUseRate , 'S-NG_CC_CCS':7:'NaturalGas' , 0.0
Operation , HighFuelCosts , ProjFuelUseRate , 'S-NG_GT':1:'NaturalGas' , 0.0
Operation , HighFuelCosts , ProjFuelUseRate , 'S-NG_GT':2:'NaturalGas' , 0.0
Operation , HighFuelCosts , ProjFuelUseRate , 'S-NG_GT':3:'NaturalGas' , 0.0
Operation , HighFuelCosts , ProjFuelUseRate , 'S-NG_GT':4:'NaturalGas' , 0.0
Operation , HighFuelCosts , ProjFuelUseRate , 'S-NG_GT':5:'NaturalGas' , 0.0
Operation , HighFuelCosts , ProjFuelUseRate , 'S-NG_GT':6:'NaturalGas' , 0.0
Operation , HighFuelCosts , ProjFuelUseRate , 'S-NG_GT':7:'NaturalGas' , 0.0
Operation , HighFuelCosts , OperationCost , None , 58306420.1676
